#! /home/abdrhmn/.apio/packages/oss-cad-suite/bin/vvp
:ivl_version "14.0 (devel)" "(s20251012-140-g8d7f5d41c)";
:ivl_delay_selection "TYPICAL";
:vpi_time_precision - 12;
:vpi_module "/home/abdrhmn/.apio/packages/oss-cad-suite/lib/ivl/system.vpi";
:vpi_module "/home/abdrhmn/.apio/packages/oss-cad-suite/lib/ivl/vhdl_sys.vpi";
:vpi_module "/home/abdrhmn/.apio/packages/oss-cad-suite/lib/ivl/vhdl_textio.vpi";
:vpi_module "/home/abdrhmn/.apio/packages/oss-cad-suite/lib/ivl/v2005_math.vpi";
:vpi_module "/home/abdrhmn/.apio/packages/oss-cad-suite/lib/ivl/va_math.vpi";
:vpi_module "/home/abdrhmn/.apio/packages/oss-cad-suite/lib/ivl/v2009.vpi";
S_0x55556db54610 .scope package, "$unit" "$unit" 2 1;
 .timescale 0 0;
S_0x55556dce7b80 .scope module, "ICESTORM_LC" "ICESTORM_LC" 3 2136;
 .timescale -12 -12;
    .port_info 0 /INPUT 1 "I0";
    .port_info 1 /INPUT 1 "I1";
    .port_info 2 /INPUT 1 "I2";
    .port_info 3 /INPUT 1 "I3";
    .port_info 4 /INPUT 1 "CIN";
    .port_info 5 /INPUT 1 "CLK";
    .port_info 6 /INPUT 1 "CEN";
    .port_info 7 /INPUT 1 "SR";
    .port_info 8 /OUTPUT 1 "LO";
    .port_info 9 /OUTPUT 1 "O";
    .port_info 10 /OUTPUT 1 "COUT";
P_0x55556dcac5b0 .param/l "ASYNC_SR" 0 3 2148, C4<0>;
P_0x55556dcac5f0 .param/l "CARRY_ENABLE" 0 3 2145, C4<0>;
P_0x55556dcac630 .param/l "CIN_CONST" 0 3 2150, C4<0>;
P_0x55556dcac670 .param/l "CIN_SET" 0 3 2151, C4<0>;
P_0x55556dcac6b0 .param/l "DFF_ENABLE" 0 3 2146, C4<0>;
P_0x55556dcac6f0 .param/l "LUT_INIT" 0 3 2142, C4<0000000000000000>;
P_0x55556dcac730 .param/l "NEG_CLK" 0 3 2144, C4<0>;
P_0x55556dcac770 .param/l "SET_NORESET" 0 3 2147, C4<0>;
o0x7f6ebc9cf078 .functor BUFZ 1, c4<z>; HiZ drive
L_0x55556db41d90 .functor BUFZ 1, o0x7f6ebc9cf078, C4<0>, C4<0>, C4<0>;
L_0x55556dd2a4d0 .functor BUFZ 1, L_0x55556dd2b250, C4<0>, C4<0>, C4<0>;
o0x7f6ebc9cf0a8 .functor BUFZ 1, c4<z>; HiZ drive
L_0x7f6ebc9862a0 .functor BUFT 1, C4<0>, C4<0>, C4<0>, C4<0>;
L_0x55556dd2b4f0 .functor XOR 1, o0x7f6ebc9cf0a8, L_0x7f6ebc9862a0, C4<0>, C4<0>;
L_0x55556dd2b5b0 .functor BUFZ 1, L_0x55556dd2b250, C4<0>, C4<0>, C4<0>;
o0x7f6ebc9cf018 .functor BUFZ 1, c4<z>; HiZ drive
v0x55556dc88f10_0 .net "CEN", 0 0, o0x7f6ebc9cf018;  0 drivers
v0x55556dc517a0_0 .net "CEN_pu", 0 0, L_0x55556dd2a430;  1 drivers
v0x55556dc50850_0 .net "CIN", 0 0, o0x7f6ebc9cf078;  0 drivers
v0x55556dc4f900_0 .net "CLK", 0 0, o0x7f6ebc9cf0a8;  0 drivers
L_0x7f6ebc9861c8 .functor BUFT 1, C4<x>, C4<0>, C4<0>, C4<0>;
v0x55556dc4e9b0_0 .net "COUT", 0 0, L_0x7f6ebc9861c8;  1 drivers
o0x7f6ebc9cf108 .functor BUFZ 1, c4<z>; HiZ drive
v0x55556dc4da60_0 .net "I0", 0 0, o0x7f6ebc9cf108;  0 drivers
v0x55556da5ed40_0 .net "I0_pd", 0 0, L_0x55556dd296c0;  1 drivers
o0x7f6ebc9cf168 .functor BUFZ 1, c4<z>; HiZ drive
v0x55556dac00e0_0 .net "I1", 0 0, o0x7f6ebc9cf168;  0 drivers
v0x55556dac01a0_0 .net "I1_pd", 0 0, L_0x55556dd29900;  1 drivers
o0x7f6ebc9cf1c8 .functor BUFZ 1, c4<z>; HiZ drive
v0x55556dac0260_0 .net "I2", 0 0, o0x7f6ebc9cf1c8;  0 drivers
v0x55556dac8480_0 .net "I2_pd", 0 0, L_0x55556dd29bf0;  1 drivers
o0x7f6ebc9cf228 .functor BUFZ 1, c4<z>; HiZ drive
v0x55556dac8540_0 .net "I3", 0 0, o0x7f6ebc9cf228;  0 drivers
v0x55556dac8600_0 .net "I3_pd", 0 0, L_0x55556dd29e90;  1 drivers
v0x55556dac86c0_0 .net "LO", 0 0, L_0x55556dd2a4d0;  1 drivers
v0x55556dac8780_0 .net "O", 0 0, L_0x55556dd2b5b0;  1 drivers
o0x7f6ebc9cf2e8 .functor BUFZ 1, c4<z>; HiZ drive
v0x55556dac8840_0 .net "SR", 0 0, o0x7f6ebc9cf2e8;  0 drivers
v0x55556dac8900_0 .net "SR_pd", 0 0, L_0x55556dd2a1c0;  1 drivers
o0x7f6ebc9cf348 .functor BUFZ 1, c4<z>; HiZ drive
; Elide local net with no drivers, v0x55556dac49f0_0 name=_ivl_0
v0x55556dac4ad0_0 .net *"_ivl_10", 0 0, L_0x55556dd29830;  1 drivers
L_0x7f6ebc986060 .functor BUFT 1, C4<0>, C4<0>, C4<0>, C4<0>;
v0x55556dac4b90_0 .net/2u *"_ivl_12", 0 0, L_0x7f6ebc986060;  1 drivers
o0x7f6ebc9cf3d8 .functor BUFZ 1, c4<z>; HiZ drive
; Elide local net with no drivers, v0x55556dac4c70_0 name=_ivl_16
v0x55556dac4d50_0 .net *"_ivl_18", 0 0, L_0x55556dd29af0;  1 drivers
v0x55556daca350_0 .net *"_ivl_2", 0 0, L_0x55556dd29560;  1 drivers
L_0x7f6ebc9860a8 .functor BUFT 1, C4<0>, C4<0>, C4<0>, C4<0>;
v0x55556daca410_0 .net/2u *"_ivl_20", 0 0, L_0x7f6ebc9860a8;  1 drivers
o0x7f6ebc9cf498 .functor BUFZ 1, c4<z>; HiZ drive
; Elide local net with no drivers, v0x55556daca4f0_0 name=_ivl_24
v0x55556daca5d0_0 .net *"_ivl_26", 0 0, L_0x55556dd29dc0;  1 drivers
L_0x7f6ebc9860f0 .functor BUFT 1, C4<0>, C4<0>, C4<0>, C4<0>;
v0x55556daca690_0 .net/2u *"_ivl_28", 0 0, L_0x7f6ebc9860f0;  1 drivers
o0x7f6ebc9cf528 .functor BUFZ 1, c4<z>; HiZ drive
; Elide local net with no drivers, v0x55556daca770_0 name=_ivl_32
v0x55556dac67b0_0 .net *"_ivl_34", 0 0, L_0x55556dd2a0a0;  1 drivers
L_0x7f6ebc986138 .functor BUFT 1, C4<0>, C4<0>, C4<0>, C4<0>;
v0x55556dac6870_0 .net/2u *"_ivl_36", 0 0, L_0x7f6ebc986138;  1 drivers
L_0x7f6ebc986018 .functor BUFT 1, C4<0>, C4<0>, C4<0>, C4<0>;
v0x55556dac6950_0 .net/2u *"_ivl_4", 0 0, L_0x7f6ebc986018;  1 drivers
o0x7f6ebc9cf5e8 .functor BUFZ 1, c4<z>; HiZ drive
; Elide local net with no drivers, v0x55556dac6a30_0 name=_ivl_40
v0x55556dac6b10_0 .net *"_ivl_42", 0 0, L_0x55556dd2a360;  1 drivers
L_0x7f6ebc986180 .functor BUFT 1, C4<1>, C4<0>, C4<0>, C4<0>;
v0x55556dabd0b0_0 .net/2u *"_ivl_44", 0 0, L_0x7f6ebc986180;  1 drivers
L_0x7f6ebc986210 .functor BUFT 1, C4<00000000>, C4<0>, C4<0>, C4<0>;
v0x55556dabd190_0 .net/2u *"_ivl_52", 7 0, L_0x7f6ebc986210;  1 drivers
L_0x7f6ebc986258 .functor BUFT 1, C4<00000000>, C4<0>, C4<0>, C4<0>;
v0x55556dabd270_0 .net/2u *"_ivl_54", 7 0, L_0x7f6ebc986258;  1 drivers
v0x55556dac6bb0_0 .net *"_ivl_59", 3 0, L_0x55556dd2a8c0;  1 drivers
v0x55556dabbb30_0 .net *"_ivl_61", 3 0, L_0x55556dd2aa30;  1 drivers
v0x55556dabbc10_0 .net *"_ivl_65", 1 0, L_0x55556dd2acf0;  1 drivers
v0x55556dabbcf0_0 .net *"_ivl_67", 1 0, L_0x55556dd2ade0;  1 drivers
v0x55556dabbdd0_0 .net *"_ivl_71", 0 0, L_0x55556dd2b0b0;  1 drivers
v0x55556dabbeb0_0 .net *"_ivl_73", 0 0, L_0x55556dd2ae80;  1 drivers
v0x55556dabbf90_0 .net/2u *"_ivl_78", 0 0, L_0x7f6ebc9862a0;  1 drivers
o0x7f6ebc9cf828 .functor BUFZ 1, c4<z>; HiZ drive
; Elide local net with no drivers, v0x55556dab7f90_0 name=_ivl_8
v0x55556dab8070_0 .net "lut_o", 0 0, L_0x55556dd2b250;  1 drivers
v0x55556dab8130_0 .net "lut_s1", 1 0, L_0x55556dd2af20;  1 drivers
v0x55556dab8210_0 .net "lut_s2", 3 0, L_0x55556dd2aad0;  1 drivers
v0x55556dab82f0_0 .net "lut_s3", 7 0, L_0x55556dd2a750;  1 drivers
v0x55556dab83d0_0 .net "mux_cin", 0 0, L_0x55556db41d90;  1 drivers
v0x55556dab43a0_0 .var "o_reg", 0 0;
v0x55556dab4460_0 .var "o_reg_async", 0 0;
v0x55556dab4520_0 .net "polarized_clk", 0 0, L_0x55556dd2b4f0;  1 drivers
E_0x55556dcc50a0 .event posedge, v0x55556dac8900_0, v0x55556dab4520_0;
E_0x55556dcb26c0 .event posedge, v0x55556dab4520_0;
L_0x55556dd29560 .cmp/eeq 1, o0x7f6ebc9cf108, o0x7f6ebc9cf348;
L_0x55556dd296c0 .functor MUXZ 1, o0x7f6ebc9cf108, L_0x7f6ebc986018, L_0x55556dd29560, C4<>;
L_0x55556dd29830 .cmp/eeq 1, o0x7f6ebc9cf168, o0x7f6ebc9cf828;
L_0x55556dd29900 .functor MUXZ 1, o0x7f6ebc9cf168, L_0x7f6ebc986060, L_0x55556dd29830, C4<>;
L_0x55556dd29af0 .cmp/eeq 1, o0x7f6ebc9cf1c8, o0x7f6ebc9cf3d8;
L_0x55556dd29bf0 .functor MUXZ 1, o0x7f6ebc9cf1c8, L_0x7f6ebc9860a8, L_0x55556dd29af0, C4<>;
L_0x55556dd29dc0 .cmp/eeq 1, o0x7f6ebc9cf228, o0x7f6ebc9cf498;
L_0x55556dd29e90 .functor MUXZ 1, o0x7f6ebc9cf228, L_0x7f6ebc9860f0, L_0x55556dd29dc0, C4<>;
L_0x55556dd2a0a0 .cmp/eeq 1, o0x7f6ebc9cf2e8, o0x7f6ebc9cf528;
L_0x55556dd2a1c0 .functor MUXZ 1, o0x7f6ebc9cf2e8, L_0x7f6ebc986138, L_0x55556dd2a0a0, C4<>;
L_0x55556dd2a360 .cmp/eeq 1, o0x7f6ebc9cf018, o0x7f6ebc9cf5e8;
L_0x55556dd2a430 .functor MUXZ 1, o0x7f6ebc9cf018, L_0x7f6ebc986180, L_0x55556dd2a360, C4<>;
L_0x55556dd2a750 .functor MUXZ 8, L_0x7f6ebc986258, L_0x7f6ebc986210, L_0x55556dd29e90, C4<>;
L_0x55556dd2a8c0 .part L_0x55556dd2a750, 4, 4;
L_0x55556dd2aa30 .part L_0x55556dd2a750, 0, 4;
L_0x55556dd2aad0 .functor MUXZ 4, L_0x55556dd2aa30, L_0x55556dd2a8c0, L_0x55556dd29bf0, C4<>;
L_0x55556dd2acf0 .part L_0x55556dd2aad0, 2, 2;
L_0x55556dd2ade0 .part L_0x55556dd2aad0, 0, 2;
L_0x55556dd2af20 .functor MUXZ 2, L_0x55556dd2ade0, L_0x55556dd2acf0, L_0x55556dd29900, C4<>;
L_0x55556dd2b0b0 .part L_0x55556dd2af20, 1, 1;
L_0x55556dd2ae80 .part L_0x55556dd2af20, 0, 1;
L_0x55556dd2b250 .functor MUXZ 1, L_0x55556dd2ae80, L_0x55556dd2b0b0, L_0x55556dd296c0, C4<>;
S_0x55556dcaf110 .scope module, "ICESTORM_RAM" "ICESTORM_RAM" 3 3167;
 .timescale -12 -12;
    .port_info 0 /OUTPUT 1 "RDATA_15";
    .port_info 1 /OUTPUT 1 "RDATA_14";
    .port_info 2 /OUTPUT 1 "RDATA_13";
    .port_info 3 /OUTPUT 1 "RDATA_12";
    .port_info 4 /OUTPUT 1 "RDATA_11";
    .port_info 5 /OUTPUT 1 "RDATA_10";
    .port_info 6 /OUTPUT 1 "RDATA_9";
    .port_info 7 /OUTPUT 1 "RDATA_8";
    .port_info 8 /OUTPUT 1 "RDATA_7";
    .port_info 9 /OUTPUT 1 "RDATA_6";
    .port_info 10 /OUTPUT 1 "RDATA_5";
    .port_info 11 /OUTPUT 1 "RDATA_4";
    .port_info 12 /OUTPUT 1 "RDATA_3";
    .port_info 13 /OUTPUT 1 "RDATA_2";
    .port_info 14 /OUTPUT 1 "RDATA_1";
    .port_info 15 /OUTPUT 1 "RDATA_0";
    .port_info 16 /INPUT 1 "RCLK";
    .port_info 17 /INPUT 1 "RCLKE";
    .port_info 18 /INPUT 1 "RE";
    .port_info 19 /INPUT 1 "RADDR_10";
    .port_info 20 /INPUT 1 "RADDR_9";
    .port_info 21 /INPUT 1 "RADDR_8";
    .port_info 22 /INPUT 1 "RADDR_7";
    .port_info 23 /INPUT 1 "RADDR_6";
    .port_info 24 /INPUT 1 "RADDR_5";
    .port_info 25 /INPUT 1 "RADDR_4";
    .port_info 26 /INPUT 1 "RADDR_3";
    .port_info 27 /INPUT 1 "RADDR_2";
    .port_info 28 /INPUT 1 "RADDR_1";
    .port_info 29 /INPUT 1 "RADDR_0";
    .port_info 30 /INPUT 1 "WCLK";
    .port_info 31 /INPUT 1 "WCLKE";
    .port_info 32 /INPUT 1 "WE";
    .port_info 33 /INPUT 1 "WADDR_10";
    .port_info 34 /INPUT 1 "WADDR_9";
    .port_info 35 /INPUT 1 "WADDR_8";
    .port_info 36 /INPUT 1 "WADDR_7";
    .port_info 37 /INPUT 1 "WADDR_6";
    .port_info 38 /INPUT 1 "WADDR_5";
    .port_info 39 /INPUT 1 "WADDR_4";
    .port_info 40 /INPUT 1 "WADDR_3";
    .port_info 41 /INPUT 1 "WADDR_2";
    .port_info 42 /INPUT 1 "WADDR_1";
    .port_info 43 /INPUT 1 "WADDR_0";
    .port_info 44 /INPUT 1 "MASK_15";
    .port_info 45 /INPUT 1 "MASK_14";
    .port_info 46 /INPUT 1 "MASK_13";
    .port_info 47 /INPUT 1 "MASK_12";
    .port_info 48 /INPUT 1 "MASK_11";
    .port_info 49 /INPUT 1 "MASK_10";
    .port_info 50 /INPUT 1 "MASK_9";
    .port_info 51 /INPUT 1 "MASK_8";
    .port_info 52 /INPUT 1 "MASK_7";
    .port_info 53 /INPUT 1 "MASK_6";
    .port_info 54 /INPUT 1 "MASK_5";
    .port_info 55 /INPUT 1 "MASK_4";
    .port_info 56 /INPUT 1 "MASK_3";
    .port_info 57 /INPUT 1 "MASK_2";
    .port_info 58 /INPUT 1 "MASK_1";
    .port_info 59 /INPUT 1 "MASK_0";
    .port_info 60 /INPUT 1 "WDATA_15";
    .port_info 61 /INPUT 1 "WDATA_14";
    .port_info 62 /INPUT 1 "WDATA_13";
    .port_info 63 /INPUT 1 "WDATA_12";
    .port_info 64 /INPUT 1 "WDATA_11";
    .port_info 65 /INPUT 1 "WDATA_10";
    .port_info 66 /INPUT 1 "WDATA_9";
    .port_info 67 /INPUT 1 "WDATA_8";
    .port_info 68 /INPUT 1 "WDATA_7";
    .port_info 69 /INPUT 1 "WDATA_6";
    .port_info 70 /INPUT 1 "WDATA_5";
    .port_info 71 /INPUT 1 "WDATA_4";
    .port_info 72 /INPUT 1 "WDATA_3";
    .port_info 73 /INPUT 1 "WDATA_2";
    .port_info 74 /INPUT 1 "WDATA_1";
    .port_info 75 /INPUT 1 "WDATA_0";
P_0x55556daaa1f0 .param/l "INIT_0" 0 3 3182, C4<0000000000000000000000000000000000000000000000000000000000000000000000000000000000000000000000000000000000000000000000000000000000000000000000000000000000000000000000000000000000000000000000000000000000000000000000000000000000000000000000000000000000000000>;
P_0x55556daaa230 .param/l "INIT_1" 0 3 3183, C4<0000000000000000000000000000000000000000000000000000000000000000000000000000000000000000000000000000000000000000000000000000000000000000000000000000000000000000000000000000000000000000000000000000000000000000000000000000000000000000000000000000000000000000>;
P_0x55556daaa270 .param/l "INIT_2" 0 3 3184, C4<0000000000000000000000000000000000000000000000000000000000000000000000000000000000000000000000000000000000000000000000000000000000000000000000000000000000000000000000000000000000000000000000000000000000000000000000000000000000000000000000000000000000000000>;
P_0x55556daaa2b0 .param/l "INIT_3" 0 3 3185, C4<0000000000000000000000000000000000000000000000000000000000000000000000000000000000000000000000000000000000000000000000000000000000000000000000000000000000000000000000000000000000000000000000000000000000000000000000000000000000000000000000000000000000000000>;
P_0x55556daaa2f0 .param/l "INIT_4" 0 3 3186, C4<0000000000000000000000000000000000000000000000000000000000000000000000000000000000000000000000000000000000000000000000000000000000000000000000000000000000000000000000000000000000000000000000000000000000000000000000000000000000000000000000000000000000000000>;
P_0x55556daaa330 .param/l "INIT_5" 0 3 3187, C4<0000000000000000000000000000000000000000000000000000000000000000000000000000000000000000000000000000000000000000000000000000000000000000000000000000000000000000000000000000000000000000000000000000000000000000000000000000000000000000000000000000000000000000>;
P_0x55556daaa370 .param/l "INIT_6" 0 3 3188, C4<0000000000000000000000000000000000000000000000000000000000000000000000000000000000000000000000000000000000000000000000000000000000000000000000000000000000000000000000000000000000000000000000000000000000000000000000000000000000000000000000000000000000000000>;
P_0x55556daaa3b0 .param/l "INIT_7" 0 3 3189, C4<0000000000000000000000000000000000000000000000000000000000000000000000000000000000000000000000000000000000000000000000000000000000000000000000000000000000000000000000000000000000000000000000000000000000000000000000000000000000000000000000000000000000000000>;
P_0x55556daaa3f0 .param/l "INIT_8" 0 3 3190, C4<0000000000000000000000000000000000000000000000000000000000000000000000000000000000000000000000000000000000000000000000000000000000000000000000000000000000000000000000000000000000000000000000000000000000000000000000000000000000000000000000000000000000000000>;
P_0x55556daaa430 .param/l "INIT_9" 0 3 3191, C4<0000000000000000000000000000000000000000000000000000000000000000000000000000000000000000000000000000000000000000000000000000000000000000000000000000000000000000000000000000000000000000000000000000000000000000000000000000000000000000000000000000000000000000>;
P_0x55556daaa470 .param/l "INIT_A" 0 3 3192, C4<0000000000000000000000000000000000000000000000000000000000000000000000000000000000000000000000000000000000000000000000000000000000000000000000000000000000000000000000000000000000000000000000000000000000000000000000000000000000000000000000000000000000000000>;
P_0x55556daaa4b0 .param/l "INIT_B" 0 3 3193, C4<0000000000000000000000000000000000000000000000000000000000000000000000000000000000000000000000000000000000000000000000000000000000000000000000000000000000000000000000000000000000000000000000000000000000000000000000000000000000000000000000000000000000000000>;
P_0x55556daaa4f0 .param/l "INIT_C" 0 3 3194, C4<0000000000000000000000000000000000000000000000000000000000000000000000000000000000000000000000000000000000000000000000000000000000000000000000000000000000000000000000000000000000000000000000000000000000000000000000000000000000000000000000000000000000000000>;
P_0x55556daaa530 .param/l "INIT_D" 0 3 3195, C4<0000000000000000000000000000000000000000000000000000000000000000000000000000000000000000000000000000000000000000000000000000000000000000000000000000000000000000000000000000000000000000000000000000000000000000000000000000000000000000000000000000000000000000>;
P_0x55556daaa570 .param/l "INIT_E" 0 3 3196, C4<0000000000000000000000000000000000000000000000000000000000000000000000000000000000000000000000000000000000000000000000000000000000000000000000000000000000000000000000000000000000000000000000000000000000000000000000000000000000000000000000000000000000000000>;
P_0x55556daaa5b0 .param/l "INIT_F" 0 3 3197, C4<0000000000000000000000000000000000000000000000000000000000000000000000000000000000000000000000000000000000000000000000000000000000000000000000000000000000000000000000000000000000000000000000000000000000000000000000000000000000000000000000000000000000000000>;
P_0x55556daaa5f0 .param/l "NEG_CLK_R" 0 3 3179, C4<0>;
P_0x55556daaa630 .param/l "NEG_CLK_W" 0 3 3180, C4<0>;
P_0x55556daaa670 .param/l "READ_MODE" 0 3 3177, +C4<00000000000000000000000000000000>;
P_0x55556daaa6b0 .param/l "WRITE_MODE" 0 3 3176, +C4<00000000000000000000000000000000>;
L_0x7f6ebc986330 .functor BUFT 1, C4<0>, C4<0>, C4<0>, C4<0>;
L_0x55556dd3c2e0 .functor XOR 1, L_0x55556dd3c9b0, L_0x7f6ebc986330, C4<0>, C4<0>;
L_0x7f6ebc986378 .functor BUFT 1, C4<0>, C4<0>, C4<0>, C4<0>;
L_0x55556dd3e320 .functor XOR 1, L_0x55556dd3e170, L_0x7f6ebc986378, C4<0>, C4<0>;
o0x7f6ebc9d01b8 .functor BUFZ 1, c4<z>; HiZ drive
v0x55556dcf17d0_0 .net "MASK_0", 0 0, o0x7f6ebc9d01b8;  0 drivers
o0x7f6ebc9d01e8 .functor BUFZ 1, c4<z>; HiZ drive
v0x55556dcf18b0_0 .net "MASK_1", 0 0, o0x7f6ebc9d01e8;  0 drivers
o0x7f6ebc9d0218 .functor BUFZ 1, c4<z>; HiZ drive
v0x55556dcf1970_0 .net "MASK_10", 0 0, o0x7f6ebc9d0218;  0 drivers
o0x7f6ebc9d0248 .functor BUFZ 1, c4<z>; HiZ drive
v0x55556dcf1a10_0 .net "MASK_11", 0 0, o0x7f6ebc9d0248;  0 drivers
o0x7f6ebc9d0278 .functor BUFZ 1, c4<z>; HiZ drive
v0x55556dcf1ad0_0 .net "MASK_12", 0 0, o0x7f6ebc9d0278;  0 drivers
o0x7f6ebc9d02a8 .functor BUFZ 1, c4<z>; HiZ drive
v0x55556dcf1be0_0 .net "MASK_13", 0 0, o0x7f6ebc9d02a8;  0 drivers
o0x7f6ebc9d02d8 .functor BUFZ 1, c4<z>; HiZ drive
v0x55556dcf1ca0_0 .net "MASK_14", 0 0, o0x7f6ebc9d02d8;  0 drivers
o0x7f6ebc9d0308 .functor BUFZ 1, c4<z>; HiZ drive
v0x55556dcf1d60_0 .net "MASK_15", 0 0, o0x7f6ebc9d0308;  0 drivers
o0x7f6ebc9d0338 .functor BUFZ 1, c4<z>; HiZ drive
v0x55556dcf1e20_0 .net "MASK_2", 0 0, o0x7f6ebc9d0338;  0 drivers
o0x7f6ebc9d0368 .functor BUFZ 1, c4<z>; HiZ drive
v0x55556dcf1ee0_0 .net "MASK_3", 0 0, o0x7f6ebc9d0368;  0 drivers
o0x7f6ebc9d0398 .functor BUFZ 1, c4<z>; HiZ drive
v0x55556dcf1fa0_0 .net "MASK_4", 0 0, o0x7f6ebc9d0398;  0 drivers
o0x7f6ebc9d03c8 .functor BUFZ 1, c4<z>; HiZ drive
v0x55556dcf2060_0 .net "MASK_5", 0 0, o0x7f6ebc9d03c8;  0 drivers
o0x7f6ebc9d03f8 .functor BUFZ 1, c4<z>; HiZ drive
v0x55556dcf2120_0 .net "MASK_6", 0 0, o0x7f6ebc9d03f8;  0 drivers
o0x7f6ebc9d0428 .functor BUFZ 1, c4<z>; HiZ drive
v0x55556dcf21e0_0 .net "MASK_7", 0 0, o0x7f6ebc9d0428;  0 drivers
o0x7f6ebc9d0458 .functor BUFZ 1, c4<z>; HiZ drive
v0x55556dcf22a0_0 .net "MASK_8", 0 0, o0x7f6ebc9d0458;  0 drivers
o0x7f6ebc9d0488 .functor BUFZ 1, c4<z>; HiZ drive
v0x55556dcf2360_0 .net "MASK_9", 0 0, o0x7f6ebc9d0488;  0 drivers
o0x7f6ebc9d04b8 .functor BUFZ 1, c4<z>; HiZ drive
v0x55556dcf2420_0 .net "RADDR_0", 0 0, o0x7f6ebc9d04b8;  0 drivers
o0x7f6ebc9d04e8 .functor BUFZ 1, c4<z>; HiZ drive
v0x55556dcf25f0_0 .net "RADDR_1", 0 0, o0x7f6ebc9d04e8;  0 drivers
o0x7f6ebc9d0518 .functor BUFZ 1, c4<z>; HiZ drive
v0x55556dcf26b0_0 .net "RADDR_10", 0 0, o0x7f6ebc9d0518;  0 drivers
o0x7f6ebc9d0548 .functor BUFZ 1, c4<z>; HiZ drive
v0x55556dcf2770_0 .net "RADDR_2", 0 0, o0x7f6ebc9d0548;  0 drivers
o0x7f6ebc9d0578 .functor BUFZ 1, c4<z>; HiZ drive
v0x55556dcf2830_0 .net "RADDR_3", 0 0, o0x7f6ebc9d0578;  0 drivers
o0x7f6ebc9d05a8 .functor BUFZ 1, c4<z>; HiZ drive
v0x55556dcf28f0_0 .net "RADDR_4", 0 0, o0x7f6ebc9d05a8;  0 drivers
o0x7f6ebc9d05d8 .functor BUFZ 1, c4<z>; HiZ drive
v0x55556dcf29b0_0 .net "RADDR_5", 0 0, o0x7f6ebc9d05d8;  0 drivers
o0x7f6ebc9d0608 .functor BUFZ 1, c4<z>; HiZ drive
v0x55556dcf2a70_0 .net "RADDR_6", 0 0, o0x7f6ebc9d0608;  0 drivers
o0x7f6ebc9d0638 .functor BUFZ 1, c4<z>; HiZ drive
v0x55556dcf2b30_0 .net "RADDR_7", 0 0, o0x7f6ebc9d0638;  0 drivers
o0x7f6ebc9d0668 .functor BUFZ 1, c4<z>; HiZ drive
v0x55556dcf2bf0_0 .net "RADDR_8", 0 0, o0x7f6ebc9d0668;  0 drivers
o0x7f6ebc9d0698 .functor BUFZ 1, c4<z>; HiZ drive
v0x55556dcf2cb0_0 .net "RADDR_9", 0 0, o0x7f6ebc9d0698;  0 drivers
o0x7f6ebc9d06c8 .functor BUFZ 1, c4<z>; HiZ drive
v0x55556dcf2d70_0 .net "RCLK", 0 0, o0x7f6ebc9d06c8;  0 drivers
o0x7f6ebc9d06f8 .functor BUFZ 1, c4<z>; HiZ drive
v0x55556dcf2e30_0 .net "RCLKE", 0 0, o0x7f6ebc9d06f8;  0 drivers
v0x55556dcf2ef0_0 .net "RDATA_0", 0 0, L_0x55556dd3c850;  1 drivers
v0x55556dcf2fb0_0 .net "RDATA_1", 0 0, L_0x55556dd3c570;  1 drivers
v0x55556dcf3070_0 .net "RDATA_10", 0 0, L_0x55556dd3bc70;  1 drivers
v0x55556dcf3130_0 .net "RDATA_11", 0 0, L_0x55556dd3bba0;  1 drivers
v0x55556dcf3400_0 .net "RDATA_12", 0 0, L_0x55556dd3baa0;  1 drivers
v0x55556dcf34c0_0 .net "RDATA_13", 0 0, L_0x55556dd3b9d0;  1 drivers
v0x55556dcf3580_0 .net "RDATA_14", 0 0, L_0x55556dd3b930;  1 drivers
v0x55556dcf3640_0 .net "RDATA_15", 0 0, L_0x55556dd3b810;  1 drivers
v0x55556dcf3700_0 .net "RDATA_2", 0 0, L_0x55556dd3c420;  1 drivers
v0x55556dcf37c0_0 .net "RDATA_3", 0 0, L_0x55556dd3c350;  1 drivers
v0x55556dcf3880_0 .net "RDATA_4", 0 0, L_0x55556dd3c210;  1 drivers
v0x55556dcf3940_0 .net "RDATA_5", 0 0, L_0x55556dd3c140;  1 drivers
v0x55556dcf3a00_0 .net "RDATA_6", 0 0, L_0x55556dd3c010;  1 drivers
v0x55556dcf3ac0_0 .net "RDATA_7", 0 0, L_0x55556dd3bf40;  1 drivers
v0x55556dcf3b80_0 .net "RDATA_8", 0 0, L_0x55556dd3be20;  1 drivers
v0x55556dcf3c40_0 .net "RDATA_9", 0 0, L_0x55556dd3bd80;  1 drivers
o0x7f6ebc9d0a28 .functor BUFZ 1, c4<z>; HiZ drive
v0x55556dcf3d00_0 .net "RE", 0 0, o0x7f6ebc9d0a28;  0 drivers
o0x7f6ebc9d0a58 .functor BUFZ 1, c4<z>; HiZ drive
v0x55556dcf3dc0_0 .net "WADDR_0", 0 0, o0x7f6ebc9d0a58;  0 drivers
o0x7f6ebc9d0a88 .functor BUFZ 1, c4<z>; HiZ drive
v0x55556dcf3e80_0 .net "WADDR_1", 0 0, o0x7f6ebc9d0a88;  0 drivers
o0x7f6ebc9d0ab8 .functor BUFZ 1, c4<z>; HiZ drive
v0x55556dcf3f40_0 .net "WADDR_10", 0 0, o0x7f6ebc9d0ab8;  0 drivers
o0x7f6ebc9d0ae8 .functor BUFZ 1, c4<z>; HiZ drive
v0x55556dcf4000_0 .net "WADDR_2", 0 0, o0x7f6ebc9d0ae8;  0 drivers
o0x7f6ebc9d0b18 .functor BUFZ 1, c4<z>; HiZ drive
v0x55556dcf40c0_0 .net "WADDR_3", 0 0, o0x7f6ebc9d0b18;  0 drivers
o0x7f6ebc9d0b48 .functor BUFZ 1, c4<z>; HiZ drive
v0x55556dcf4180_0 .net "WADDR_4", 0 0, o0x7f6ebc9d0b48;  0 drivers
o0x7f6ebc9d0b78 .functor BUFZ 1, c4<z>; HiZ drive
v0x55556dcf4240_0 .net "WADDR_5", 0 0, o0x7f6ebc9d0b78;  0 drivers
o0x7f6ebc9d0ba8 .functor BUFZ 1, c4<z>; HiZ drive
v0x55556dcf4300_0 .net "WADDR_6", 0 0, o0x7f6ebc9d0ba8;  0 drivers
o0x7f6ebc9d0bd8 .functor BUFZ 1, c4<z>; HiZ drive
v0x55556dcf43c0_0 .net "WADDR_7", 0 0, o0x7f6ebc9d0bd8;  0 drivers
o0x7f6ebc9d0c08 .functor BUFZ 1, c4<z>; HiZ drive
v0x55556dcf4480_0 .net "WADDR_8", 0 0, o0x7f6ebc9d0c08;  0 drivers
o0x7f6ebc9d0c38 .functor BUFZ 1, c4<z>; HiZ drive
v0x55556dcf4540_0 .net "WADDR_9", 0 0, o0x7f6ebc9d0c38;  0 drivers
o0x7f6ebc9d0c68 .functor BUFZ 1, c4<z>; HiZ drive
v0x55556dcf4600_0 .net "WCLK", 0 0, o0x7f6ebc9d0c68;  0 drivers
o0x7f6ebc9d0c98 .functor BUFZ 1, c4<z>; HiZ drive
v0x55556dcf46c0_0 .net "WCLKE", 0 0, o0x7f6ebc9d0c98;  0 drivers
o0x7f6ebc9d0cc8 .functor BUFZ 1, c4<z>; HiZ drive
v0x55556dcf4780_0 .net "WDATA_0", 0 0, o0x7f6ebc9d0cc8;  0 drivers
o0x7f6ebc9d0cf8 .functor BUFZ 1, c4<z>; HiZ drive
v0x55556dcf4840_0 .net "WDATA_1", 0 0, o0x7f6ebc9d0cf8;  0 drivers
o0x7f6ebc9d0d28 .functor BUFZ 1, c4<z>; HiZ drive
v0x55556dcf4900_0 .net "WDATA_10", 0 0, o0x7f6ebc9d0d28;  0 drivers
o0x7f6ebc9d0d58 .functor BUFZ 1, c4<z>; HiZ drive
v0x55556dcf49c0_0 .net "WDATA_11", 0 0, o0x7f6ebc9d0d58;  0 drivers
o0x7f6ebc9d0d88 .functor BUFZ 1, c4<z>; HiZ drive
v0x55556dcf4a80_0 .net "WDATA_12", 0 0, o0x7f6ebc9d0d88;  0 drivers
o0x7f6ebc9d0db8 .functor BUFZ 1, c4<z>; HiZ drive
v0x55556dcf4b40_0 .net "WDATA_13", 0 0, o0x7f6ebc9d0db8;  0 drivers
o0x7f6ebc9d0de8 .functor BUFZ 1, c4<z>; HiZ drive
v0x55556dcf4c00_0 .net "WDATA_14", 0 0, o0x7f6ebc9d0de8;  0 drivers
o0x7f6ebc9d0e18 .functor BUFZ 1, c4<z>; HiZ drive
v0x55556dcf4cc0_0 .net "WDATA_15", 0 0, o0x7f6ebc9d0e18;  0 drivers
o0x7f6ebc9d0e48 .functor BUFZ 1, c4<z>; HiZ drive
v0x55556dcf4d80_0 .net "WDATA_2", 0 0, o0x7f6ebc9d0e48;  0 drivers
o0x7f6ebc9d0e78 .functor BUFZ 1, c4<z>; HiZ drive
v0x55556dcf4e40_0 .net "WDATA_3", 0 0, o0x7f6ebc9d0e78;  0 drivers
o0x7f6ebc9d0ea8 .functor BUFZ 1, c4<z>; HiZ drive
v0x55556dcf4f00_0 .net "WDATA_4", 0 0, o0x7f6ebc9d0ea8;  0 drivers
o0x7f6ebc9d0ed8 .functor BUFZ 1, c4<z>; HiZ drive
v0x55556dcf4fc0_0 .net "WDATA_5", 0 0, o0x7f6ebc9d0ed8;  0 drivers
o0x7f6ebc9d0f08 .functor BUFZ 1, c4<z>; HiZ drive
v0x55556dcf5080_0 .net "WDATA_6", 0 0, o0x7f6ebc9d0f08;  0 drivers
o0x7f6ebc9d0f38 .functor BUFZ 1, c4<z>; HiZ drive
v0x55556dcf5140_0 .net "WDATA_7", 0 0, o0x7f6ebc9d0f38;  0 drivers
o0x7f6ebc9d0f68 .functor BUFZ 1, c4<z>; HiZ drive
v0x55556dcf5200_0 .net "WDATA_8", 0 0, o0x7f6ebc9d0f68;  0 drivers
o0x7f6ebc9d0f98 .functor BUFZ 1, c4<z>; HiZ drive
v0x55556dcf52c0_0 .net "WDATA_9", 0 0, o0x7f6ebc9d0f98;  0 drivers
o0x7f6ebc9d0fc8 .functor BUFZ 1, c4<z>; HiZ drive
v0x55556dcf5380_0 .net "WE", 0 0, o0x7f6ebc9d0fc8;  0 drivers
v0x55556dcf5440_0 .net *"_ivl_100", 0 0, L_0x55556dd40730;  1 drivers
v0x55556dcf5520_0 .net *"_ivl_102", 0 0, L_0x55556dd40480;  1 drivers
v0x55556dcf5600_0 .net *"_ivl_104", 0 0, L_0x55556dd40580;  1 drivers
v0x55556dcf56e0_0 .net *"_ivl_106", 0 0, L_0x55556dd40c20;  1 drivers
v0x55556dcf57c0_0 .net *"_ivl_108", 0 0, L_0x55556dd40d20;  1 drivers
v0x55556dcf58a0_0 .net *"_ivl_110", 0 0, L_0x55556dd41000;  1 drivers
v0x55556dcf5980_0 .net *"_ivl_112", 0 0, L_0x55556dd41100;  1 drivers
v0x55556dcf5a60_0 .net *"_ivl_114", 0 0, L_0x55556dd413f0;  1 drivers
v0x55556dcf5b40_0 .net *"_ivl_116", 0 0, L_0x55556dd414f0;  1 drivers
v0x55556dcf5c20_0 .net *"_ivl_120", 0 0, L_0x55556dd41de0;  1 drivers
v0x55556dcf5d00_0 .net *"_ivl_122", 0 0, L_0x55556dd42090;  1 drivers
v0x55556dcf5de0_0 .net *"_ivl_124", 0 0, L_0x55556dd42130;  1 drivers
v0x55556dcf5ec0_0 .net *"_ivl_126", 0 0, L_0x55556dd423f0;  1 drivers
v0x55556dcf5fa0_0 .net *"_ivl_128", 0 0, L_0x55556dd42490;  1 drivers
v0x55556dcf6080_0 .net *"_ivl_130", 0 0, L_0x55556dd42760;  1 drivers
v0x55556dcf6160_0 .net *"_ivl_132", 0 0, L_0x55556dd42800;  1 drivers
v0x55556dcf6240_0 .net *"_ivl_134", 0 0, L_0x55556dd42ae0;  1 drivers
v0x55556dcf6320_0 .net *"_ivl_136", 0 0, L_0x55556dd42b80;  1 drivers
v0x55556dcf6400_0 .net *"_ivl_138", 0 0, L_0x55556dd42ea0;  1 drivers
v0x55556dcf64e0_0 .net *"_ivl_140", 0 0, L_0x55556dd42fa0;  1 drivers
v0x55556dcf65c0_0 .net *"_ivl_142", 0 0, L_0x55556dd43300;  1 drivers
v0x55556dcf66a0_0 .net *"_ivl_144", 0 0, L_0x55556dd43400;  1 drivers
v0x55556dcf6780_0 .net *"_ivl_146", 0 0, L_0x55556dd43770;  1 drivers
v0x55556dcf6860_0 .net *"_ivl_148", 0 0, L_0x55556dd43870;  1 drivers
v0x55556dcf6940_0 .net *"_ivl_150", 0 0, L_0x55556dd43bf0;  1 drivers
v0x55556dcf6a20_0 .net *"_ivl_18", 0 0, L_0x55556dd3c9b0;  1 drivers
v0x55556dcf6b00_0 .net/2u *"_ivl_19", 0 0, L_0x7f6ebc986330;  1 drivers
v0x55556dcf6be0_0 .net *"_ivl_28", 0 0, L_0x55556dd3cd50;  1 drivers
v0x55556dcf6cc0_0 .net *"_ivl_30", 0 0, L_0x55556dd3cbb0;  1 drivers
v0x55556dcf6da0_0 .net *"_ivl_32", 0 0, L_0x55556dd3cf60;  1 drivers
v0x55556dcf6e80_0 .net *"_ivl_34", 0 0, L_0x55556dd3d120;  1 drivers
v0x55556dcf6f60_0 .net *"_ivl_36", 0 0, L_0x55556dd3d220;  1 drivers
v0x55556dcf7040_0 .net *"_ivl_38", 0 0, L_0x55556dd3d3f0;  1 drivers
v0x55556dcf7120_0 .net *"_ivl_40", 0 0, L_0x55556dd3d4f0;  1 drivers
v0x55556dcf7200_0 .net *"_ivl_42", 0 0, L_0x55556dd3d6d0;  1 drivers
v0x55556dcf72e0_0 .net *"_ivl_44", 0 0, L_0x55556dd3d7d0;  1 drivers
v0x55556dcf73c0_0 .net *"_ivl_46", 0 0, L_0x55556dd3d9c0;  1 drivers
v0x55556dcf74a0_0 .net *"_ivl_48", 0 0, L_0x55556dd3dac0;  1 drivers
v0x55556dcf7580_0 .net *"_ivl_52", 0 0, L_0x55556dd3e170;  1 drivers
v0x55556dcf7660_0 .net/2u *"_ivl_53", 0 0, L_0x7f6ebc986378;  1 drivers
v0x55556dcf7740_0 .net *"_ivl_62", 0 0, L_0x55556dd3e690;  1 drivers
v0x55556dcf7820_0 .net *"_ivl_64", 0 0, L_0x55556dd3e730;  1 drivers
v0x55556dcf7900_0 .net *"_ivl_66", 0 0, L_0x55556dd3e900;  1 drivers
v0x55556dcf79e0_0 .net *"_ivl_68", 0 0, L_0x55556dd3e9d0;  1 drivers
v0x55556dcf7ac0_0 .net *"_ivl_70", 0 0, L_0x55556dd3ec10;  1 drivers
v0x55556dcf7ba0_0 .net *"_ivl_72", 0 0, L_0x55556dd3ed10;  1 drivers
v0x55556dcf7c80_0 .net *"_ivl_74", 0 0, L_0x55556dd3ef60;  1 drivers
v0x55556dcf7d60_0 .net *"_ivl_76", 0 0, L_0x55556dd3f060;  1 drivers
v0x55556dcf7e40_0 .net *"_ivl_78", 0 0, L_0x55556dd3f2c0;  1 drivers
v0x55556dcf7f20_0 .net *"_ivl_80", 0 0, L_0x55556dd3f3c0;  1 drivers
v0x55556dcf8000_0 .net *"_ivl_82", 0 0, L_0x55556dd3f630;  1 drivers
v0x55556dcf80e0_0 .net *"_ivl_86", 0 0, L_0x55556dd3fd60;  1 drivers
v0x55556dcf81c0_0 .net *"_ivl_88", 0 0, L_0x55556dd3fe00;  1 drivers
v0x55556dcf8ab0_0 .net *"_ivl_90", 0 0, L_0x55556dd40030;  1 drivers
v0x55556dcf8b90_0 .net *"_ivl_92", 0 0, L_0x55556dd400d0;  1 drivers
v0x55556dcf8c70_0 .net *"_ivl_94", 0 0, L_0x55556dd40310;  1 drivers
v0x55556dcf8d50_0 .net *"_ivl_96", 0 0, L_0x55556dd403b0;  1 drivers
v0x55556dcf8e30_0 .net *"_ivl_98", 0 0, L_0x55556dd40630;  1 drivers
L_0x55556dd3b810 .part v0x55556dcf0490_0, 15, 1;
L_0x55556dd3b930 .part v0x55556dcf0490_0, 14, 1;
L_0x55556dd3b9d0 .part v0x55556dcf0490_0, 13, 1;
L_0x55556dd3baa0 .part v0x55556dcf0490_0, 12, 1;
L_0x55556dd3bba0 .part v0x55556dcf0490_0, 11, 1;
L_0x55556dd3bc70 .part v0x55556dcf0490_0, 10, 1;
L_0x55556dd3bd80 .part v0x55556dcf0490_0, 9, 1;
L_0x55556dd3be20 .part v0x55556dcf0490_0, 8, 1;
L_0x55556dd3bf40 .part v0x55556dcf0490_0, 7, 1;
L_0x55556dd3c010 .part v0x55556dcf0490_0, 6, 1;
L_0x55556dd3c140 .part v0x55556dcf0490_0, 5, 1;
L_0x55556dd3c210 .part v0x55556dcf0490_0, 4, 1;
L_0x55556dd3c350 .part v0x55556dcf0490_0, 3, 1;
L_0x55556dd3c420 .part v0x55556dcf0490_0, 2, 1;
L_0x55556dd3c570 .part v0x55556dcf0490_0, 1, 1;
L_0x55556dd3c850 .part v0x55556dcf0490_0, 0, 1;
L_0x55556dd3c9b0 .ufunc/vec4 TD_ICESTORM_RAM.pd, 1, o0x7f6ebc9d06c8 (v0x55556dcf13b0_0) S_0x55556dcf1140;
L_0x55556dd3cb10 .ufunc/vec4 TD_ICESTORM_RAM.pu, 1, o0x7f6ebc9d06f8 (v0x55556dcf1710_0) S_0x55556dcf1470;
L_0x55556dd3cc50 .ufunc/vec4 TD_ICESTORM_RAM.pd, 1, o0x7f6ebc9d0a28 (v0x55556dcf13b0_0) S_0x55556dcf1140;
L_0x55556dd3cd50 .ufunc/vec4 TD_ICESTORM_RAM.pd, 1, o0x7f6ebc9d0518 (v0x55556dcf13b0_0) S_0x55556dcf1140;
L_0x55556dd3cbb0 .ufunc/vec4 TD_ICESTORM_RAM.pd, 1, o0x7f6ebc9d0698 (v0x55556dcf13b0_0) S_0x55556dcf1140;
L_0x55556dd3cf60 .ufunc/vec4 TD_ICESTORM_RAM.pd, 1, o0x7f6ebc9d0668 (v0x55556dcf13b0_0) S_0x55556dcf1140;
L_0x55556dd3d120 .ufunc/vec4 TD_ICESTORM_RAM.pd, 1, o0x7f6ebc9d0638 (v0x55556dcf13b0_0) S_0x55556dcf1140;
L_0x55556dd3d220 .ufunc/vec4 TD_ICESTORM_RAM.pd, 1, o0x7f6ebc9d0608 (v0x55556dcf13b0_0) S_0x55556dcf1140;
L_0x55556dd3d3f0 .ufunc/vec4 TD_ICESTORM_RAM.pd, 1, o0x7f6ebc9d05d8 (v0x55556dcf13b0_0) S_0x55556dcf1140;
L_0x55556dd3d4f0 .ufunc/vec4 TD_ICESTORM_RAM.pd, 1, o0x7f6ebc9d05a8 (v0x55556dcf13b0_0) S_0x55556dcf1140;
L_0x55556dd3d6d0 .ufunc/vec4 TD_ICESTORM_RAM.pd, 1, o0x7f6ebc9d0578 (v0x55556dcf13b0_0) S_0x55556dcf1140;
L_0x55556dd3d7d0 .ufunc/vec4 TD_ICESTORM_RAM.pd, 1, o0x7f6ebc9d0548 (v0x55556dcf13b0_0) S_0x55556dcf1140;
L_0x55556dd3d9c0 .ufunc/vec4 TD_ICESTORM_RAM.pd, 1, o0x7f6ebc9d04e8 (v0x55556dcf13b0_0) S_0x55556dcf1140;
L_0x55556dd3dac0 .ufunc/vec4 TD_ICESTORM_RAM.pd, 1, o0x7f6ebc9d04b8 (v0x55556dcf13b0_0) S_0x55556dcf1140;
LS_0x55556dd3dcc0_0_0 .concat [ 1 1 1 1], L_0x55556dd3dac0, L_0x55556dd3d9c0, L_0x55556dd3d7d0, L_0x55556dd3d6d0;
LS_0x55556dd3dcc0_0_4 .concat [ 1 1 1 1], L_0x55556dd3d4f0, L_0x55556dd3d3f0, L_0x55556dd3d220, L_0x55556dd3d120;
LS_0x55556dd3dcc0_0_8 .concat [ 1 1 1 0], L_0x55556dd3cf60, L_0x55556dd3cbb0, L_0x55556dd3cd50;
L_0x55556dd3dcc0 .concat [ 4 4 3 0], LS_0x55556dd3dcc0_0_0, LS_0x55556dd3dcc0_0_4, LS_0x55556dd3dcc0_0_8;
L_0x55556dd3e170 .ufunc/vec4 TD_ICESTORM_RAM.pd, 1, o0x7f6ebc9d0c68 (v0x55556dcf13b0_0) S_0x55556dcf1140;
L_0x55556dd3e430 .ufunc/vec4 TD_ICESTORM_RAM.pu, 1, o0x7f6ebc9d0c98 (v0x55556dcf1710_0) S_0x55556dcf1470;
L_0x55556dd3e4d0 .ufunc/vec4 TD_ICESTORM_RAM.pd, 1, o0x7f6ebc9d0fc8 (v0x55556dcf13b0_0) S_0x55556dcf1140;
L_0x55556dd3e690 .ufunc/vec4 TD_ICESTORM_RAM.pd, 1, o0x7f6ebc9d0ab8 (v0x55556dcf13b0_0) S_0x55556dcf1140;
L_0x55556dd3e730 .ufunc/vec4 TD_ICESTORM_RAM.pd, 1, o0x7f6ebc9d0c38 (v0x55556dcf13b0_0) S_0x55556dcf1140;
L_0x55556dd3e900 .ufunc/vec4 TD_ICESTORM_RAM.pd, 1, o0x7f6ebc9d0c08 (v0x55556dcf13b0_0) S_0x55556dcf1140;
L_0x55556dd3e9d0 .ufunc/vec4 TD_ICESTORM_RAM.pd, 1, o0x7f6ebc9d0bd8 (v0x55556dcf13b0_0) S_0x55556dcf1140;
L_0x55556dd3ec10 .ufunc/vec4 TD_ICESTORM_RAM.pd, 1, o0x7f6ebc9d0ba8 (v0x55556dcf13b0_0) S_0x55556dcf1140;
L_0x55556dd3ed10 .ufunc/vec4 TD_ICESTORM_RAM.pd, 1, o0x7f6ebc9d0b78 (v0x55556dcf13b0_0) S_0x55556dcf1140;
L_0x55556dd3ef60 .ufunc/vec4 TD_ICESTORM_RAM.pd, 1, o0x7f6ebc9d0b48 (v0x55556dcf13b0_0) S_0x55556dcf1140;
L_0x55556dd3f060 .ufunc/vec4 TD_ICESTORM_RAM.pd, 1, o0x7f6ebc9d0b18 (v0x55556dcf13b0_0) S_0x55556dcf1140;
L_0x55556dd3f2c0 .ufunc/vec4 TD_ICESTORM_RAM.pd, 1, o0x7f6ebc9d0ae8 (v0x55556dcf13b0_0) S_0x55556dcf1140;
L_0x55556dd3f3c0 .ufunc/vec4 TD_ICESTORM_RAM.pd, 1, o0x7f6ebc9d0a88 (v0x55556dcf13b0_0) S_0x55556dcf1140;
L_0x55556dd3f630 .ufunc/vec4 TD_ICESTORM_RAM.pd, 1, o0x7f6ebc9d0a58 (v0x55556dcf13b0_0) S_0x55556dcf1140;
LS_0x55556dd3f730_0_0 .concat [ 1 1 1 1], L_0x55556dd3f630, L_0x55556dd3f3c0, L_0x55556dd3f2c0, L_0x55556dd3f060;
LS_0x55556dd3f730_0_4 .concat [ 1 1 1 1], L_0x55556dd3ef60, L_0x55556dd3ed10, L_0x55556dd3ec10, L_0x55556dd3e9d0;
LS_0x55556dd3f730_0_8 .concat [ 1 1 1 0], L_0x55556dd3e900, L_0x55556dd3e730, L_0x55556dd3e690;
L_0x55556dd3f730 .concat [ 4 4 3 0], LS_0x55556dd3f730_0_0, LS_0x55556dd3f730_0_4, LS_0x55556dd3f730_0_8;
L_0x55556dd3fd60 .ufunc/vec4 TD_ICESTORM_RAM.pd, 1, o0x7f6ebc9d0308 (v0x55556dcf13b0_0) S_0x55556dcf1140;
L_0x55556dd3fe00 .ufunc/vec4 TD_ICESTORM_RAM.pd, 1, o0x7f6ebc9d02d8 (v0x55556dcf13b0_0) S_0x55556dcf1140;
L_0x55556dd40030 .ufunc/vec4 TD_ICESTORM_RAM.pd, 1, o0x7f6ebc9d02a8 (v0x55556dcf13b0_0) S_0x55556dcf1140;
L_0x55556dd400d0 .ufunc/vec4 TD_ICESTORM_RAM.pd, 1, o0x7f6ebc9d0278 (v0x55556dcf13b0_0) S_0x55556dcf1140;
L_0x55556dd40310 .ufunc/vec4 TD_ICESTORM_RAM.pd, 1, o0x7f6ebc9d0248 (v0x55556dcf13b0_0) S_0x55556dcf1140;
L_0x55556dd403b0 .ufunc/vec4 TD_ICESTORM_RAM.pd, 1, o0x7f6ebc9d0218 (v0x55556dcf13b0_0) S_0x55556dcf1140;
L_0x55556dd40630 .ufunc/vec4 TD_ICESTORM_RAM.pd, 1, o0x7f6ebc9d0488 (v0x55556dcf13b0_0) S_0x55556dcf1140;
L_0x55556dd40730 .ufunc/vec4 TD_ICESTORM_RAM.pd, 1, o0x7f6ebc9d0458 (v0x55556dcf13b0_0) S_0x55556dcf1140;
L_0x55556dd40480 .ufunc/vec4 TD_ICESTORM_RAM.pd, 1, o0x7f6ebc9d0428 (v0x55556dcf13b0_0) S_0x55556dcf1140;
L_0x55556dd40580 .ufunc/vec4 TD_ICESTORM_RAM.pd, 1, o0x7f6ebc9d03f8 (v0x55556dcf13b0_0) S_0x55556dcf1140;
L_0x55556dd40c20 .ufunc/vec4 TD_ICESTORM_RAM.pd, 1, o0x7f6ebc9d03c8 (v0x55556dcf13b0_0) S_0x55556dcf1140;
L_0x55556dd40d20 .ufunc/vec4 TD_ICESTORM_RAM.pd, 1, o0x7f6ebc9d0398 (v0x55556dcf13b0_0) S_0x55556dcf1140;
L_0x55556dd41000 .ufunc/vec4 TD_ICESTORM_RAM.pd, 1, o0x7f6ebc9d0368 (v0x55556dcf13b0_0) S_0x55556dcf1140;
L_0x55556dd41100 .ufunc/vec4 TD_ICESTORM_RAM.pd, 1, o0x7f6ebc9d0338 (v0x55556dcf13b0_0) S_0x55556dcf1140;
L_0x55556dd413f0 .ufunc/vec4 TD_ICESTORM_RAM.pd, 1, o0x7f6ebc9d01e8 (v0x55556dcf13b0_0) S_0x55556dcf1140;
L_0x55556dd414f0 .ufunc/vec4 TD_ICESTORM_RAM.pd, 1, o0x7f6ebc9d01b8 (v0x55556dcf13b0_0) S_0x55556dcf1140;
LS_0x55556dd417f0_0_0 .concat [ 1 1 1 1], L_0x55556dd414f0, L_0x55556dd413f0, L_0x55556dd41100, L_0x55556dd41000;
LS_0x55556dd417f0_0_4 .concat [ 1 1 1 1], L_0x55556dd40d20, L_0x55556dd40c20, L_0x55556dd40580, L_0x55556dd40480;
LS_0x55556dd417f0_0_8 .concat [ 1 1 1 1], L_0x55556dd40730, L_0x55556dd40630, L_0x55556dd403b0, L_0x55556dd40310;
LS_0x55556dd417f0_0_12 .concat [ 1 1 1 1], L_0x55556dd400d0, L_0x55556dd40030, L_0x55556dd3fe00, L_0x55556dd3fd60;
L_0x55556dd417f0 .concat [ 4 4 4 4], LS_0x55556dd417f0_0_0, LS_0x55556dd417f0_0_4, LS_0x55556dd417f0_0_8, LS_0x55556dd417f0_0_12;
L_0x55556dd41de0 .ufunc/vec4 TD_ICESTORM_RAM.pd, 1, o0x7f6ebc9d0e18 (v0x55556dcf13b0_0) S_0x55556dcf1140;
L_0x55556dd42090 .ufunc/vec4 TD_ICESTORM_RAM.pd, 1, o0x7f6ebc9d0de8 (v0x55556dcf13b0_0) S_0x55556dcf1140;
L_0x55556dd42130 .ufunc/vec4 TD_ICESTORM_RAM.pd, 1, o0x7f6ebc9d0db8 (v0x55556dcf13b0_0) S_0x55556dcf1140;
L_0x55556dd423f0 .ufunc/vec4 TD_ICESTORM_RAM.pd, 1, o0x7f6ebc9d0d88 (v0x55556dcf13b0_0) S_0x55556dcf1140;
L_0x55556dd42490 .ufunc/vec4 TD_ICESTORM_RAM.pd, 1, o0x7f6ebc9d0d58 (v0x55556dcf13b0_0) S_0x55556dcf1140;
L_0x55556dd42760 .ufunc/vec4 TD_ICESTORM_RAM.pd, 1, o0x7f6ebc9d0d28 (v0x55556dcf13b0_0) S_0x55556dcf1140;
L_0x55556dd42800 .ufunc/vec4 TD_ICESTORM_RAM.pd, 1, o0x7f6ebc9d0f98 (v0x55556dcf13b0_0) S_0x55556dcf1140;
L_0x55556dd42ae0 .ufunc/vec4 TD_ICESTORM_RAM.pd, 1, o0x7f6ebc9d0f68 (v0x55556dcf13b0_0) S_0x55556dcf1140;
L_0x55556dd42b80 .ufunc/vec4 TD_ICESTORM_RAM.pd, 1, o0x7f6ebc9d0f38 (v0x55556dcf13b0_0) S_0x55556dcf1140;
L_0x55556dd42ea0 .ufunc/vec4 TD_ICESTORM_RAM.pd, 1, o0x7f6ebc9d0f08 (v0x55556dcf13b0_0) S_0x55556dcf1140;
L_0x55556dd42fa0 .ufunc/vec4 TD_ICESTORM_RAM.pd, 1, o0x7f6ebc9d0ed8 (v0x55556dcf13b0_0) S_0x55556dcf1140;
L_0x55556dd43300 .ufunc/vec4 TD_ICESTORM_RAM.pd, 1, o0x7f6ebc9d0ea8 (v0x55556dcf13b0_0) S_0x55556dcf1140;
L_0x55556dd43400 .ufunc/vec4 TD_ICESTORM_RAM.pd, 1, o0x7f6ebc9d0e78 (v0x55556dcf13b0_0) S_0x55556dcf1140;
L_0x55556dd43770 .ufunc/vec4 TD_ICESTORM_RAM.pd, 1, o0x7f6ebc9d0e48 (v0x55556dcf13b0_0) S_0x55556dcf1140;
L_0x55556dd43870 .ufunc/vec4 TD_ICESTORM_RAM.pd, 1, o0x7f6ebc9d0cf8 (v0x55556dcf13b0_0) S_0x55556dcf1140;
L_0x55556dd43bf0 .ufunc/vec4 TD_ICESTORM_RAM.pd, 1, o0x7f6ebc9d0cc8 (v0x55556dcf13b0_0) S_0x55556dcf1140;
LS_0x55556dd43cf0_0_0 .concat [ 1 1 1 1], L_0x55556dd43bf0, L_0x55556dd43870, L_0x55556dd43770, L_0x55556dd43400;
LS_0x55556dd43cf0_0_4 .concat [ 1 1 1 1], L_0x55556dd43300, L_0x55556dd42fa0, L_0x55556dd42ea0, L_0x55556dd42b80;
LS_0x55556dd43cf0_0_8 .concat [ 1 1 1 1], L_0x55556dd42ae0, L_0x55556dd42800, L_0x55556dd42760, L_0x55556dd42490;
LS_0x55556dd43cf0_0_12 .concat [ 1 1 1 1], L_0x55556dd423f0, L_0x55556dd42130, L_0x55556dd42090, L_0x55556dd41de0;
L_0x55556dd43cf0 .concat [ 4 4 4 4], LS_0x55556dd43cf0_0_0, LS_0x55556dd43cf0_0_4, LS_0x55556dd43cf0_0_8, LS_0x55556dd43cf0_0_12;
S_0x55556dab9e80 .scope module, "RAM" "SB_RAM40_4K" 3 3233, 3 1487 0, S_0x55556dcaf110;
 .timescale -12 -12;
    .port_info 0 /OUTPUT 16 "RDATA";
    .port_info 1 /INPUT 1 "RCLK";
    .port_info 2 /INPUT 1 "RCLKE";
    .port_info 3 /INPUT 1 "RE";
    .port_info 4 /INPUT 11 "RADDR";
    .port_info 5 /INPUT 1 "WCLK";
    .port_info 6 /INPUT 1 "WCLKE";
    .port_info 7 /INPUT 1 "WE";
    .port_info 8 /INPUT 11 "WADDR";
    .port_info 9 /INPUT 16 "MASK";
    .port_info 10 /INPUT 16 "WDATA";
P_0x55556dab62e0 .param/l "INIT_0" 0 3 1507, C4<0000000000000000000000000000000000000000000000000000000000000000000000000000000000000000000000000000000000000000000000000000000000000000000000000000000000000000000000000000000000000000000000000000000000000000000000000000000000000000000000000000000000000000>;
P_0x55556dab6320 .param/l "INIT_1" 0 3 1508, C4<0000000000000000000000000000000000000000000000000000000000000000000000000000000000000000000000000000000000000000000000000000000000000000000000000000000000000000000000000000000000000000000000000000000000000000000000000000000000000000000000000000000000000000>;
P_0x55556dab6360 .param/l "INIT_2" 0 3 1509, C4<0000000000000000000000000000000000000000000000000000000000000000000000000000000000000000000000000000000000000000000000000000000000000000000000000000000000000000000000000000000000000000000000000000000000000000000000000000000000000000000000000000000000000000>;
P_0x55556dab63a0 .param/l "INIT_3" 0 3 1510, C4<0000000000000000000000000000000000000000000000000000000000000000000000000000000000000000000000000000000000000000000000000000000000000000000000000000000000000000000000000000000000000000000000000000000000000000000000000000000000000000000000000000000000000000>;
P_0x55556dab63e0 .param/l "INIT_4" 0 3 1511, C4<0000000000000000000000000000000000000000000000000000000000000000000000000000000000000000000000000000000000000000000000000000000000000000000000000000000000000000000000000000000000000000000000000000000000000000000000000000000000000000000000000000000000000000>;
P_0x55556dab6420 .param/l "INIT_5" 0 3 1512, C4<0000000000000000000000000000000000000000000000000000000000000000000000000000000000000000000000000000000000000000000000000000000000000000000000000000000000000000000000000000000000000000000000000000000000000000000000000000000000000000000000000000000000000000>;
P_0x55556dab6460 .param/l "INIT_6" 0 3 1513, C4<0000000000000000000000000000000000000000000000000000000000000000000000000000000000000000000000000000000000000000000000000000000000000000000000000000000000000000000000000000000000000000000000000000000000000000000000000000000000000000000000000000000000000000>;
P_0x55556dab64a0 .param/l "INIT_7" 0 3 1514, C4<0000000000000000000000000000000000000000000000000000000000000000000000000000000000000000000000000000000000000000000000000000000000000000000000000000000000000000000000000000000000000000000000000000000000000000000000000000000000000000000000000000000000000000>;
P_0x55556dab64e0 .param/l "INIT_8" 0 3 1515, C4<0000000000000000000000000000000000000000000000000000000000000000000000000000000000000000000000000000000000000000000000000000000000000000000000000000000000000000000000000000000000000000000000000000000000000000000000000000000000000000000000000000000000000000>;
P_0x55556dab6520 .param/l "INIT_9" 0 3 1516, C4<0000000000000000000000000000000000000000000000000000000000000000000000000000000000000000000000000000000000000000000000000000000000000000000000000000000000000000000000000000000000000000000000000000000000000000000000000000000000000000000000000000000000000000>;
P_0x55556dab6560 .param/l "INIT_A" 0 3 1517, C4<0000000000000000000000000000000000000000000000000000000000000000000000000000000000000000000000000000000000000000000000000000000000000000000000000000000000000000000000000000000000000000000000000000000000000000000000000000000000000000000000000000000000000000>;
P_0x55556dab65a0 .param/l "INIT_B" 0 3 1518, C4<0000000000000000000000000000000000000000000000000000000000000000000000000000000000000000000000000000000000000000000000000000000000000000000000000000000000000000000000000000000000000000000000000000000000000000000000000000000000000000000000000000000000000000>;
P_0x55556dab65e0 .param/l "INIT_C" 0 3 1519, C4<0000000000000000000000000000000000000000000000000000000000000000000000000000000000000000000000000000000000000000000000000000000000000000000000000000000000000000000000000000000000000000000000000000000000000000000000000000000000000000000000000000000000000000>;
P_0x55556dab6620 .param/l "INIT_D" 0 3 1520, C4<0000000000000000000000000000000000000000000000000000000000000000000000000000000000000000000000000000000000000000000000000000000000000000000000000000000000000000000000000000000000000000000000000000000000000000000000000000000000000000000000000000000000000000>;
P_0x55556dab6660 .param/l "INIT_E" 0 3 1521, C4<0000000000000000000000000000000000000000000000000000000000000000000000000000000000000000000000000000000000000000000000000000000000000000000000000000000000000000000000000000000000000000000000000000000000000000000000000000000000000000000000000000000000000000>;
P_0x55556dab66a0 .param/l "INIT_F" 0 3 1522, C4<0000000000000000000000000000000000000000000000000000000000000000000000000000000000000000000000000000000000000000000000000000000000000000000000000000000000000000000000000000000000000000000000000000000000000000000000000000000000000000000000000000000000000000>;
P_0x55556dab66e0 .param/str "INIT_FILE" 0 3 1524, "\000";
P_0x55556dab6720 .param/l "READ_MODE" 0 3 1505, +C4<00000000000000000000000000000000>;
P_0x55556dab6760 .param/l "WRITE_MODE" 0 3 1504, +C4<00000000000000000000000000000000>;
v0x55556da82c10_0 .net "MASK", 15 0, L_0x55556dd417f0;  1 drivers
v0x55556dcf01a0_0 .net "RADDR", 10 0, L_0x55556dd3dcc0;  1 drivers
v0x55556dcf0240_0 .net "RCLK", 0 0, L_0x55556dd3c2e0;  1 drivers
v0x55556dcf02e0_0 .net "RCLKE", 0 0, L_0x55556dd3cb10;  1 drivers
v0x55556dcf0380_0 .net "RDATA", 15 0, v0x55556dcf0490_0;  1 drivers
v0x55556dcf0490_0 .var "RDATA_I", 15 0;
v0x55556dcf0570_0 .net "RE", 0 0, L_0x55556dd3cc50;  1 drivers
L_0x7f6ebc9862e8 .functor BUFT 1, C4<0000000000000000>, C4<0>, C4<0>, C4<0>;
v0x55556dcf0630_0 .net "RMASK_I", 15 0, L_0x7f6ebc9862e8;  1 drivers
v0x55556dcf0710_0 .net "WADDR", 10 0, L_0x55556dd3f730;  1 drivers
v0x55556dcf07f0_0 .net "WCLK", 0 0, L_0x55556dd3e320;  1 drivers
v0x55556dcf08b0_0 .net "WCLKE", 0 0, L_0x55556dd3e430;  1 drivers
v0x55556dcf0970_0 .net "WDATA", 15 0, L_0x55556dd43cf0;  1 drivers
v0x55556dcf0a50_0 .net "WDATA_I", 15 0, L_0x55556dd3b6d0;  1 drivers
v0x55556dcf0b30_0 .net "WE", 0 0, L_0x55556dd3e4d0;  1 drivers
v0x55556dcf0bf0_0 .net "WMASK_I", 15 0, L_0x55556dd2b650;  1 drivers
v0x55556dcf0cd0_0 .var/i "i", 31 0;
v0x55556dcf0db0 .array "memory", 255 0, 15 0;
E_0x55556dcb2d30 .event posedge, v0x55556dcf0240_0;
E_0x55556dcb3180 .event posedge, v0x55556dcf07f0_0;
S_0x55556da82800 .scope generate, "genblk1" "genblk1" 3 1534, 3 1534 0, S_0x55556dab9e80;
 .timescale -12 -12;
L_0x55556dd2b650 .functor BUFZ 16, L_0x55556dd417f0, C4<0000000000000000>, C4<0000000000000000>, C4<0000000000000000>;
S_0x55556da82990 .scope generate, "genblk2" "genblk2" 3 1555, 3 1555 0, S_0x55556dab9e80;
 .timescale -12 -12;
S_0x55556dcefe80 .scope generate, "genblk3" "genblk3" 3 1576, 3 1576 0, S_0x55556dab9e80;
 .timescale -12 -12;
L_0x55556dd3b6d0 .functor BUFZ 16, L_0x55556dd43cf0, C4<0000000000000000>, C4<0000000000000000>, C4<0000000000000000>;
S_0x55556dcf0010 .scope generate, "genblk4" "genblk4" 3 1595, 3 1595 0, S_0x55556dab9e80;
 .timescale -12 -12;
S_0x55556dcf1140 .scope function.vec4.s1, "pd" "pd" 3 3200, 3 3200 0, S_0x55556dcaf110;
 .timescale -12 -12;
; Variable pd is vec4 return value of scope S_0x55556dcf1140
v0x55556dcf13b0_0 .var "x", 0 0;
TD_ICESTORM_RAM.pd ;
    %load/vec4 v0x55556dcf13b0_0;
    %cmpi/e 0, 1, 1;
    %flag_mov 8, 6;
    %jmp/0 T_0.0, 8;
    %pushi/vec4 0, 0, 1;
    %jmp/1 T_0.1, 8;
T_0.0 ; End of true expr.
    %load/vec4 v0x55556dcf13b0_0;
    %jmp/0 T_0.1, 8;
 ; End of false expr.
    %blend;
T_0.1;
    %ret/vec4 0, 0, 1;  Assign to pd (store_vec4_to_lval)
    %end;
S_0x55556dcf1470 .scope function.vec4.s1, "pu" "pu" 3 3207, 3 3207 0, S_0x55556dcaf110;
 .timescale -12 -12;
; Variable pu is vec4 return value of scope S_0x55556dcf1470
v0x55556dcf1710_0 .var "x", 0 0;
TD_ICESTORM_RAM.pu ;
    %load/vec4 v0x55556dcf1710_0;
    %cmpi/e 0, 1, 1;
    %flag_mov 8, 6;
    %jmp/0 T_1.2, 8;
    %pushi/vec4 1, 0, 1;
    %jmp/1 T_1.3, 8;
T_1.2 ; End of true expr.
    %load/vec4 v0x55556dcf1710_0;
    %jmp/0 T_1.3, 8;
 ; End of false expr.
    %blend;
T_1.3;
    %ret/vec4 0, 0, 1;  Assign to pu (store_vec4_to_lval)
    %end;
S_0x55556dcafc60 .scope module, "Lab2" "Lab2" 4 1;
 .timescale -12 -12;
    .port_info 0 /INPUT 4 "SW";
    .port_info 1 /OUTPUT 1 "LEDR";
v0x55556dcfa590_0 .net "LEDR", 0 0, L_0x55556dd44870;  1 drivers
o0x7f6ebc9d2bb8 .functor BUFZ 4, c4<zzzz>; HiZ drive
v0x55556dcfa670_0 .net "SW", 3 0, o0x7f6ebc9d2bb8;  0 drivers
L_0x55556dd449d0 .part o0x7f6ebc9d2bb8, 2, 1;
L_0x55556dd44a70 .part o0x7f6ebc9d2bb8, 0, 1;
L_0x55556dd44b60 .part o0x7f6ebc9d2bb8, 1, 1;
L_0x55556dd44c50 .part o0x7f6ebc9d2bb8, 3, 1;
S_0x55556dcf9b00 .scope module, "MS" "Museum_Security" 4 7, 5 1 0, S_0x55556dcafc60;
 .timescale -12 -12;
    .port_info 0 /INPUT 1 "D";
    .port_info 1 /INPUT 1 "V";
    .port_info 2 /INPUT 1 "M";
    .port_info 3 /INPUT 1 "H";
    .port_info 4 /OUTPUT 1 "A";
L_0x55556dd44570 .functor OR 1, L_0x55556dd449d0, L_0x55556dd44a70, C4<0>, C4<0>;
L_0x55556dd445e0 .functor OR 1, L_0x55556dd44570, L_0x55556dd44b60, C4<0>, C4<0>;
L_0x55556dd446a0 .functor AND 1, L_0x55556dd44c50, L_0x55556dd445e0, C4<1>, C4<1>;
L_0x55556dd44760 .functor AND 1, L_0x55556dd449d0, L_0x55556dd44a70, C4<1>, C4<1>;
L_0x55556dd44870 .functor OR 1, L_0x55556dd446a0, L_0x55556dd44760, C4<0>, C4<0>;
v0x55556dcf9d60_0 .net "A", 0 0, L_0x55556dd44870;  alias, 1 drivers
v0x55556dcf9e40_0 .net "D", 0 0, L_0x55556dd449d0;  1 drivers
v0x55556dcf9f00_0 .net "H", 0 0, L_0x55556dd44c50;  1 drivers
v0x55556dcf9fa0_0 .net "M", 0 0, L_0x55556dd44b60;  1 drivers
v0x55556dcfa060_0 .net "V", 0 0, L_0x55556dd44a70;  1 drivers
v0x55556dcfa170_0 .net *"_ivl_0", 0 0, L_0x55556dd44570;  1 drivers
v0x55556dcfa250_0 .net *"_ivl_2", 0 0, L_0x55556dd445e0;  1 drivers
v0x55556dcfa330_0 .net *"_ivl_4", 0 0, L_0x55556dd446a0;  1 drivers
v0x55556dcfa410_0 .net *"_ivl_6", 0 0, L_0x55556dd44760;  1 drivers
S_0x55556dcb0ff0 .scope module, "SB_CARRY" "SB_CARRY" 3 228;
 .timescale -12 -12;
    .port_info 0 /OUTPUT 1 "CO";
    .port_info 1 /INPUT 1 "I0";
    .port_info 2 /INPUT 1 "I1";
    .port_info 3 /INPUT 1 "CI";
o0x7f6ebc9d2ca8 .functor BUFZ 1, c4<z>; HiZ drive
o0x7f6ebc9d2cd8 .functor BUFZ 1, c4<z>; HiZ drive
L_0x55556dd44dd0 .functor AND 1, o0x7f6ebc9d2ca8, o0x7f6ebc9d2cd8, C4<1>, C4<1>;
L_0x55556dd44e40 .functor OR 1, o0x7f6ebc9d2ca8, o0x7f6ebc9d2cd8, C4<0>, C4<0>;
o0x7f6ebc9d2c48 .functor BUFZ 1, c4<z>; HiZ drive
L_0x55556dd44f00 .functor AND 1, L_0x55556dd44e40, o0x7f6ebc9d2c48, C4<1>, C4<1>;
L_0x55556dd44fc0 .functor OR 1, L_0x55556dd44dd0, L_0x55556dd44f00, C4<0>, C4<0>;
v0x55556dcfa790_0 .net "CI", 0 0, o0x7f6ebc9d2c48;  0 drivers
v0x55556dcfa850_0 .net "CO", 0 0, L_0x55556dd44fc0;  1 drivers
v0x55556dcfa910_0 .net "I0", 0 0, o0x7f6ebc9d2ca8;  0 drivers
v0x55556dcfa9e0_0 .net "I1", 0 0, o0x7f6ebc9d2cd8;  0 drivers
v0x55556dcfaaa0_0 .net *"_ivl_1", 0 0, L_0x55556dd44dd0;  1 drivers
v0x55556dcfab60_0 .net *"_ivl_3", 0 0, L_0x55556dd44e40;  1 drivers
v0x55556dcfac20_0 .net *"_ivl_5", 0 0, L_0x55556dd44f00;  1 drivers
S_0x55556dcd70a0 .scope module, "SB_DFF" "SB_DFF" 3 265;
 .timescale -12 -12;
    .port_info 0 /OUTPUT 1 "Q";
    .port_info 1 /INPUT 1 "C";
    .port_info 2 /INPUT 1 "D";
o0x7f6ebc9d2e58 .functor BUFZ 1, c4<z>; HiZ drive
v0x55556dcfada0_0 .net "C", 0 0, o0x7f6ebc9d2e58;  0 drivers
o0x7f6ebc9d2e88 .functor BUFZ 1, c4<z>; HiZ drive
v0x55556dcfae80_0 .net "D", 0 0, o0x7f6ebc9d2e88;  0 drivers
v0x55556dcfaf40_0 .var "Q", 0 0;
E_0x55556dcb3540 .event posedge, v0x55556dcfada0_0;
S_0x55556dcd6cb0 .scope module, "SB_DFFE" "SB_DFFE" 3 303;
 .timescale -12 -12;
    .port_info 0 /OUTPUT 1 "Q";
    .port_info 1 /INPUT 1 "C";
    .port_info 2 /INPUT 1 "E";
    .port_info 3 /INPUT 1 "D";
o0x7f6ebc9d2f78 .functor BUFZ 1, c4<z>; HiZ drive
v0x55556dcfb080_0 .net "C", 0 0, o0x7f6ebc9d2f78;  0 drivers
o0x7f6ebc9d2fa8 .functor BUFZ 1, c4<z>; HiZ drive
v0x55556dcfb160_0 .net "D", 0 0, o0x7f6ebc9d2fa8;  0 drivers
o0x7f6ebc9d2fd8 .functor BUFZ 1, c4<z>; HiZ drive
v0x55556dcfb220_0 .net "E", 0 0, o0x7f6ebc9d2fd8;  0 drivers
v0x55556dcfb2f0_0 .var "Q", 0 0;
E_0x55556dcc3e90 .event posedge, v0x55556dcfb080_0;
S_0x55556dcc5280 .scope module, "SB_DFFER" "SB_DFFER" 3 653;
 .timescale -12 -12;
    .port_info 0 /OUTPUT 1 "Q";
    .port_info 1 /INPUT 1 "C";
    .port_info 2 /INPUT 1 "E";
    .port_info 3 /INPUT 1 "R";
    .port_info 4 /INPUT 1 "D";
o0x7f6ebc9d30f8 .functor BUFZ 1, c4<z>; HiZ drive
v0x55556dcfb4a0_0 .net "C", 0 0, o0x7f6ebc9d30f8;  0 drivers
o0x7f6ebc9d3128 .functor BUFZ 1, c4<z>; HiZ drive
v0x55556dcfb580_0 .net "D", 0 0, o0x7f6ebc9d3128;  0 drivers
o0x7f6ebc9d3158 .functor BUFZ 1, c4<z>; HiZ drive
v0x55556dcfb640_0 .net "E", 0 0, o0x7f6ebc9d3158;  0 drivers
v0x55556dcfb6e0_0 .var "Q", 0 0;
o0x7f6ebc9d31b8 .functor BUFZ 1, c4<z>; HiZ drive
v0x55556dcfb7a0_0 .net "R", 0 0, o0x7f6ebc9d31b8;  0 drivers
E_0x55556dcc48b0 .event posedge, v0x55556dcfb7a0_0, v0x55556dcfb4a0_0;
S_0x55556dcc4e90 .scope module, "SB_DFFES" "SB_DFFES" 3 794;
 .timescale -12 -12;
    .port_info 0 /OUTPUT 1 "Q";
    .port_info 1 /INPUT 1 "C";
    .port_info 2 /INPUT 1 "E";
    .port_info 3 /INPUT 1 "S";
    .port_info 4 /INPUT 1 "D";
o0x7f6ebc9d32d8 .functor BUFZ 1, c4<z>; HiZ drive
v0x55556dcfb990_0 .net "C", 0 0, o0x7f6ebc9d32d8;  0 drivers
o0x7f6ebc9d3308 .functor BUFZ 1, c4<z>; HiZ drive
v0x55556dcfba70_0 .net "D", 0 0, o0x7f6ebc9d3308;  0 drivers
o0x7f6ebc9d3338 .functor BUFZ 1, c4<z>; HiZ drive
v0x55556dcfbb30_0 .net "E", 0 0, o0x7f6ebc9d3338;  0 drivers
v0x55556dcfbbd0_0 .var "Q", 0 0;
o0x7f6ebc9d3398 .functor BUFZ 1, c4<z>; HiZ drive
v0x55556dcfbc90_0 .net "S", 0 0, o0x7f6ebc9d3398;  0 drivers
E_0x55556dcc4ce0 .event posedge, v0x55556dcfbc90_0, v0x55556dcfb990_0;
S_0x55556dcb3720 .scope module, "SB_DFFESR" "SB_DFFESR" 3 592;
 .timescale -12 -12;
    .port_info 0 /OUTPUT 1 "Q";
    .port_info 1 /INPUT 1 "C";
    .port_info 2 /INPUT 1 "E";
    .port_info 3 /INPUT 1 "R";
    .port_info 4 /INPUT 1 "D";
o0x7f6ebc9d34b8 .functor BUFZ 1, c4<z>; HiZ drive
v0x55556dcfbec0_0 .net "C", 0 0, o0x7f6ebc9d34b8;  0 drivers
o0x7f6ebc9d34e8 .functor BUFZ 1, c4<z>; HiZ drive
v0x55556dcfbfa0_0 .net "D", 0 0, o0x7f6ebc9d34e8;  0 drivers
o0x7f6ebc9d3518 .functor BUFZ 1, c4<z>; HiZ drive
v0x55556dcfc060_0 .net "E", 0 0, o0x7f6ebc9d3518;  0 drivers
v0x55556dcfc100_0 .var "Q", 0 0;
o0x7f6ebc9d3578 .functor BUFZ 1, c4<z>; HiZ drive
v0x55556dcfc1c0_0 .net "R", 0 0, o0x7f6ebc9d3578;  0 drivers
E_0x55556dcfbe40 .event posedge, v0x55556dcfbec0_0;
S_0x55556dcb3330 .scope module, "SB_DFFESS" "SB_DFFESS" 3 733;
 .timescale -12 -12;
    .port_info 0 /OUTPUT 1 "Q";
    .port_info 1 /INPUT 1 "C";
    .port_info 2 /INPUT 1 "E";
    .port_info 3 /INPUT 1 "S";
    .port_info 4 /INPUT 1 "D";
o0x7f6ebc9d3698 .functor BUFZ 1, c4<z>; HiZ drive
v0x55556dcfc3f0_0 .net "C", 0 0, o0x7f6ebc9d3698;  0 drivers
o0x7f6ebc9d36c8 .functor BUFZ 1, c4<z>; HiZ drive
v0x55556dcfc4d0_0 .net "D", 0 0, o0x7f6ebc9d36c8;  0 drivers
o0x7f6ebc9d36f8 .functor BUFZ 1, c4<z>; HiZ drive
v0x55556dcfc590_0 .net "E", 0 0, o0x7f6ebc9d36f8;  0 drivers
v0x55556dcfc630_0 .var "Q", 0 0;
o0x7f6ebc9d3758 .functor BUFZ 1, c4<z>; HiZ drive
v0x55556dcfc6f0_0 .net "S", 0 0, o0x7f6ebc9d3758;  0 drivers
E_0x55556dcfc370 .event posedge, v0x55556dcfc3f0_0;
S_0x55556dcb2b60 .scope module, "SB_DFFN" "SB_DFFN" 3 876;
 .timescale -12 -12;
    .port_info 0 /OUTPUT 1 "Q";
    .port_info 1 /INPUT 1 "C";
    .port_info 2 /INPUT 1 "D";
o0x7f6ebc9d3878 .functor BUFZ 1, c4<z>; HiZ drive
v0x55556dcfc920_0 .net "C", 0 0, o0x7f6ebc9d3878;  0 drivers
o0x7f6ebc9d38a8 .functor BUFZ 1, c4<z>; HiZ drive
v0x55556dcfca00_0 .net "D", 0 0, o0x7f6ebc9d38a8;  0 drivers
v0x55556dcfcac0_0 .var "Q", 0 0;
E_0x55556dcfc8a0 .event negedge, v0x55556dcfc920_0;
S_0x55556dcad970 .scope module, "SB_DFFNE" "SB_DFFNE" 3 914;
 .timescale -12 -12;
    .port_info 0 /OUTPUT 1 "Q";
    .port_info 1 /INPUT 1 "C";
    .port_info 2 /INPUT 1 "E";
    .port_info 3 /INPUT 1 "D";
o0x7f6ebc9d3998 .functor BUFZ 1, c4<z>; HiZ drive
v0x55556dcfcc40_0 .net "C", 0 0, o0x7f6ebc9d3998;  0 drivers
o0x7f6ebc9d39c8 .functor BUFZ 1, c4<z>; HiZ drive
v0x55556dcfcd20_0 .net "D", 0 0, o0x7f6ebc9d39c8;  0 drivers
o0x7f6ebc9d39f8 .functor BUFZ 1, c4<z>; HiZ drive
v0x55556dcfcde0_0 .net "E", 0 0, o0x7f6ebc9d39f8;  0 drivers
v0x55556dcfceb0_0 .var "Q", 0 0;
E_0x55556dcfcbe0 .event negedge, v0x55556dcfcc40_0;
S_0x55556dca8320 .scope module, "SB_DFFNER" "SB_DFFNER" 3 1264;
 .timescale -12 -12;
    .port_info 0 /OUTPUT 1 "Q";
    .port_info 1 /INPUT 1 "C";
    .port_info 2 /INPUT 1 "E";
    .port_info 3 /INPUT 1 "R";
    .port_info 4 /INPUT 1 "D";
o0x7f6ebc9d3b18 .functor BUFZ 1, c4<z>; HiZ drive
v0x55556dcfd0a0_0 .net "C", 0 0, o0x7f6ebc9d3b18;  0 drivers
o0x7f6ebc9d3b48 .functor BUFZ 1, c4<z>; HiZ drive
v0x55556dcfd180_0 .net "D", 0 0, o0x7f6ebc9d3b48;  0 drivers
o0x7f6ebc9d3b78 .functor BUFZ 1, c4<z>; HiZ drive
v0x55556dcfd240_0 .net "E", 0 0, o0x7f6ebc9d3b78;  0 drivers
v0x55556dcfd2e0_0 .var "Q", 0 0;
o0x7f6ebc9d3bd8 .functor BUFZ 1, c4<z>; HiZ drive
v0x55556dcfd3a0_0 .net "R", 0 0, o0x7f6ebc9d3bd8;  0 drivers
E_0x55556dcfd020/0 .event negedge, v0x55556dcfd0a0_0;
E_0x55556dcfd020/1 .event posedge, v0x55556dcfd3a0_0;
E_0x55556dcfd020 .event/or E_0x55556dcfd020/0, E_0x55556dcfd020/1;
S_0x55556dc90320 .scope module, "SB_DFFNES" "SB_DFFNES" 3 1405;
 .timescale -12 -12;
    .port_info 0 /OUTPUT 1 "Q";
    .port_info 1 /INPUT 1 "C";
    .port_info 2 /INPUT 1 "E";
    .port_info 3 /INPUT 1 "S";
    .port_info 4 /INPUT 1 "D";
o0x7f6ebc9d3cf8 .functor BUFZ 1, c4<z>; HiZ drive
v0x55556dcfd5d0_0 .net "C", 0 0, o0x7f6ebc9d3cf8;  0 drivers
o0x7f6ebc9d3d28 .functor BUFZ 1, c4<z>; HiZ drive
v0x55556dcfd6b0_0 .net "D", 0 0, o0x7f6ebc9d3d28;  0 drivers
o0x7f6ebc9d3d58 .functor BUFZ 1, c4<z>; HiZ drive
v0x55556dcfd770_0 .net "E", 0 0, o0x7f6ebc9d3d58;  0 drivers
v0x55556dcfd810_0 .var "Q", 0 0;
o0x7f6ebc9d3db8 .functor BUFZ 1, c4<z>; HiZ drive
v0x55556dcfd8d0_0 .net "S", 0 0, o0x7f6ebc9d3db8;  0 drivers
E_0x55556dcfd550/0 .event negedge, v0x55556dcfd5d0_0;
E_0x55556dcfd550/1 .event posedge, v0x55556dcfd8d0_0;
E_0x55556dcfd550 .event/or E_0x55556dcfd550/0, E_0x55556dcfd550/1;
S_0x55556dc8ff30 .scope module, "SB_DFFNESR" "SB_DFFNESR" 3 1203;
 .timescale -12 -12;
    .port_info 0 /OUTPUT 1 "Q";
    .port_info 1 /INPUT 1 "C";
    .port_info 2 /INPUT 1 "E";
    .port_info 3 /INPUT 1 "R";
    .port_info 4 /INPUT 1 "D";
o0x7f6ebc9d3ed8 .functor BUFZ 1, c4<z>; HiZ drive
v0x55556dcfdb00_0 .net "C", 0 0, o0x7f6ebc9d3ed8;  0 drivers
o0x7f6ebc9d3f08 .functor BUFZ 1, c4<z>; HiZ drive
v0x55556dcfdbe0_0 .net "D", 0 0, o0x7f6ebc9d3f08;  0 drivers
o0x7f6ebc9d3f38 .functor BUFZ 1, c4<z>; HiZ drive
v0x55556dcfdca0_0 .net "E", 0 0, o0x7f6ebc9d3f38;  0 drivers
v0x55556dcfdd40_0 .var "Q", 0 0;
o0x7f6ebc9d3f98 .functor BUFZ 1, c4<z>; HiZ drive
v0x55556dcfde00_0 .net "R", 0 0, o0x7f6ebc9d3f98;  0 drivers
E_0x55556dcfda80 .event negedge, v0x55556dcfdb00_0;
S_0x55556dc8d030 .scope module, "SB_DFFNESS" "SB_DFFNESS" 3 1344;
 .timescale -12 -12;
    .port_info 0 /OUTPUT 1 "Q";
    .port_info 1 /INPUT 1 "C";
    .port_info 2 /INPUT 1 "E";
    .port_info 3 /INPUT 1 "S";
    .port_info 4 /INPUT 1 "D";
o0x7f6ebc9d40b8 .functor BUFZ 1, c4<z>; HiZ drive
v0x55556dcfe030_0 .net "C", 0 0, o0x7f6ebc9d40b8;  0 drivers
o0x7f6ebc9d40e8 .functor BUFZ 1, c4<z>; HiZ drive
v0x55556dcfe110_0 .net "D", 0 0, o0x7f6ebc9d40e8;  0 drivers
o0x7f6ebc9d4118 .functor BUFZ 1, c4<z>; HiZ drive
v0x55556dcfe1d0_0 .net "E", 0 0, o0x7f6ebc9d4118;  0 drivers
v0x55556dcfe270_0 .var "Q", 0 0;
o0x7f6ebc9d4178 .functor BUFZ 1, c4<z>; HiZ drive
v0x55556dcfe330_0 .net "S", 0 0, o0x7f6ebc9d4178;  0 drivers
E_0x55556dcfdfb0 .event negedge, v0x55556dcfe030_0;
S_0x55556dc8cc40 .scope module, "SB_DFFNR" "SB_DFFNR" 3 1011;
 .timescale -12 -12;
    .port_info 0 /OUTPUT 1 "Q";
    .port_info 1 /INPUT 1 "C";
    .port_info 2 /INPUT 1 "R";
    .port_info 3 /INPUT 1 "D";
o0x7f6ebc9d4298 .functor BUFZ 1, c4<z>; HiZ drive
v0x55556dcfe560_0 .net "C", 0 0, o0x7f6ebc9d4298;  0 drivers
o0x7f6ebc9d42c8 .functor BUFZ 1, c4<z>; HiZ drive
v0x55556dcfe640_0 .net "D", 0 0, o0x7f6ebc9d42c8;  0 drivers
v0x55556dcfe700_0 .var "Q", 0 0;
o0x7f6ebc9d4328 .functor BUFZ 1, c4<z>; HiZ drive
v0x55556dcfe7a0_0 .net "R", 0 0, o0x7f6ebc9d4328;  0 drivers
E_0x55556dcfe4e0/0 .event negedge, v0x55556dcfe560_0;
E_0x55556dcfe4e0/1 .event posedge, v0x55556dcfe7a0_0;
E_0x55556dcfe4e0 .event/or E_0x55556dcfe4e0/0, E_0x55556dcfe4e0/1;
S_0x55556dc86fc0 .scope module, "SB_DFFNS" "SB_DFFNS" 3 1132;
 .timescale -12 -12;
    .port_info 0 /OUTPUT 1 "Q";
    .port_info 1 /INPUT 1 "C";
    .port_info 2 /INPUT 1 "S";
    .port_info 3 /INPUT 1 "D";
o0x7f6ebc9d4418 .functor BUFZ 1, c4<z>; HiZ drive
v0x55556dcfe990_0 .net "C", 0 0, o0x7f6ebc9d4418;  0 drivers
o0x7f6ebc9d4448 .functor BUFZ 1, c4<z>; HiZ drive
v0x55556dcfea70_0 .net "D", 0 0, o0x7f6ebc9d4448;  0 drivers
v0x55556dcfeb30_0 .var "Q", 0 0;
o0x7f6ebc9d44a8 .functor BUFZ 1, c4<z>; HiZ drive
v0x55556dcfebd0_0 .net "S", 0 0, o0x7f6ebc9d44a8;  0 drivers
E_0x55556dcfe910/0 .event negedge, v0x55556dcfe990_0;
E_0x55556dcfe910/1 .event posedge, v0x55556dcfebd0_0;
E_0x55556dcfe910 .event/or E_0x55556dcfe910/0, E_0x55556dcfe910/1;
S_0x55556dc89c60 .scope module, "SB_DFFNSR" "SB_DFFNSR" 3 961;
 .timescale -12 -12;
    .port_info 0 /OUTPUT 1 "Q";
    .port_info 1 /INPUT 1 "C";
    .port_info 2 /INPUT 1 "R";
    .port_info 3 /INPUT 1 "D";
o0x7f6ebc9d4598 .functor BUFZ 1, c4<z>; HiZ drive
v0x55556dcfedc0_0 .net "C", 0 0, o0x7f6ebc9d4598;  0 drivers
o0x7f6ebc9d45c8 .functor BUFZ 1, c4<z>; HiZ drive
v0x55556dcfeea0_0 .net "D", 0 0, o0x7f6ebc9d45c8;  0 drivers
v0x55556dcfef60_0 .var "Q", 0 0;
o0x7f6ebc9d4628 .functor BUFZ 1, c4<z>; HiZ drive
v0x55556dcff000_0 .net "R", 0 0, o0x7f6ebc9d4628;  0 drivers
E_0x55556dcfed40 .event negedge, v0x55556dcfedc0_0;
S_0x55556dc89870 .scope module, "SB_DFFNSS" "SB_DFFNSS" 3 1082;
 .timescale -12 -12;
    .port_info 0 /OUTPUT 1 "Q";
    .port_info 1 /INPUT 1 "C";
    .port_info 2 /INPUT 1 "S";
    .port_info 3 /INPUT 1 "D";
o0x7f6ebc9d4718 .functor BUFZ 1, c4<z>; HiZ drive
v0x55556dcff1f0_0 .net "C", 0 0, o0x7f6ebc9d4718;  0 drivers
o0x7f6ebc9d4748 .functor BUFZ 1, c4<z>; HiZ drive
v0x55556dcff2d0_0 .net "D", 0 0, o0x7f6ebc9d4748;  0 drivers
v0x55556dcff390_0 .var "Q", 0 0;
o0x7f6ebc9d47a8 .functor BUFZ 1, c4<z>; HiZ drive
v0x55556dcff430_0 .net "S", 0 0, o0x7f6ebc9d47a8;  0 drivers
E_0x55556dcff170 .event negedge, v0x55556dcff1f0_0;
S_0x55556dc86c00 .scope module, "SB_DFFR" "SB_DFFR" 3 400;
 .timescale -12 -12;
    .port_info 0 /OUTPUT 1 "Q";
    .port_info 1 /INPUT 1 "C";
    .port_info 2 /INPUT 1 "R";
    .port_info 3 /INPUT 1 "D";
o0x7f6ebc9d4898 .functor BUFZ 1, c4<z>; HiZ drive
v0x55556dcff620_0 .net "C", 0 0, o0x7f6ebc9d4898;  0 drivers
o0x7f6ebc9d48c8 .functor BUFZ 1, c4<z>; HiZ drive
v0x55556dcff700_0 .net "D", 0 0, o0x7f6ebc9d48c8;  0 drivers
v0x55556dcff7c0_0 .var "Q", 0 0;
o0x7f6ebc9d4928 .functor BUFZ 1, c4<z>; HiZ drive
v0x55556dcff860_0 .net "R", 0 0, o0x7f6ebc9d4928;  0 drivers
E_0x55556dcff5a0 .event posedge, v0x55556dcff860_0, v0x55556dcff620_0;
S_0x55556dc70270 .scope module, "SB_DFFS" "SB_DFFS" 3 521;
 .timescale -12 -12;
    .port_info 0 /OUTPUT 1 "Q";
    .port_info 1 /INPUT 1 "C";
    .port_info 2 /INPUT 1 "S";
    .port_info 3 /INPUT 1 "D";
o0x7f6ebc9d4a18 .functor BUFZ 1, c4<z>; HiZ drive
v0x55556dcffa50_0 .net "C", 0 0, o0x7f6ebc9d4a18;  0 drivers
o0x7f6ebc9d4a48 .functor BUFZ 1, c4<z>; HiZ drive
v0x55556dcffb30_0 .net "D", 0 0, o0x7f6ebc9d4a48;  0 drivers
v0x55556dcffbf0_0 .var "Q", 0 0;
o0x7f6ebc9d4aa8 .functor BUFZ 1, c4<z>; HiZ drive
v0x55556dcffc90_0 .net "S", 0 0, o0x7f6ebc9d4aa8;  0 drivers
E_0x55556dcff9d0 .event posedge, v0x55556dcffc90_0, v0x55556dcffa50_0;
S_0x55556dc6ff30 .scope module, "SB_DFFSR" "SB_DFFSR" 3 350;
 .timescale -12 -12;
    .port_info 0 /OUTPUT 1 "Q";
    .port_info 1 /INPUT 1 "C";
    .port_info 2 /INPUT 1 "R";
    .port_info 3 /INPUT 1 "D";
o0x7f6ebc9d4b98 .functor BUFZ 1, c4<z>; HiZ drive
v0x55556dcffe80_0 .net "C", 0 0, o0x7f6ebc9d4b98;  0 drivers
o0x7f6ebc9d4bc8 .functor BUFZ 1, c4<z>; HiZ drive
v0x55556dcfff60_0 .net "D", 0 0, o0x7f6ebc9d4bc8;  0 drivers
v0x55556dd00020_0 .var "Q", 0 0;
o0x7f6ebc9d4c28 .functor BUFZ 1, c4<z>; HiZ drive
v0x55556dd000c0_0 .net "R", 0 0, o0x7f6ebc9d4c28;  0 drivers
E_0x55556dcffe00 .event posedge, v0x55556dcffe80_0;
S_0x55556dc6be20 .scope module, "SB_DFFSS" "SB_DFFSS" 3 471;
 .timescale -12 -12;
    .port_info 0 /OUTPUT 1 "Q";
    .port_info 1 /INPUT 1 "C";
    .port_info 2 /INPUT 1 "S";
    .port_info 3 /INPUT 1 "D";
o0x7f6ebc9d4d18 .functor BUFZ 1, c4<z>; HiZ drive
v0x55556dd002b0_0 .net "C", 0 0, o0x7f6ebc9d4d18;  0 drivers
o0x7f6ebc9d4d48 .functor BUFZ 1, c4<z>; HiZ drive
v0x55556dd00390_0 .net "D", 0 0, o0x7f6ebc9d4d48;  0 drivers
v0x55556dd00450_0 .var "Q", 0 0;
o0x7f6ebc9d4da8 .functor BUFZ 1, c4<z>; HiZ drive
v0x55556dd004f0_0 .net "S", 0 0, o0x7f6ebc9d4da8;  0 drivers
E_0x55556dd00230 .event posedge, v0x55556dd002b0_0;
S_0x55556dc6ba60 .scope module, "SB_FILTER_50NS" "SB_FILTER_50NS" 3 2856;
 .timescale -12 -12;
    .port_info 0 /INPUT 1 "FILTERIN";
    .port_info 1 /OUTPUT 1 "FILTEROUT";
o0x7f6ebc9d4e98 .functor BUFZ 1, c4<z>; HiZ drive
v0x55556dd00660_0 .net "FILTERIN", 0 0, o0x7f6ebc9d4e98;  0 drivers
o0x7f6ebc9d4ec8 .functor BUFZ 1, c4<z>; HiZ drive
v0x55556dd00740_0 .net "FILTEROUT", 0 0, o0x7f6ebc9d4ec8;  0 drivers
S_0x55556dc58ea0 .scope module, "SB_GB" "SB_GB" 3 162;
 .timescale -12 -12;
    .port_info 0 /INPUT 1 "USER_SIGNAL_TO_GLOBAL_BUFFER";
    .port_info 1 /OUTPUT 1 "GLOBAL_BUFFER_OUTPUT";
o0x7f6ebc9d4f88 .functor BUFZ 1, c4<z>; HiZ drive
L_0x55556dd450d0 .functor BUFZ 1, o0x7f6ebc9d4f88, C4<0>, C4<0>, C4<0>;
v0x55556dd00860_0 .net "GLOBAL_BUFFER_OUTPUT", 0 0, L_0x55556dd450d0;  1 drivers
v0x55556dd00920_0 .net "USER_SIGNAL_TO_GLOBAL_BUFFER", 0 0, o0x7f6ebc9d4f88;  0 drivers
S_0x55556dc58ab0 .scope module, "SB_GB_IO" "SB_GB_IO" 3 123;
 .timescale -12 -12;
    .port_info 0 /INOUT 1 "PACKAGE_PIN";
    .port_info 1 /OUTPUT 1 "GLOBAL_BUFFER_OUTPUT";
    .port_info 2 /INPUT 1 "LATCH_INPUT_VALUE";
    .port_info 3 /INPUT 1 "CLOCK_ENABLE";
    .port_info 4 /INPUT 1 "INPUT_CLK";
    .port_info 5 /INPUT 1 "OUTPUT_CLK";
    .port_info 6 /INPUT 1 "OUTPUT_ENABLE";
    .port_info 7 /INPUT 1 "D_OUT_0";
    .port_info 8 /INPUT 1 "D_OUT_1";
    .port_info 9 /OUTPUT 1 "D_IN_0";
    .port_info 10 /OUTPUT 1 "D_IN_1";
P_0x55556dcc4720 .param/str "IO_STANDARD" 0 3 139, "SB_LVCMOS";
P_0x55556dcc4760 .param/l "NEG_TRIGGER" 0 3 138, C4<0>;
P_0x55556dcc47a0 .param/l "PIN_TYPE" 0 3 136, C4<000000>;
P_0x55556dcc47e0 .param/l "PULLUP" 0 3 137, C4<0>;
o0x7f6ebc9d51c8 .functor BUFZ 1, c4<z>; HiZ drive
L_0x55556dd45140 .functor BUFZ 1, o0x7f6ebc9d51c8, C4<0>, C4<0>, C4<0>;
o0x7f6ebc9d5018 .functor BUFZ 1, c4<z>; HiZ drive
v0x55556dd02b00_0 .net "CLOCK_ENABLE", 0 0, o0x7f6ebc9d5018;  0 drivers
v0x55556dd02bc0_0 .net "D_IN_0", 0 0, L_0x55556dd453b0;  1 drivers
v0x55556dd02c90_0 .net "D_IN_1", 0 0, L_0x55556dd45470;  1 drivers
o0x7f6ebc9d50a8 .functor BUFZ 1, c4<z>; HiZ drive
v0x55556dd02d90_0 .net "D_OUT_0", 0 0, o0x7f6ebc9d50a8;  0 drivers
o0x7f6ebc9d50d8 .functor BUFZ 1, c4<z>; HiZ drive
v0x55556dd02e60_0 .net "D_OUT_1", 0 0, o0x7f6ebc9d50d8;  0 drivers
v0x55556dd02f00_0 .net "GLOBAL_BUFFER_OUTPUT", 0 0, L_0x55556dd45140;  1 drivers
o0x7f6ebc9d5108 .functor BUFZ 1, c4<z>; HiZ drive
v0x55556dd02fa0_0 .net "INPUT_CLK", 0 0, o0x7f6ebc9d5108;  0 drivers
o0x7f6ebc9d5138 .functor BUFZ 1, c4<z>; HiZ drive
v0x55556dd03070_0 .net "LATCH_INPUT_VALUE", 0 0, o0x7f6ebc9d5138;  0 drivers
o0x7f6ebc9d5168 .functor BUFZ 1, c4<z>; HiZ drive
v0x55556dd03140_0 .net "OUTPUT_CLK", 0 0, o0x7f6ebc9d5168;  0 drivers
o0x7f6ebc9d5198 .functor BUFZ 1, c4<z>; HiZ drive
v0x55556dd03210_0 .net "OUTPUT_ENABLE", 0 0, o0x7f6ebc9d5198;  0 drivers
v0x55556dd032e0_0 .net "PACKAGE_PIN", 0 0, o0x7f6ebc9d51c8;  0 drivers
S_0x55556dd00a40 .scope module, "IO" "SB_IO" 3 148, 3 17 0, S_0x55556dc58ab0;
 .timescale -12 -12;
    .port_info 0 /INOUT 1 "PACKAGE_PIN";
    .port_info 1 /INPUT 1 "LATCH_INPUT_VALUE";
    .port_info 2 /INPUT 1 "CLOCK_ENABLE";
    .port_info 3 /INPUT 1 "INPUT_CLK";
    .port_info 4 /INPUT 1 "OUTPUT_CLK";
    .port_info 5 /INPUT 1 "OUTPUT_ENABLE";
    .port_info 6 /INPUT 1 "D_OUT_0";
    .port_info 7 /INPUT 1 "D_OUT_1";
    .port_info 8 /OUTPUT 1 "D_IN_0";
    .port_info 9 /OUTPUT 1 "D_IN_1";
P_0x55556dcf24c0 .param/str "IO_STANDARD" 0 3 32, "SB_LVCMOS";
P_0x55556dcf2500 .param/l "NEG_TRIGGER" 0 3 31, C4<0>;
P_0x55556dcf2540 .param/l "PIN_TYPE" 0 3 29, C4<000000>;
P_0x55556dcf2580 .param/l "PULLUP" 0 3 30, C4<0>;
L_0x55556dd452f0 .functor OR 1, o0x7f6ebc9d5018, L_0x55556dd45200, C4<0>, C4<0>;
L_0x55556dd453b0 .functor BUFZ 1, v0x55556dd020d0_0, C4<0>, C4<0>, C4<0>;
L_0x55556dd45470 .functor BUFZ 1, v0x55556dd02190_0, C4<0>, C4<0>, C4<0>;
v0x55556dd014b0_0 .net "CLOCK_ENABLE", 0 0, o0x7f6ebc9d5018;  alias, 0 drivers
v0x55556dd01570_0 .net "D_IN_0", 0 0, L_0x55556dd453b0;  alias, 1 drivers
v0x55556dd01630_0 .net "D_IN_1", 0 0, L_0x55556dd45470;  alias, 1 drivers
v0x55556dd016d0_0 .net "D_OUT_0", 0 0, o0x7f6ebc9d50a8;  alias, 0 drivers
v0x55556dd01790_0 .net "D_OUT_1", 0 0, o0x7f6ebc9d50d8;  alias, 0 drivers
v0x55556dd018a0_0 .net "INPUT_CLK", 0 0, o0x7f6ebc9d5108;  alias, 0 drivers
v0x55556dd01960_0 .net "LATCH_INPUT_VALUE", 0 0, o0x7f6ebc9d5138;  alias, 0 drivers
v0x55556dd01a20_0 .net "OUTPUT_CLK", 0 0, o0x7f6ebc9d5168;  alias, 0 drivers
v0x55556dd01ae0_0 .net "OUTPUT_ENABLE", 0 0, o0x7f6ebc9d5198;  alias, 0 drivers
v0x55556dd01c30_0 .net "PACKAGE_PIN", 0 0, o0x7f6ebc9d51c8;  alias, 0 drivers
o0x7f6ebc9d51f8 .functor BUFZ 1, c4<z>; HiZ drive
; Elide local net with no drivers, v0x55556dd01cf0_0 name=_ivl_0
v0x55556dd01dd0_0 .net *"_ivl_2", 0 0, L_0x55556dd45200;  1 drivers
v0x55556dd01e90_0 .net "clken_pulled", 0 0, L_0x55556dd452f0;  1 drivers
v0x55556dd01f50_0 .var "clken_pulled_ri", 0 0;
v0x55556dd02010_0 .var "clken_pulled_ro", 0 0;
v0x55556dd020d0_0 .var "din_0", 0 0;
v0x55556dd02190_0 .var "din_1", 0 0;
v0x55556dd02360_0 .var "din_q_0", 0 0;
v0x55556dd02420_0 .var "din_q_1", 0 0;
v0x55556dd024e0_0 .var "dout", 0 0;
v0x55556dd025a0_0 .var "dout_q_0", 0 0;
v0x55556dd02660_0 .var "dout_q_1", 0 0;
v0x55556dd02720_0 .var "outclk_delayed_1", 0 0;
v0x55556dd027e0_0 .var "outclk_delayed_2", 0 0;
v0x55556dd028a0_0 .var "outena_q", 0 0;
E_0x55556dd00f50 .event anyedge, v0x55556dd027e0_0, v0x55556dd025a0_0, v0x55556dd02660_0;
E_0x55556dd00fb0 .event anyedge, v0x55556dd02720_0;
E_0x55556dd01010 .event anyedge, v0x55556dd01a20_0;
E_0x55556dd01070 .event anyedge, v0x55556dd02360_0, v0x55556dd02420_0;
L_0x55556dd45200 .cmp/eeq 1, o0x7f6ebc9d5018, o0x7f6ebc9d51f8;
S_0x55556dd01100 .scope generate, "genblk1" "genblk1" 3 45, 3 45 0, S_0x55556dd00a40;
 .timescale -12 -12;
E_0x55556dd012e0 .event posedge, v0x55556dd01a20_0;
E_0x55556dd01360 .event negedge, v0x55556dd01a20_0;
E_0x55556dd013c0 .event negedge, v0x55556dd018a0_0;
E_0x55556dd01420 .event posedge, v0x55556dd018a0_0;
S_0x55556dc582e0 .scope module, "SB_HFOSC" "SB_HFOSC" 3 2664;
 .timescale -12 -12;
    .port_info 0 /INPUT 1 "TRIM0";
    .port_info 1 /INPUT 1 "TRIM1";
    .port_info 2 /INPUT 1 "TRIM2";
    .port_info 3 /INPUT 1 "TRIM3";
    .port_info 4 /INPUT 1 "TRIM4";
    .port_info 5 /INPUT 1 "TRIM5";
    .port_info 6 /INPUT 1 "TRIM6";
    .port_info 7 /INPUT 1 "TRIM7";
    .port_info 8 /INPUT 1 "TRIM8";
    .port_info 9 /INPUT 1 "TRIM9";
    .port_info 10 /INPUT 1 "CLKHFPU";
    .port_info 11 /INPUT 1 "CLKHFEN";
    .port_info 12 /OUTPUT 1 "CLKHF";
P_0x55556db47090 .param/str "CLKHF_DIV" 0 3 2680, "0b00";
P_0x55556db470d0 .param/str "TRIM_EN" 0 3 2679, "0b0";
o0x7f6ebc9d58e8 .functor BUFZ 1, c4<z>; HiZ drive
v0x55556dd033d0_0 .net "CLKHF", 0 0, o0x7f6ebc9d58e8;  0 drivers
o0x7f6ebc9d5918 .functor BUFZ 1, c4<z>; HiZ drive
v0x55556dd034b0_0 .net "CLKHFEN", 0 0, o0x7f6ebc9d5918;  0 drivers
o0x7f6ebc9d5948 .functor BUFZ 1, c4<z>; HiZ drive
v0x55556dd03570_0 .net "CLKHFPU", 0 0, o0x7f6ebc9d5948;  0 drivers
o0x7f6ebc9d5978 .functor BUFZ 1, c4<z>; HiZ drive
v0x55556dd03640_0 .net "TRIM0", 0 0, o0x7f6ebc9d5978;  0 drivers
o0x7f6ebc9d59a8 .functor BUFZ 1, c4<z>; HiZ drive
v0x55556dd03700_0 .net "TRIM1", 0 0, o0x7f6ebc9d59a8;  0 drivers
o0x7f6ebc9d59d8 .functor BUFZ 1, c4<z>; HiZ drive
v0x55556dd037c0_0 .net "TRIM2", 0 0, o0x7f6ebc9d59d8;  0 drivers
o0x7f6ebc9d5a08 .functor BUFZ 1, c4<z>; HiZ drive
v0x55556dd03880_0 .net "TRIM3", 0 0, o0x7f6ebc9d5a08;  0 drivers
o0x7f6ebc9d5a38 .functor BUFZ 1, c4<z>; HiZ drive
v0x55556dd03940_0 .net "TRIM4", 0 0, o0x7f6ebc9d5a38;  0 drivers
o0x7f6ebc9d5a68 .functor BUFZ 1, c4<z>; HiZ drive
v0x55556dd03a00_0 .net "TRIM5", 0 0, o0x7f6ebc9d5a68;  0 drivers
o0x7f6ebc9d5a98 .functor BUFZ 1, c4<z>; HiZ drive
v0x55556dd03b50_0 .net "TRIM6", 0 0, o0x7f6ebc9d5a98;  0 drivers
o0x7f6ebc9d5ac8 .functor BUFZ 1, c4<z>; HiZ drive
v0x55556dd03c10_0 .net "TRIM7", 0 0, o0x7f6ebc9d5ac8;  0 drivers
o0x7f6ebc9d5af8 .functor BUFZ 1, c4<z>; HiZ drive
v0x55556dd03cd0_0 .net "TRIM8", 0 0, o0x7f6ebc9d5af8;  0 drivers
o0x7f6ebc9d5b28 .functor BUFZ 1, c4<z>; HiZ drive
v0x55556dd03d90_0 .net "TRIM9", 0 0, o0x7f6ebc9d5b28;  0 drivers
S_0x55556dc55f90 .scope module, "SB_I2C" "SB_I2C" 3 2733;
 .timescale -12 -12;
    .port_info 0 /INPUT 1 "SBCLKI";
    .port_info 1 /INPUT 1 "SBRWI";
    .port_info 2 /INPUT 1 "SBSTBI";
    .port_info 3 /INPUT 1 "SBADRI7";
    .port_info 4 /INPUT 1 "SBADRI6";
    .port_info 5 /INPUT 1 "SBADRI5";
    .port_info 6 /INPUT 1 "SBADRI4";
    .port_info 7 /INPUT 1 "SBADRI3";
    .port_info 8 /INPUT 1 "SBADRI2";
    .port_info 9 /INPUT 1 "SBADRI1";
    .port_info 10 /INPUT 1 "SBADRI0";
    .port_info 11 /INPUT 1 "SBDATI7";
    .port_info 12 /INPUT 1 "SBDATI6";
    .port_info 13 /INPUT 1 "SBDATI5";
    .port_info 14 /INPUT 1 "SBDATI4";
    .port_info 15 /INPUT 1 "SBDATI3";
    .port_info 16 /INPUT 1 "SBDATI2";
    .port_info 17 /INPUT 1 "SBDATI1";
    .port_info 18 /INPUT 1 "SBDATI0";
    .port_info 19 /INPUT 1 "SCLI";
    .port_info 20 /INPUT 1 "SDAI";
    .port_info 21 /OUTPUT 1 "SBDATO7";
    .port_info 22 /OUTPUT 1 "SBDATO6";
    .port_info 23 /OUTPUT 1 "SBDATO5";
    .port_info 24 /OUTPUT 1 "SBDATO4";
    .port_info 25 /OUTPUT 1 "SBDATO3";
    .port_info 26 /OUTPUT 1 "SBDATO2";
    .port_info 27 /OUTPUT 1 "SBDATO1";
    .port_info 28 /OUTPUT 1 "SBDATO0";
    .port_info 29 /OUTPUT 1 "SBACKO";
    .port_info 30 /OUTPUT 1 "I2CIRQ";
    .port_info 31 /OUTPUT 1 "I2CWKUP";
    .port_info 32 /OUTPUT 1 "SCLO";
    .port_info 33 /OUTPUT 1 "SCLOE";
    .port_info 34 /OUTPUT 1 "SDAO";
    .port_info 35 /OUTPUT 1 "SDAOE";
P_0x55556db471e0 .param/str "BUS_ADDR74" 0 3 2772, "0b0001";
P_0x55556db47220 .param/str "I2C_SLAVE_INIT_ADDR" 0 3 2771, "0b1111100001";
o0x7f6ebc9d5dc8 .functor BUFZ 1, c4<z>; HiZ drive
v0x55556dd04060_0 .net "I2CIRQ", 0 0, o0x7f6ebc9d5dc8;  0 drivers
o0x7f6ebc9d5df8 .functor BUFZ 1, c4<z>; HiZ drive
v0x55556dd04140_0 .net "I2CWKUP", 0 0, o0x7f6ebc9d5df8;  0 drivers
o0x7f6ebc9d5e28 .functor BUFZ 1, c4<z>; HiZ drive
v0x55556dd04200_0 .net "SBACKO", 0 0, o0x7f6ebc9d5e28;  0 drivers
o0x7f6ebc9d5e58 .functor BUFZ 1, c4<z>; HiZ drive
v0x55556dd042a0_0 .net "SBADRI0", 0 0, o0x7f6ebc9d5e58;  0 drivers
o0x7f6ebc9d5e88 .functor BUFZ 1, c4<z>; HiZ drive
v0x55556dd04360_0 .net "SBADRI1", 0 0, o0x7f6ebc9d5e88;  0 drivers
o0x7f6ebc9d5eb8 .functor BUFZ 1, c4<z>; HiZ drive
v0x55556dd04420_0 .net "SBADRI2", 0 0, o0x7f6ebc9d5eb8;  0 drivers
o0x7f6ebc9d5ee8 .functor BUFZ 1, c4<z>; HiZ drive
v0x55556dd044e0_0 .net "SBADRI3", 0 0, o0x7f6ebc9d5ee8;  0 drivers
o0x7f6ebc9d5f18 .functor BUFZ 1, c4<z>; HiZ drive
v0x55556dd045a0_0 .net "SBADRI4", 0 0, o0x7f6ebc9d5f18;  0 drivers
o0x7f6ebc9d5f48 .functor BUFZ 1, c4<z>; HiZ drive
v0x55556dd04660_0 .net "SBADRI5", 0 0, o0x7f6ebc9d5f48;  0 drivers
o0x7f6ebc9d5f78 .functor BUFZ 1, c4<z>; HiZ drive
v0x55556dd047b0_0 .net "SBADRI6", 0 0, o0x7f6ebc9d5f78;  0 drivers
o0x7f6ebc9d5fa8 .functor BUFZ 1, c4<z>; HiZ drive
v0x55556dd04870_0 .net "SBADRI7", 0 0, o0x7f6ebc9d5fa8;  0 drivers
o0x7f6ebc9d5fd8 .functor BUFZ 1, c4<z>; HiZ drive
v0x55556dd04930_0 .net "SBCLKI", 0 0, o0x7f6ebc9d5fd8;  0 drivers
o0x7f6ebc9d6008 .functor BUFZ 1, c4<z>; HiZ drive
v0x55556dd049f0_0 .net "SBDATI0", 0 0, o0x7f6ebc9d6008;  0 drivers
o0x7f6ebc9d6038 .functor BUFZ 1, c4<z>; HiZ drive
v0x55556dd04ab0_0 .net "SBDATI1", 0 0, o0x7f6ebc9d6038;  0 drivers
o0x7f6ebc9d6068 .functor BUFZ 1, c4<z>; HiZ drive
v0x55556dd04b70_0 .net "SBDATI2", 0 0, o0x7f6ebc9d6068;  0 drivers
o0x7f6ebc9d6098 .functor BUFZ 1, c4<z>; HiZ drive
v0x55556dd04c30_0 .net "SBDATI3", 0 0, o0x7f6ebc9d6098;  0 drivers
o0x7f6ebc9d60c8 .functor BUFZ 1, c4<z>; HiZ drive
v0x55556dd04cf0_0 .net "SBDATI4", 0 0, o0x7f6ebc9d60c8;  0 drivers
o0x7f6ebc9d60f8 .functor BUFZ 1, c4<z>; HiZ drive
v0x55556dd04ec0_0 .net "SBDATI5", 0 0, o0x7f6ebc9d60f8;  0 drivers
o0x7f6ebc9d6128 .functor BUFZ 1, c4<z>; HiZ drive
v0x55556dd04f80_0 .net "SBDATI6", 0 0, o0x7f6ebc9d6128;  0 drivers
o0x7f6ebc9d6158 .functor BUFZ 1, c4<z>; HiZ drive
v0x55556dd05040_0 .net "SBDATI7", 0 0, o0x7f6ebc9d6158;  0 drivers
o0x7f6ebc9d6188 .functor BUFZ 1, c4<z>; HiZ drive
v0x55556dd05100_0 .net "SBDATO0", 0 0, o0x7f6ebc9d6188;  0 drivers
o0x7f6ebc9d61b8 .functor BUFZ 1, c4<z>; HiZ drive
v0x55556dd051c0_0 .net "SBDATO1", 0 0, o0x7f6ebc9d61b8;  0 drivers
o0x7f6ebc9d61e8 .functor BUFZ 1, c4<z>; HiZ drive
v0x55556dd05280_0 .net "SBDATO2", 0 0, o0x7f6ebc9d61e8;  0 drivers
o0x7f6ebc9d6218 .functor BUFZ 1, c4<z>; HiZ drive
v0x55556dd05340_0 .net "SBDATO3", 0 0, o0x7f6ebc9d6218;  0 drivers
o0x7f6ebc9d6248 .functor BUFZ 1, c4<z>; HiZ drive
v0x55556dd05400_0 .net "SBDATO4", 0 0, o0x7f6ebc9d6248;  0 drivers
o0x7f6ebc9d6278 .functor BUFZ 1, c4<z>; HiZ drive
v0x55556dd054c0_0 .net "SBDATO5", 0 0, o0x7f6ebc9d6278;  0 drivers
o0x7f6ebc9d62a8 .functor BUFZ 1, c4<z>; HiZ drive
v0x55556dd05580_0 .net "SBDATO6", 0 0, o0x7f6ebc9d62a8;  0 drivers
o0x7f6ebc9d62d8 .functor BUFZ 1, c4<z>; HiZ drive
v0x55556dd05640_0 .net "SBDATO7", 0 0, o0x7f6ebc9d62d8;  0 drivers
o0x7f6ebc9d6308 .functor BUFZ 1, c4<z>; HiZ drive
v0x55556dd05700_0 .net "SBRWI", 0 0, o0x7f6ebc9d6308;  0 drivers
o0x7f6ebc9d6338 .functor BUFZ 1, c4<z>; HiZ drive
v0x55556dd057c0_0 .net "SBSTBI", 0 0, o0x7f6ebc9d6338;  0 drivers
o0x7f6ebc9d6368 .functor BUFZ 1, c4<z>; HiZ drive
v0x55556dd05880_0 .net "SCLI", 0 0, o0x7f6ebc9d6368;  0 drivers
o0x7f6ebc9d6398 .functor BUFZ 1, c4<z>; HiZ drive
v0x55556dd05940_0 .net "SCLO", 0 0, o0x7f6ebc9d6398;  0 drivers
o0x7f6ebc9d63c8 .functor BUFZ 1, c4<z>; HiZ drive
v0x55556dd05a00_0 .net "SCLOE", 0 0, o0x7f6ebc9d63c8;  0 drivers
o0x7f6ebc9d63f8 .functor BUFZ 1, c4<z>; HiZ drive
v0x55556dd05ac0_0 .net "SDAI", 0 0, o0x7f6ebc9d63f8;  0 drivers
o0x7f6ebc9d6428 .functor BUFZ 1, c4<z>; HiZ drive
v0x55556dd05b80_0 .net "SDAO", 0 0, o0x7f6ebc9d6428;  0 drivers
o0x7f6ebc9d6458 .functor BUFZ 1, c4<z>; HiZ drive
v0x55556dd05c40_0 .net "SDAOE", 0 0, o0x7f6ebc9d6458;  0 drivers
S_0x55556dce8300 .scope module, "SB_IO_I3C" "SB_IO_I3C" 3 2862;
 .timescale -12 -12;
    .port_info 0 /INOUT 1 "PACKAGE_PIN";
    .port_info 1 /INPUT 1 "LATCH_INPUT_VALUE";
    .port_info 2 /INPUT 1 "CLOCK_ENABLE";
    .port_info 3 /INPUT 1 "INPUT_CLK";
    .port_info 4 /INPUT 1 "OUTPUT_CLK";
    .port_info 5 /INPUT 1 "OUTPUT_ENABLE";
    .port_info 6 /INPUT 1 "D_OUT_0";
    .port_info 7 /INPUT 1 "D_OUT_1";
    .port_info 8 /OUTPUT 1 "D_IN_0";
    .port_info 9 /OUTPUT 1 "D_IN_1";
    .port_info 10 /INPUT 1 "PU_ENB";
    .port_info 11 /INPUT 1 "WEAK_PU_ENB";
P_0x55556dc56bb0 .param/str "IO_STANDARD" 0 3 2880, "SB_LVCMOS";
P_0x55556dc56bf0 .param/l "NEG_TRIGGER" 0 3 2879, C4<0>;
P_0x55556dc56c30 .param/l "PIN_TYPE" 0 3 2876, C4<000000>;
P_0x55556dc56c70 .param/l "PULLUP" 0 3 2877, C4<0>;
P_0x55556dc56cb0 .param/l "WEAK_PULLUP" 0 3 2878, C4<0>;
L_0x55556dd45530 .functor BUFZ 1, v0x55556dd06fe0_0, C4<0>, C4<0>, C4<0>;
L_0x55556dd455a0 .functor BUFZ 1, v0x55556dd070a0_0, C4<0>, C4<0>, C4<0>;
o0x7f6ebc9d6b48 .functor BUFZ 1, c4<z>; HiZ drive
v0x55556dd066b0_0 .net "CLOCK_ENABLE", 0 0, o0x7f6ebc9d6b48;  0 drivers
v0x55556dd06770_0 .net "D_IN_0", 0 0, L_0x55556dd45530;  1 drivers
v0x55556dd06830_0 .net "D_IN_1", 0 0, L_0x55556dd455a0;  1 drivers
o0x7f6ebc9d6bd8 .functor BUFZ 1, c4<z>; HiZ drive
v0x55556dd068d0_0 .net "D_OUT_0", 0 0, o0x7f6ebc9d6bd8;  0 drivers
o0x7f6ebc9d6c08 .functor BUFZ 1, c4<z>; HiZ drive
v0x55556dd06990_0 .net "D_OUT_1", 0 0, o0x7f6ebc9d6c08;  0 drivers
o0x7f6ebc9d6c38 .functor BUFZ 1, c4<z>; HiZ drive
v0x55556dd06aa0_0 .net "INPUT_CLK", 0 0, o0x7f6ebc9d6c38;  0 drivers
o0x7f6ebc9d6c68 .functor BUFZ 1, c4<z>; HiZ drive
v0x55556dd06b60_0 .net "LATCH_INPUT_VALUE", 0 0, o0x7f6ebc9d6c68;  0 drivers
o0x7f6ebc9d6c98 .functor BUFZ 1, c4<z>; HiZ drive
v0x55556dd06c20_0 .net "OUTPUT_CLK", 0 0, o0x7f6ebc9d6c98;  0 drivers
o0x7f6ebc9d6cc8 .functor BUFZ 1, c4<z>; HiZ drive
v0x55556dd06ce0_0 .net "OUTPUT_ENABLE", 0 0, o0x7f6ebc9d6cc8;  0 drivers
o0x7f6ebc9d6cf8 .functor BUFZ 1, c4<z>; HiZ drive
v0x55556dd06da0_0 .net "PACKAGE_PIN", 0 0, o0x7f6ebc9d6cf8;  0 drivers
o0x7f6ebc9d6d28 .functor BUFZ 1, c4<z>; HiZ drive
v0x55556dd06e60_0 .net "PU_ENB", 0 0, o0x7f6ebc9d6d28;  0 drivers
o0x7f6ebc9d6d58 .functor BUFZ 1, c4<z>; HiZ drive
v0x55556dd06f20_0 .net "WEAK_PU_ENB", 0 0, o0x7f6ebc9d6d58;  0 drivers
v0x55556dd06fe0_0 .var "din_0", 0 0;
v0x55556dd070a0_0 .var "din_1", 0 0;
v0x55556dd07160_0 .var "din_q_0", 0 0;
v0x55556dd07220_0 .var "din_q_1", 0 0;
v0x55556dd072e0_0 .var "dout", 0 0;
v0x55556dd073a0_0 .var "dout_q_0", 0 0;
v0x55556dd07460_0 .var "dout_q_1", 0 0;
v0x55556dd07520_0 .var "outclk_delayed_1", 0 0;
v0x55556dd075e0_0 .var "outclk_delayed_2", 0 0;
v0x55556dd076a0_0 .var "outena_q", 0 0;
E_0x55556dd06180 .event anyedge, v0x55556dd075e0_0, v0x55556dd073a0_0, v0x55556dd07460_0;
E_0x55556dd06200 .event anyedge, v0x55556dd07520_0;
E_0x55556dd06260 .event anyedge, v0x55556dd06c20_0;
E_0x55556dd062c0 .event anyedge, v0x55556dd07160_0, v0x55556dd07220_0;
S_0x55556dd06350 .scope generate, "genblk1" "genblk1" 3 2888, 3 2888 0, S_0x55556dce8300;
 .timescale -12 -12;
E_0x55556dd064e0 .event posedge, v0x55556dd06c20_0;
E_0x55556dd06560 .event negedge, v0x55556dd06c20_0;
E_0x55556dd065c0 .event negedge, v0x55556dd06aa0_0;
E_0x55556dd06620 .event posedge, v0x55556dd06aa0_0;
S_0x55556dc98060 .scope module, "SB_IO_OD" "SB_IO_OD" 3 2931;
 .timescale -12 -12;
    .port_info 0 /INOUT 1 "PACKAGEPIN";
    .port_info 1 /INPUT 1 "LATCHINPUTVALUE";
    .port_info 2 /INPUT 1 "CLOCKENABLE";
    .port_info 3 /INPUT 1 "INPUTCLK";
    .port_info 4 /INPUT 1 "OUTPUTCLK";
    .port_info 5 /INPUT 1 "OUTPUTENABLE";
    .port_info 6 /INPUT 1 "DOUT1";
    .port_info 7 /INPUT 1 "DOUT0";
    .port_info 8 /OUTPUT 1 "DIN1";
    .port_info 9 /OUTPUT 1 "DIN0";
P_0x55556db44600 .param/l "NEG_TRIGGER" 0 3 2944, C4<0>;
P_0x55556db44640 .param/l "PIN_TYPE" 0 3 2943, C4<000000>;
L_0x55556dd45610 .functor BUFZ 1, v0x55556dd085c0_0, C4<0>, C4<0>, C4<0>;
L_0x55556dd45680 .functor BUFZ 1, v0x55556dd08680_0, C4<0>, C4<0>, C4<0>;
o0x7f6ebc9d71a8 .functor BUFZ 1, c4<z>; HiZ drive
v0x55556dd07e10_0 .net "CLOCKENABLE", 0 0, o0x7f6ebc9d71a8;  0 drivers
v0x55556dd07ed0_0 .net "DIN0", 0 0, L_0x55556dd45610;  1 drivers
v0x55556dd07f90_0 .net "DIN1", 0 0, L_0x55556dd45680;  1 drivers
o0x7f6ebc9d7238 .functor BUFZ 1, c4<z>; HiZ drive
v0x55556dd08030_0 .net "DOUT0", 0 0, o0x7f6ebc9d7238;  0 drivers
o0x7f6ebc9d7268 .functor BUFZ 1, c4<z>; HiZ drive
v0x55556dd080f0_0 .net "DOUT1", 0 0, o0x7f6ebc9d7268;  0 drivers
o0x7f6ebc9d7298 .functor BUFZ 1, c4<z>; HiZ drive
v0x55556dd08200_0 .net "INPUTCLK", 0 0, o0x7f6ebc9d7298;  0 drivers
o0x7f6ebc9d72c8 .functor BUFZ 1, c4<z>; HiZ drive
v0x55556dd082c0_0 .net "LATCHINPUTVALUE", 0 0, o0x7f6ebc9d72c8;  0 drivers
o0x7f6ebc9d72f8 .functor BUFZ 1, c4<z>; HiZ drive
v0x55556dd08380_0 .net "OUTPUTCLK", 0 0, o0x7f6ebc9d72f8;  0 drivers
o0x7f6ebc9d7328 .functor BUFZ 1, c4<z>; HiZ drive
v0x55556dd08440_0 .net "OUTPUTENABLE", 0 0, o0x7f6ebc9d7328;  0 drivers
o0x7f6ebc9d7358 .functor BUFZ 1, c4<z>; HiZ drive
v0x55556dd08500_0 .net "PACKAGEPIN", 0 0, o0x7f6ebc9d7358;  0 drivers
v0x55556dd085c0_0 .var "din_0", 0 0;
v0x55556dd08680_0 .var "din_1", 0 0;
v0x55556dd08740_0 .var "din_q_0", 0 0;
v0x55556dd08800_0 .var "din_q_1", 0 0;
v0x55556dd088c0_0 .var "dout", 0 0;
v0x55556dd08980_0 .var "dout_q_0", 0 0;
v0x55556dd08a40_0 .var "dout_q_1", 0 0;
v0x55556dd08c10_0 .var "outclk_delayed_1", 0 0;
v0x55556dd08cd0_0 .var "outclk_delayed_2", 0 0;
v0x55556dd08d90_0 .var "outena_q", 0 0;
E_0x55556dd078e0 .event anyedge, v0x55556dd08cd0_0, v0x55556dd08980_0, v0x55556dd08a40_0;
E_0x55556dd07960 .event anyedge, v0x55556dd08c10_0;
E_0x55556dd079c0 .event anyedge, v0x55556dd08380_0;
E_0x55556dd07a20 .event anyedge, v0x55556dd08740_0, v0x55556dd08800_0;
S_0x55556dd07ab0 .scope generate, "genblk1" "genblk1" 3 2952, 3 2952 0, S_0x55556dc98060;
 .timescale -12 -12;
E_0x55556dd07c40 .event posedge, v0x55556dd08380_0;
E_0x55556dd07cc0 .event negedge, v0x55556dd08380_0;
E_0x55556dd07d20 .event negedge, v0x55556dd08200_0;
E_0x55556dd07d80 .event posedge, v0x55556dd08200_0;
S_0x55556dc95450 .scope module, "SB_LEDDA_IP" "SB_LEDDA_IP" 3 2830;
 .timescale -12 -12;
    .port_info 0 /INPUT 1 "LEDDCS";
    .port_info 1 /INPUT 1 "LEDDCLK";
    .port_info 2 /INPUT 1 "LEDDDAT7";
    .port_info 3 /INPUT 1 "LEDDDAT6";
    .port_info 4 /INPUT 1 "LEDDDAT5";
    .port_info 5 /INPUT 1 "LEDDDAT4";
    .port_info 6 /INPUT 1 "LEDDDAT3";
    .port_info 7 /INPUT 1 "LEDDDAT2";
    .port_info 8 /INPUT 1 "LEDDDAT1";
    .port_info 9 /INPUT 1 "LEDDDAT0";
    .port_info 10 /INPUT 1 "LEDDADDR3";
    .port_info 11 /INPUT 1 "LEDDADDR2";
    .port_info 12 /INPUT 1 "LEDDADDR1";
    .port_info 13 /INPUT 1 "LEDDADDR0";
    .port_info 14 /INPUT 1 "LEDDDEN";
    .port_info 15 /INPUT 1 "LEDDEXE";
    .port_info 16 /INPUT 1 "LEDDRST";
    .port_info 17 /OUTPUT 1 "PWMOUT0";
    .port_info 18 /OUTPUT 1 "PWMOUT1";
    .port_info 19 /OUTPUT 1 "PWMOUT2";
    .port_info 20 /OUTPUT 1 "LEDDON";
o0x7f6ebc9d7748 .functor BUFZ 1, c4<z>; HiZ drive
v0x55556dd08f90_0 .net "LEDDADDR0", 0 0, o0x7f6ebc9d7748;  0 drivers
o0x7f6ebc9d7778 .functor BUFZ 1, c4<z>; HiZ drive
v0x55556dd09070_0 .net "LEDDADDR1", 0 0, o0x7f6ebc9d7778;  0 drivers
o0x7f6ebc9d77a8 .functor BUFZ 1, c4<z>; HiZ drive
v0x55556dd09130_0 .net "LEDDADDR2", 0 0, o0x7f6ebc9d77a8;  0 drivers
o0x7f6ebc9d77d8 .functor BUFZ 1, c4<z>; HiZ drive
v0x55556dd091d0_0 .net "LEDDADDR3", 0 0, o0x7f6ebc9d77d8;  0 drivers
o0x7f6ebc9d7808 .functor BUFZ 1, c4<z>; HiZ drive
v0x55556dd09290_0 .net "LEDDCLK", 0 0, o0x7f6ebc9d7808;  0 drivers
o0x7f6ebc9d7838 .functor BUFZ 1, c4<z>; HiZ drive
v0x55556dd09350_0 .net "LEDDCS", 0 0, o0x7f6ebc9d7838;  0 drivers
o0x7f6ebc9d7868 .functor BUFZ 1, c4<z>; HiZ drive
v0x55556dd09410_0 .net "LEDDDAT0", 0 0, o0x7f6ebc9d7868;  0 drivers
o0x7f6ebc9d7898 .functor BUFZ 1, c4<z>; HiZ drive
v0x55556dd094d0_0 .net "LEDDDAT1", 0 0, o0x7f6ebc9d7898;  0 drivers
o0x7f6ebc9d78c8 .functor BUFZ 1, c4<z>; HiZ drive
v0x55556dd09590_0 .net "LEDDDAT2", 0 0, o0x7f6ebc9d78c8;  0 drivers
o0x7f6ebc9d78f8 .functor BUFZ 1, c4<z>; HiZ drive
v0x55556dd09650_0 .net "LEDDDAT3", 0 0, o0x7f6ebc9d78f8;  0 drivers
o0x7f6ebc9d7928 .functor BUFZ 1, c4<z>; HiZ drive
v0x55556dd09710_0 .net "LEDDDAT4", 0 0, o0x7f6ebc9d7928;  0 drivers
o0x7f6ebc9d7958 .functor BUFZ 1, c4<z>; HiZ drive
v0x55556dd097d0_0 .net "LEDDDAT5", 0 0, o0x7f6ebc9d7958;  0 drivers
o0x7f6ebc9d7988 .functor BUFZ 1, c4<z>; HiZ drive
v0x55556dd09890_0 .net "LEDDDAT6", 0 0, o0x7f6ebc9d7988;  0 drivers
o0x7f6ebc9d79b8 .functor BUFZ 1, c4<z>; HiZ drive
v0x55556dd09950_0 .net "LEDDDAT7", 0 0, o0x7f6ebc9d79b8;  0 drivers
o0x7f6ebc9d79e8 .functor BUFZ 1, c4<z>; HiZ drive
v0x55556dd09a10_0 .net "LEDDDEN", 0 0, o0x7f6ebc9d79e8;  0 drivers
o0x7f6ebc9d7a18 .functor BUFZ 1, c4<z>; HiZ drive
v0x55556dd09ad0_0 .net "LEDDEXE", 0 0, o0x7f6ebc9d7a18;  0 drivers
o0x7f6ebc9d7a48 .functor BUFZ 1, c4<z>; HiZ drive
v0x55556dd09b90_0 .net "LEDDON", 0 0, o0x7f6ebc9d7a48;  0 drivers
o0x7f6ebc9d7a78 .functor BUFZ 1, c4<z>; HiZ drive
v0x55556dd09d60_0 .net "LEDDRST", 0 0, o0x7f6ebc9d7a78;  0 drivers
o0x7f6ebc9d7aa8 .functor BUFZ 1, c4<z>; HiZ drive
v0x55556dd09e20_0 .net "PWMOUT0", 0 0, o0x7f6ebc9d7aa8;  0 drivers
o0x7f6ebc9d7ad8 .functor BUFZ 1, c4<z>; HiZ drive
v0x55556dd09ee0_0 .net "PWMOUT1", 0 0, o0x7f6ebc9d7ad8;  0 drivers
o0x7f6ebc9d7b08 .functor BUFZ 1, c4<z>; HiZ drive
v0x55556dd09fa0_0 .net "PWMOUT2", 0 0, o0x7f6ebc9d7b08;  0 drivers
S_0x55556dcad3e0 .scope module, "SB_LED_DRV_CUR" "SB_LED_DRV_CUR" 3 2709;
 .timescale -12 -12;
    .port_info 0 /INPUT 1 "EN";
    .port_info 1 /OUTPUT 1 "LEDPU";
o0x7f6ebc9d7f28 .functor BUFZ 1, c4<z>; HiZ drive
v0x55556dd0a3b0_0 .net "EN", 0 0, o0x7f6ebc9d7f28;  0 drivers
o0x7f6ebc9d7f58 .functor BUFZ 1, c4<z>; HiZ drive
v0x55556dd0a490_0 .net "LEDPU", 0 0, o0x7f6ebc9d7f58;  0 drivers
S_0x55556dca90b0 .scope module, "SB_LFOSC" "SB_LFOSC" 3 2684;
 .timescale -12 -12;
    .port_info 0 /INPUT 1 "CLKLFPU";
    .port_info 1 /INPUT 1 "CLKLFEN";
    .port_info 2 /OUTPUT 1 "CLKLF";
o0x7f6ebc9d7fe8 .functor BUFZ 1, c4<z>; HiZ drive
v0x55556dd0a5b0_0 .net "CLKLF", 0 0, o0x7f6ebc9d7fe8;  0 drivers
o0x7f6ebc9d8018 .functor BUFZ 1, c4<z>; HiZ drive
v0x55556dd0a670_0 .net "CLKLFEN", 0 0, o0x7f6ebc9d8018;  0 drivers
o0x7f6ebc9d8048 .functor BUFZ 1, c4<z>; HiZ drive
v0x55556dd0a730_0 .net "CLKLFPU", 0 0, o0x7f6ebc9d8048;  0 drivers
S_0x55556dc972e0 .scope module, "SB_LUT4" "SB_LUT4" 3 177;
 .timescale -12 -12;
    .port_info 0 /OUTPUT 1 "O";
    .port_info 1 /INPUT 1 "I0";
    .port_info 2 /INPUT 1 "I1";
    .port_info 3 /INPUT 1 "I2";
    .port_info 4 /INPUT 1 "I3";
P_0x55556dcac4e0 .param/l "LUT_INIT" 0 3 184, C4<0000000000000000>;
o0x7f6ebc9d8108 .functor BUFZ 1, c4<z>; HiZ drive
v0x55556dd0a850_0 .net "I0", 0 0, o0x7f6ebc9d8108;  0 drivers
o0x7f6ebc9d8138 .functor BUFZ 1, c4<z>; HiZ drive
v0x55556dd0a910_0 .net "I1", 0 0, o0x7f6ebc9d8138;  0 drivers
o0x7f6ebc9d8168 .functor BUFZ 1, c4<z>; HiZ drive
v0x55556dd0a9d0_0 .net "I2", 0 0, o0x7f6ebc9d8168;  0 drivers
o0x7f6ebc9d8198 .functor BUFZ 1, c4<z>; HiZ drive
v0x55556dd0aaa0_0 .net "I3", 0 0, o0x7f6ebc9d8198;  0 drivers
v0x55556dd0ab60_0 .net "O", 0 0, L_0x55556dd460b0;  1 drivers
L_0x7f6ebc9863c0 .functor BUFT 1, C4<00000000>, C4<0>, C4<0>, C4<0>;
v0x55556dd0ac20_0 .net/2u *"_ivl_0", 7 0, L_0x7f6ebc9863c0;  1 drivers
v0x55556dd0ad00_0 .net *"_ivl_13", 1 0, L_0x55556dd45bc0;  1 drivers
v0x55556dd0ade0_0 .net *"_ivl_15", 1 0, L_0x55556dd45cb0;  1 drivers
v0x55556dd0aec0_0 .net *"_ivl_19", 0 0, L_0x55556dd45ed0;  1 drivers
L_0x7f6ebc986408 .functor BUFT 1, C4<00000000>, C4<0>, C4<0>, C4<0>;
v0x55556dd0afa0_0 .net/2u *"_ivl_2", 7 0, L_0x7f6ebc986408;  1 drivers
v0x55556dd0b080_0 .net *"_ivl_21", 0 0, L_0x55556dd46010;  1 drivers
v0x55556dd0b160_0 .net *"_ivl_7", 3 0, L_0x55556dd45890;  1 drivers
v0x55556dd0b240_0 .net *"_ivl_9", 3 0, L_0x55556dd45980;  1 drivers
v0x55556dd0b320_0 .net "s1", 1 0, L_0x55556dd45d90;  1 drivers
v0x55556dd0b400_0 .net "s2", 3 0, L_0x55556dd45a20;  1 drivers
v0x55556dd0b4e0_0 .net "s3", 7 0, L_0x55556dd456f0;  1 drivers
L_0x55556dd456f0 .functor MUXZ 8, L_0x7f6ebc986408, L_0x7f6ebc9863c0, o0x7f6ebc9d8198, C4<>;
L_0x55556dd45890 .part L_0x55556dd456f0, 4, 4;
L_0x55556dd45980 .part L_0x55556dd456f0, 0, 4;
L_0x55556dd45a20 .functor MUXZ 4, L_0x55556dd45980, L_0x55556dd45890, o0x7f6ebc9d8168, C4<>;
L_0x55556dd45bc0 .part L_0x55556dd45a20, 2, 2;
L_0x55556dd45cb0 .part L_0x55556dd45a20, 0, 2;
L_0x55556dd45d90 .functor MUXZ 2, L_0x55556dd45cb0, L_0x55556dd45bc0, o0x7f6ebc9d8138, C4<>;
L_0x55556dd45ed0 .part L_0x55556dd45d90, 1, 1;
L_0x55556dd46010 .part L_0x55556dd45d90, 0, 1;
L_0x55556dd460b0 .functor MUXZ 1, L_0x55556dd46010, L_0x55556dd45ed0, o0x7f6ebc9d8108, C4<>;
S_0x55556dca7d90 .scope module, "SB_MAC16" "SB_MAC16" 3 2996;
 .timescale -12 -12;
    .port_info 0 /INPUT 1 "CLK";
    .port_info 1 /INPUT 1 "CE";
    .port_info 2 /INPUT 16 "C";
    .port_info 3 /INPUT 16 "A";
    .port_info 4 /INPUT 16 "B";
    .port_info 5 /INPUT 16 "D";
    .port_info 6 /INPUT 1 "AHOLD";
    .port_info 7 /INPUT 1 "BHOLD";
    .port_info 8 /INPUT 1 "CHOLD";
    .port_info 9 /INPUT 1 "DHOLD";
    .port_info 10 /INPUT 1 "IRSTTOP";
    .port_info 11 /INPUT 1 "IRSTBOT";
    .port_info 12 /INPUT 1 "ORSTTOP";
    .port_info 13 /INPUT 1 "ORSTBOT";
    .port_info 14 /INPUT 1 "OLOADTOP";
    .port_info 15 /INPUT 1 "OLOADBOT";
    .port_info 16 /INPUT 1 "ADDSUBTOP";
    .port_info 17 /INPUT 1 "ADDSUBBOT";
    .port_info 18 /INPUT 1 "OHOLDTOP";
    .port_info 19 /INPUT 1 "OHOLDBOT";
    .port_info 20 /INPUT 1 "CI";
    .port_info 21 /INPUT 1 "ACCUMCI";
    .port_info 22 /INPUT 1 "SIGNEXTIN";
    .port_info 23 /OUTPUT 32 "O";
    .port_info 24 /OUTPUT 1 "CO";
    .port_info 25 /OUTPUT 1 "ACCUMCO";
    .port_info 26 /OUTPUT 1 "SIGNEXTOUT";
P_0x55556db58030 .param/l "A_REG" 0 3 3011, C4<0>;
P_0x55556db58070 .param/l "A_SIGNED" 0 3 3027, C4<0>;
P_0x55556db580b0 .param/l "BOTADDSUB_CARRYSELECT" 0 3 3025, C4<00>;
P_0x55556db580f0 .param/l "BOTADDSUB_LOWERINPUT" 0 3 3023, C4<00>;
P_0x55556db58130 .param/l "BOTADDSUB_UPPERINPUT" 0 3 3024, C4<0>;
P_0x55556db58170 .param/l "BOTOUTPUT_SELECT" 0 3 3022, C4<00>;
P_0x55556db581b0 .param/l "BOT_8x8_MULT_REG" 0 3 3015, C4<0>;
P_0x55556db581f0 .param/l "B_REG" 0 3 3012, C4<0>;
P_0x55556db58230 .param/l "B_SIGNED" 0 3 3028, C4<0>;
P_0x55556db58270 .param/l "C_REG" 0 3 3010, C4<0>;
P_0x55556db582b0 .param/l "D_REG" 0 3 3013, C4<0>;
P_0x55556db582f0 .param/l "MODE_8x8" 0 3 3026, C4<0>;
P_0x55556db58330 .param/l "NEG_TRIGGER" 0 3 3009, C4<0>;
P_0x55556db58370 .param/l "PIPELINE_16x16_MULT_REG1" 0 3 3016, C4<0>;
P_0x55556db583b0 .param/l "PIPELINE_16x16_MULT_REG2" 0 3 3017, C4<0>;
P_0x55556db583f0 .param/l "TOPADDSUB_CARRYSELECT" 0 3 3021, C4<00>;
P_0x55556db58430 .param/l "TOPADDSUB_LOWERINPUT" 0 3 3019, C4<00>;
P_0x55556db58470 .param/l "TOPADDSUB_UPPERINPUT" 0 3 3020, C4<0>;
P_0x55556db584b0 .param/l "TOPOUTPUT_SELECT" 0 3 3018, C4<00>;
P_0x55556db584f0 .param/l "TOP_8x8_MULT_REG" 0 3 3014, C4<0>;
o0x7f6ebc9d87f8 .functor BUFZ 1, c4<z>; HiZ drive
L_0x7f6ebc986450 .functor BUFT 1, C4<0>, C4<0>, C4<0>, C4<0>;
L_0x55556dd46230 .functor XOR 1, o0x7f6ebc9d87f8, L_0x7f6ebc986450, C4<0>, C4<0>;
o0x7f6ebc9d8738 .functor BUFZ 16, c4<zzzzzzzzzzzzzzzz>; HiZ drive
L_0x55556dd46320 .functor BUFZ 16, o0x7f6ebc9d8738, C4<0000000000000000>, C4<0000000000000000>, C4<0000000000000000>;
o0x7f6ebc9d84f8 .functor BUFZ 16, c4<zzzzzzzzzzzzzzzz>; HiZ drive
L_0x55556dd463c0 .functor BUFZ 16, o0x7f6ebc9d84f8, C4<0000000000000000>, C4<0000000000000000>, C4<0000000000000000>;
o0x7f6ebc9d8678 .functor BUFZ 16, c4<zzzzzzzzzzzzzzzz>; HiZ drive
L_0x55556dd46490 .functor BUFZ 16, o0x7f6ebc9d8678, C4<0000000000000000>, C4<0000000000000000>, C4<0000000000000000>;
o0x7f6ebc9d8858 .functor BUFZ 16, c4<zzzzzzzzzzzzzzzz>; HiZ drive
L_0x55556dd46590 .functor BUFZ 16, o0x7f6ebc9d8858, C4<0000000000000000>, C4<0000000000000000>, C4<0000000000000000>;
L_0x55556dd47440 .functor BUFZ 16, L_0x55556dd46fd0, C4<0000000000000000>, C4<0000000000000000>, C4<0000000000000000>;
L_0x55556dd47a10 .functor BUFZ 16, L_0x55556dd47350, C4<0000000000000000>, C4<0000000000000000>, C4<0000000000000000>;
L_0x55556dd47ad0 .functor BUFZ 16, L_0x55556dd47760, C4<0000000000000000>, C4<0000000000000000>, C4<0000000000000000>;
L_0x55556dd47be0 .functor BUFZ 16, L_0x55556dd47850, C4<0000000000000000>, C4<0000000000000000>, C4<0000000000000000>;
L_0x55556dd485e0 .functor BUFZ 32, L_0x55556dd492b0, C4<00000000000000000000000000000000>, C4<00000000000000000000000000000000>, C4<00000000000000000000000000000000>;
L_0x55556dd494a0 .functor BUFZ 16, v0x55556dd135d0_0, C4<0000000000000000>, C4<0000000000000000>, C4<0000000000000000>;
L_0x55556dd49510 .functor BUFZ 16, L_0x55556dd463c0, C4<0000000000000000>, C4<0000000000000000>, C4<0000000000000000>;
L_0x55556dd49f00 .functor XOR 17, L_0x55556dd49a50, L_0x55556dd49d90, C4<00000000000000000>, C4<00000000000000000>;
o0x7f6ebc9d85b8 .functor BUFZ 1, c4<z>; HiZ drive
L_0x55556dd4a0b0 .functor XOR 1, L_0x55556dd495f0, o0x7f6ebc9d85b8, C4<0>, C4<0>;
L_0x55556dd49580 .functor XOR 16, L_0x55556dd497a0, L_0x55556dd4a420, C4<0000000000000000>, C4<0000000000000000>;
L_0x55556dd4a940 .functor BUFZ 16, L_0x55556dd4a6b0, C4<0000000000000000>, C4<0000000000000000>, C4<0000000000000000>;
L_0x55556dd4ac00 .functor BUFZ 16, v0x55556dd136b0_0, C4<0000000000000000>, C4<0000000000000000>, C4<0000000000000000>;
L_0x55556dd4ad10 .functor BUFZ 16, L_0x55556dd46490, C4<0000000000000000>, C4<0000000000000000>, C4<0000000000000000>;
L_0x55556dd4b890 .functor XOR 17, L_0x55556dd4b200, L_0x55556dd4b590, C4<00000000000000000>, C4<00000000000000000>;
L_0x55556dd4ba50 .functor XOR 16, L_0x55556dd4ae50, L_0x55556dd4bdf0, C4<0000000000000000>, C4<0000000000000000>;
L_0x55556dd4c3f0 .functor BUFZ 16, L_0x55556dd4bf80, C4<0000000000000000>, C4<0000000000000000>, C4<0000000000000000>;
v0x55556dd0b830_0 .net "A", 15 0, o0x7f6ebc9d84f8;  0 drivers
o0x7f6ebc9d8528 .functor BUFZ 1, c4<z>; HiZ drive
v0x55556dd0b910_0 .net "ACCUMCI", 0 0, o0x7f6ebc9d8528;  0 drivers
v0x55556dd0b9d0_0 .net "ACCUMCO", 0 0, L_0x55556dd495f0;  1 drivers
o0x7f6ebc9d8588 .functor BUFZ 1, c4<z>; HiZ drive
v0x55556dd0ba70_0 .net "ADDSUBBOT", 0 0, o0x7f6ebc9d8588;  0 drivers
v0x55556dd0bb30_0 .net "ADDSUBTOP", 0 0, o0x7f6ebc9d85b8;  0 drivers
o0x7f6ebc9d85e8 .functor BUFZ 1, c4<z>; HiZ drive
v0x55556dd0bbf0_0 .net "AHOLD", 0 0, o0x7f6ebc9d85e8;  0 drivers
v0x55556dd0bcb0_0 .net "Ah", 15 0, L_0x55556dd467b0;  1 drivers
v0x55556dd0bd90_0 .net "Al", 15 0, L_0x55556dd46990;  1 drivers
v0x55556dd0be70_0 .net "B", 15 0, o0x7f6ebc9d8678;  0 drivers
o0x7f6ebc9d86a8 .functor BUFZ 1, c4<z>; HiZ drive
v0x55556dd0bfe0_0 .net "BHOLD", 0 0, o0x7f6ebc9d86a8;  0 drivers
v0x55556dd0c0a0_0 .net "Bh", 15 0, L_0x55556dd46c20;  1 drivers
v0x55556dd0c180_0 .net "Bl", 15 0, L_0x55556dd46e40;  1 drivers
v0x55556dd0c260_0 .net "C", 15 0, o0x7f6ebc9d8738;  0 drivers
o0x7f6ebc9d8768 .functor BUFZ 1, c4<z>; HiZ drive
v0x55556dd0c340_0 .net "CE", 0 0, o0x7f6ebc9d8768;  0 drivers
o0x7f6ebc9d8798 .functor BUFZ 1, c4<z>; HiZ drive
v0x55556dd0c400_0 .net "CHOLD", 0 0, o0x7f6ebc9d8798;  0 drivers
o0x7f6ebc9d87c8 .functor BUFZ 1, c4<z>; HiZ drive
v0x55556dd0c4c0_0 .net "CI", 0 0, o0x7f6ebc9d87c8;  0 drivers
v0x55556dd0c580_0 .net "CLK", 0 0, o0x7f6ebc9d87f8;  0 drivers
v0x55556dd0c750_0 .net "CO", 0 0, L_0x55556dd4a0b0;  1 drivers
v0x55556dd0c810_0 .net "D", 15 0, o0x7f6ebc9d8858;  0 drivers
o0x7f6ebc9d8888 .functor BUFZ 1, c4<z>; HiZ drive
v0x55556dd0c8f0_0 .net "DHOLD", 0 0, o0x7f6ebc9d8888;  0 drivers
L_0x7f6ebc9869a8 .functor BUFT 1, C4<0>, C4<0>, C4<0>, C4<0>;
v0x55556dd0c9b0_0 .net "HCI", 0 0, L_0x7f6ebc9869a8;  1 drivers
o0x7f6ebc9d88e8 .functor BUFZ 1, c4<z>; HiZ drive
v0x55556dd0ca70_0 .net "IRSTBOT", 0 0, o0x7f6ebc9d88e8;  0 drivers
o0x7f6ebc9d8918 .functor BUFZ 1, c4<z>; HiZ drive
v0x55556dd0cb30_0 .net "IRSTTOP", 0 0, o0x7f6ebc9d8918;  0 drivers
L_0x7f6ebc986ac8 .functor BUFT 1, C4<0>, C4<0>, C4<0>, C4<0>;
v0x55556dd0cbf0_0 .net "LCI", 0 0, L_0x7f6ebc986ac8;  1 drivers
v0x55556dd0ccb0_0 .net "LCO", 0 0, L_0x55556dd4ad80;  1 drivers
v0x55556dd0cd70_0 .net "O", 31 0, L_0x55556dd4c4b0;  1 drivers
o0x7f6ebc9d89d8 .functor BUFZ 1, c4<z>; HiZ drive
v0x55556dd0ce50_0 .net "OHOLDBOT", 0 0, o0x7f6ebc9d89d8;  0 drivers
o0x7f6ebc9d8a08 .functor BUFZ 1, c4<z>; HiZ drive
v0x55556dd0cf10_0 .net "OHOLDTOP", 0 0, o0x7f6ebc9d8a08;  0 drivers
o0x7f6ebc9d8a38 .functor BUFZ 1, c4<z>; HiZ drive
v0x55556dd0cfd0_0 .net "OLOADBOT", 0 0, o0x7f6ebc9d8a38;  0 drivers
o0x7f6ebc9d8a68 .functor BUFZ 1, c4<z>; HiZ drive
v0x55556dd0d090_0 .net "OLOADTOP", 0 0, o0x7f6ebc9d8a68;  0 drivers
o0x7f6ebc9d8a98 .functor BUFZ 1, c4<z>; HiZ drive
v0x55556dd0d150_0 .net "ORSTBOT", 0 0, o0x7f6ebc9d8a98;  0 drivers
o0x7f6ebc9d8ac8 .functor BUFZ 1, c4<z>; HiZ drive
v0x55556dd0d210_0 .net "ORSTTOP", 0 0, o0x7f6ebc9d8ac8;  0 drivers
v0x55556dd0d2d0_0 .net "Oh", 15 0, L_0x55556dd4a940;  1 drivers
v0x55556dd0d5c0_0 .net "Ol", 15 0, L_0x55556dd4c3f0;  1 drivers
o0x7f6ebc9d8b58 .functor BUFZ 1, c4<z>; HiZ drive
v0x55556dd0d6a0_0 .net "SIGNEXTIN", 0 0, o0x7f6ebc9d8b58;  0 drivers
v0x55556dd0d760_0 .net "SIGNEXTOUT", 0 0, L_0x55556dd4aa00;  1 drivers
v0x55556dd0d820_0 .net "XW", 15 0, L_0x55556dd497a0;  1 drivers
v0x55556dd0d900_0 .net "YZ", 15 0, L_0x55556dd4ae50;  1 drivers
v0x55556dd0d9e0_0 .net/2u *"_ivl_0", 0 0, L_0x7f6ebc986450;  1 drivers
v0x55556dd0dac0_0 .net *"_ivl_100", 31 0, L_0x55556dd48d50;  1 drivers
L_0x7f6ebc986840 .functor BUFT 1, C4<0000000000000000>, C4<0>, C4<0>, C4<0>;
v0x55556dd0dba0_0 .net *"_ivl_103", 15 0, L_0x7f6ebc986840;  1 drivers
v0x55556dd0dc80_0 .net *"_ivl_104", 31 0, L_0x55556dd49070;  1 drivers
v0x55556dd0dd60_0 .net *"_ivl_106", 15 0, L_0x55556dd48f80;  1 drivers
L_0x7f6ebc986888 .functor BUFT 1, C4<0000000000000000>, C4<0>, C4<0>, C4<0>;
v0x55556dd0de40_0 .net *"_ivl_108", 15 0, L_0x7f6ebc986888;  1 drivers
L_0x7f6ebc986498 .functor BUFT 1, C4<00000000>, C4<0>, C4<0>, C4<0>;
v0x55556dd0df20_0 .net/2u *"_ivl_12", 7 0, L_0x7f6ebc986498;  1 drivers
v0x55556dd0e000_0 .net *"_ivl_121", 16 0, L_0x55556dd49840;  1 drivers
L_0x7f6ebc9868d0 .functor BUFT 1, C4<0>, C4<0>, C4<0>, C4<0>;
v0x55556dd0e0e0_0 .net *"_ivl_124", 0 0, L_0x7f6ebc9868d0;  1 drivers
v0x55556dd0e1c0_0 .net *"_ivl_125", 16 0, L_0x55556dd49a50;  1 drivers
L_0x7f6ebc986918 .functor BUFT 1, C4<0>, C4<0>, C4<0>, C4<0>;
v0x55556dd0e2a0_0 .net *"_ivl_128", 0 0, L_0x7f6ebc986918;  1 drivers
v0x55556dd0e380_0 .net *"_ivl_130", 15 0, L_0x55556dd49b90;  1 drivers
v0x55556dd0e460_0 .net *"_ivl_131", 16 0, L_0x55556dd49d90;  1 drivers
L_0x7f6ebc986960 .functor BUFT 1, C4<0>, C4<0>, C4<0>, C4<0>;
v0x55556dd0e540_0 .net *"_ivl_134", 0 0, L_0x7f6ebc986960;  1 drivers
v0x55556dd0e620_0 .net *"_ivl_135", 16 0, L_0x55556dd49f00;  1 drivers
v0x55556dd0e700_0 .net *"_ivl_137", 16 0, L_0x55556dd4a010;  1 drivers
L_0x7f6ebc986be8 .functor BUFT 1, C4<00000000000000000>, C4<0>, C4<0>, C4<0>;
v0x55556dd0e7e0_0 .net *"_ivl_139", 16 0, L_0x7f6ebc986be8;  1 drivers
v0x55556dd0e8c0_0 .net *"_ivl_143", 16 0, L_0x55556dd49c60;  1 drivers
v0x55556dd0e9a0_0 .net *"_ivl_148", 15 0, L_0x55556dd4a420;  1 drivers
v0x55556dd0ea80_0 .net *"_ivl_149", 15 0, L_0x55556dd49580;  1 drivers
v0x55556dd0eb60_0 .net *"_ivl_15", 7 0, L_0x55556dd46690;  1 drivers
v0x55556dd0ec40_0 .net *"_ivl_168", 16 0, L_0x55556dd4b090;  1 drivers
L_0x7f6ebc9869f0 .functor BUFT 1, C4<0>, C4<0>, C4<0>, C4<0>;
v0x55556dd0ed20_0 .net *"_ivl_171", 0 0, L_0x7f6ebc9869f0;  1 drivers
v0x55556dd0ee00_0 .net *"_ivl_172", 16 0, L_0x55556dd4b200;  1 drivers
L_0x7f6ebc986a38 .functor BUFT 1, C4<0>, C4<0>, C4<0>, C4<0>;
v0x55556dd0eee0_0 .net *"_ivl_175", 0 0, L_0x7f6ebc986a38;  1 drivers
v0x55556dd0efc0_0 .net *"_ivl_177", 15 0, L_0x55556dd4b4c0;  1 drivers
v0x55556dd0f0a0_0 .net *"_ivl_178", 16 0, L_0x55556dd4b590;  1 drivers
L_0x7f6ebc9864e0 .functor BUFT 1, C4<00000000>, C4<0>, C4<0>, C4<0>;
v0x55556dd0f180_0 .net/2u *"_ivl_18", 7 0, L_0x7f6ebc9864e0;  1 drivers
L_0x7f6ebc986a80 .functor BUFT 1, C4<0>, C4<0>, C4<0>, C4<0>;
v0x55556dd0f260_0 .net *"_ivl_181", 0 0, L_0x7f6ebc986a80;  1 drivers
v0x55556dd0f340_0 .net *"_ivl_182", 16 0, L_0x55556dd4b890;  1 drivers
v0x55556dd0f420_0 .net *"_ivl_184", 16 0, L_0x55556dd4ac70;  1 drivers
L_0x7f6ebc986c30 .functor BUFT 1, C4<00000000000000000>, C4<0>, C4<0>, C4<0>;
v0x55556dd0f500_0 .net *"_ivl_186", 16 0, L_0x7f6ebc986c30;  1 drivers
v0x55556dd0f5e0_0 .net *"_ivl_190", 16 0, L_0x55556dd4bb60;  1 drivers
v0x55556dd0f6c0_0 .net *"_ivl_193", 15 0, L_0x55556dd4bdf0;  1 drivers
v0x55556dd0f7a0_0 .net *"_ivl_194", 15 0, L_0x55556dd4ba50;  1 drivers
v0x55556dd0f880_0 .net *"_ivl_21", 7 0, L_0x55556dd468f0;  1 drivers
L_0x7f6ebc986528 .functor BUFT 1, C4<00000000>, C4<0>, C4<0>, C4<0>;
v0x55556dd0f960_0 .net/2u *"_ivl_24", 7 0, L_0x7f6ebc986528;  1 drivers
v0x55556dd0fa40_0 .net *"_ivl_27", 7 0, L_0x55556dd46b30;  1 drivers
L_0x7f6ebc986570 .functor BUFT 1, C4<00000000>, C4<0>, C4<0>, C4<0>;
v0x55556dd0fb20_0 .net/2u *"_ivl_30", 7 0, L_0x7f6ebc986570;  1 drivers
v0x55556dd0fc00_0 .net *"_ivl_33", 7 0, L_0x55556dd46da0;  1 drivers
L_0x7f6ebc9865b8 .functor BUFT 1, C4<00000000>, C4<0>, C4<0>, C4<0>;
v0x55556dd0fce0_0 .net/2u *"_ivl_38", 7 0, L_0x7f6ebc9865b8;  1 drivers
v0x55556dd0fdc0_0 .net *"_ivl_41", 7 0, L_0x55556dd47110;  1 drivers
v0x55556dd0fea0_0 .net *"_ivl_42", 15 0, L_0x55556dd47260;  1 drivers
L_0x7f6ebc986600 .functor BUFT 1, C4<00000000>, C4<0>, C4<0>, C4<0>;
v0x55556dd0ff80_0 .net/2u *"_ivl_46", 7 0, L_0x7f6ebc986600;  1 drivers
v0x55556dd10060_0 .net *"_ivl_49", 7 0, L_0x55556dd474b0;  1 drivers
v0x55556dd10140_0 .net *"_ivl_50", 15 0, L_0x55556dd475a0;  1 drivers
L_0x7f6ebc986648 .functor BUFT 1, C4<00000000>, C4<0>, C4<0>, C4<0>;
v0x55556dd10220_0 .net/2u *"_ivl_64", 7 0, L_0x7f6ebc986648;  1 drivers
L_0x7f6ebc986690 .functor BUFT 1, C4<00000000>, C4<0>, C4<0>, C4<0>;
v0x55556dd10300_0 .net/2u *"_ivl_68", 7 0, L_0x7f6ebc986690;  1 drivers
v0x55556dd103e0_0 .net *"_ivl_72", 31 0, L_0x55556dd47fc0;  1 drivers
L_0x7f6ebc9866d8 .functor BUFT 1, C4<0000000000000000>, C4<0>, C4<0>, C4<0>;
v0x55556dd104c0_0 .net *"_ivl_75", 15 0, L_0x7f6ebc9866d8;  1 drivers
v0x55556dd105a0_0 .net *"_ivl_76", 31 0, L_0x55556dd48100;  1 drivers
L_0x7f6ebc986720 .functor BUFT 1, C4<00000000>, C4<0>, C4<0>, C4<0>;
v0x55556dd10680_0 .net *"_ivl_79", 7 0, L_0x7f6ebc986720;  1 drivers
v0x55556dd10760_0 .net *"_ivl_80", 31 0, L_0x55556dd48340;  1 drivers
v0x55556dd10840_0 .net *"_ivl_82", 23 0, L_0x55556dd47f20;  1 drivers
L_0x7f6ebc986768 .functor BUFT 1, C4<00000000>, C4<0>, C4<0>, C4<0>;
v0x55556dd10920_0 .net *"_ivl_84", 7 0, L_0x7f6ebc986768;  1 drivers
v0x55556dd10a00_0 .net *"_ivl_86", 31 0, L_0x55556dd48540;  1 drivers
v0x55556dd10ae0_0 .net *"_ivl_88", 31 0, L_0x55556dd486f0;  1 drivers
L_0x7f6ebc9867b0 .functor BUFT 1, C4<00000000>, C4<0>, C4<0>, C4<0>;
v0x55556dd10bc0_0 .net *"_ivl_91", 7 0, L_0x7f6ebc9867b0;  1 drivers
v0x55556dd10ca0_0 .net *"_ivl_92", 31 0, L_0x55556dd489f0;  1 drivers
v0x55556dd10d80_0 .net *"_ivl_94", 23 0, L_0x55556dd48900;  1 drivers
L_0x7f6ebc9867f8 .functor BUFT 1, C4<00000000>, C4<0>, C4<0>, C4<0>;
v0x55556dd10e60_0 .net *"_ivl_96", 7 0, L_0x7f6ebc9867f8;  1 drivers
v0x55556dd10f40_0 .net *"_ivl_98", 31 0, L_0x55556dd48c10;  1 drivers
v0x55556dd11020_0 .net "clock", 0 0, L_0x55556dd46230;  1 drivers
v0x55556dd110e0_0 .net "iA", 15 0, L_0x55556dd463c0;  1 drivers
v0x55556dd111c0_0 .net "iB", 15 0, L_0x55556dd46490;  1 drivers
v0x55556dd112a0_0 .net "iC", 15 0, L_0x55556dd46320;  1 drivers
v0x55556dd11380_0 .net "iD", 15 0, L_0x55556dd46590;  1 drivers
v0x55556dd11460_0 .net "iF", 15 0, L_0x55556dd47440;  1 drivers
v0x55556dd11540_0 .net "iG", 15 0, L_0x55556dd47be0;  1 drivers
v0x55556dd11620_0 .net "iH", 31 0, L_0x55556dd485e0;  1 drivers
v0x55556dd11700_0 .net "iJ", 15 0, L_0x55556dd47a10;  1 drivers
v0x55556dd117e0_0 .net "iJ_e", 23 0, L_0x55556dd47de0;  1 drivers
v0x55556dd118c0_0 .net "iK", 15 0, L_0x55556dd47ad0;  1 drivers
v0x55556dd119a0_0 .net "iK_e", 23 0, L_0x55556dd47ca0;  1 drivers
v0x55556dd11a80_0 .net "iL", 31 0, L_0x55556dd492b0;  1 drivers
v0x55556dd11b60_0 .net "iP", 15 0, L_0x55556dd4a6b0;  1 drivers
v0x55556dd11c40_0 .net "iQ", 15 0, v0x55556dd135d0_0;  1 drivers
v0x55556dd11d20_0 .net "iR", 15 0, L_0x55556dd4bf80;  1 drivers
v0x55556dd11e00_0 .net "iS", 15 0, v0x55556dd136b0_0;  1 drivers
v0x55556dd11ee0_0 .net "iW", 15 0, L_0x55556dd494a0;  1 drivers
v0x55556dd11fc0_0 .net "iX", 15 0, L_0x55556dd49510;  1 drivers
v0x55556dd120a0_0 .net "iY", 15 0, L_0x55556dd4ac00;  1 drivers
v0x55556dd12180_0 .net "iZ", 15 0, L_0x55556dd4ad10;  1 drivers
v0x55556dd12260_0 .net "p_Ah_Bh", 15 0, L_0x55556dd46fd0;  1 drivers
v0x55556dd12340_0 .net "p_Ah_Bl", 15 0, L_0x55556dd47760;  1 drivers
v0x55556dd12420_0 .net "p_Al_Bh", 15 0, L_0x55556dd47350;  1 drivers
v0x55556dd12500_0 .net "p_Al_Bl", 15 0, L_0x55556dd47850;  1 drivers
v0x55556dd125e0_0 .var "rA", 15 0;
v0x55556dd126c0_0 .var "rB", 15 0;
v0x55556dd127a0_0 .var "rC", 15 0;
v0x55556dd12880_0 .var "rD", 15 0;
v0x55556dd13170_0 .var "rF", 15 0;
v0x55556dd13250_0 .var "rG", 15 0;
v0x55556dd13330_0 .var "rH", 31 0;
v0x55556dd13410_0 .var "rJ", 15 0;
v0x55556dd134f0_0 .var "rK", 15 0;
v0x55556dd135d0_0 .var "rQ", 15 0;
v0x55556dd136b0_0 .var "rS", 15 0;
E_0x55556dd0b660 .event posedge, v0x55556dd0d150_0, v0x55556dd11020_0;
E_0x55556dd0b6e0 .event posedge, v0x55556dd0d210_0, v0x55556dd11020_0;
E_0x55556dd0b740 .event posedge, v0x55556dd0ca70_0, v0x55556dd11020_0;
E_0x55556dd0b7a0 .event posedge, v0x55556dd0cb30_0, v0x55556dd11020_0;
L_0x55556dd46690 .part L_0x55556dd463c0, 8, 8;
L_0x55556dd467b0 .concat [ 8 8 0 0], L_0x55556dd46690, L_0x7f6ebc986498;
L_0x55556dd468f0 .part L_0x55556dd463c0, 0, 8;
L_0x55556dd46990 .concat [ 8 8 0 0], L_0x55556dd468f0, L_0x7f6ebc9864e0;
L_0x55556dd46b30 .part L_0x55556dd46490, 8, 8;
L_0x55556dd46c20 .concat [ 8 8 0 0], L_0x55556dd46b30, L_0x7f6ebc986528;
L_0x55556dd46da0 .part L_0x55556dd46490, 0, 8;
L_0x55556dd46e40 .concat [ 8 8 0 0], L_0x55556dd46da0, L_0x7f6ebc986570;
L_0x55556dd46fd0 .arith/mult 16, L_0x55556dd467b0, L_0x55556dd46c20;
L_0x55556dd47110 .part L_0x55556dd46990, 0, 8;
L_0x55556dd47260 .concat [ 8 8 0 0], L_0x55556dd47110, L_0x7f6ebc9865b8;
L_0x55556dd47350 .arith/mult 16, L_0x55556dd47260, L_0x55556dd46c20;
L_0x55556dd474b0 .part L_0x55556dd46e40, 0, 8;
L_0x55556dd475a0 .concat [ 8 8 0 0], L_0x55556dd474b0, L_0x7f6ebc986600;
L_0x55556dd47760 .arith/mult 16, L_0x55556dd467b0, L_0x55556dd475a0;
L_0x55556dd47850 .arith/mult 16, L_0x55556dd46990, L_0x55556dd46e40;
L_0x55556dd47ca0 .concat [ 16 8 0 0], L_0x55556dd47ad0, L_0x7f6ebc986648;
L_0x55556dd47de0 .concat [ 16 8 0 0], L_0x55556dd47a10, L_0x7f6ebc986690;
L_0x55556dd47fc0 .concat [ 16 16 0 0], L_0x55556dd47be0, L_0x7f6ebc9866d8;
L_0x55556dd48100 .concat [ 24 8 0 0], L_0x55556dd47ca0, L_0x7f6ebc986720;
L_0x55556dd47f20 .part L_0x55556dd48100, 0, 24;
L_0x55556dd48340 .concat [ 8 24 0 0], L_0x7f6ebc986768, L_0x55556dd47f20;
L_0x55556dd48540 .arith/sum 32, L_0x55556dd47fc0, L_0x55556dd48340;
L_0x55556dd486f0 .concat [ 24 8 0 0], L_0x55556dd47de0, L_0x7f6ebc9867b0;
L_0x55556dd48900 .part L_0x55556dd486f0, 0, 24;
L_0x55556dd489f0 .concat [ 8 24 0 0], L_0x7f6ebc9867f8, L_0x55556dd48900;
L_0x55556dd48c10 .arith/sum 32, L_0x55556dd48540, L_0x55556dd489f0;
L_0x55556dd48d50 .concat [ 16 16 0 0], L_0x55556dd47440, L_0x7f6ebc986840;
L_0x55556dd48f80 .part L_0x55556dd48d50, 0, 16;
L_0x55556dd49070 .concat [ 16 16 0 0], L_0x7f6ebc986888, L_0x55556dd48f80;
L_0x55556dd492b0 .arith/sum 32, L_0x55556dd48c10, L_0x55556dd49070;
L_0x55556dd495f0 .part L_0x55556dd49c60, 16, 1;
L_0x55556dd497a0 .part L_0x55556dd49c60, 0, 16;
L_0x55556dd49840 .concat [ 16 1 0 0], L_0x55556dd49510, L_0x7f6ebc9868d0;
L_0x55556dd49a50 .concat [ 16 1 0 0], L_0x55556dd494a0, L_0x7f6ebc986918;
L_0x55556dd49b90 .repeat 16, 16, o0x7f6ebc9d85b8;
L_0x55556dd49d90 .concat [ 16 1 0 0], L_0x55556dd49b90, L_0x7f6ebc986960;
L_0x55556dd4a010 .arith/sum 17, L_0x55556dd49840, L_0x55556dd49f00;
L_0x55556dd49c60 .arith/sum 17, L_0x55556dd4a010, L_0x7f6ebc986be8;
L_0x55556dd4a420 .repeat 16, 16, o0x7f6ebc9d85b8;
L_0x55556dd4a6b0 .functor MUXZ 16, L_0x55556dd49580, L_0x55556dd46320, o0x7f6ebc9d8a68, C4<>;
L_0x55556dd4aa00 .part L_0x55556dd49510, 15, 1;
L_0x55556dd4ad80 .part L_0x55556dd4bb60, 16, 1;
L_0x55556dd4ae50 .part L_0x55556dd4bb60, 0, 16;
L_0x55556dd4b090 .concat [ 16 1 0 0], L_0x55556dd4ad10, L_0x7f6ebc9869f0;
L_0x55556dd4b200 .concat [ 16 1 0 0], L_0x55556dd4ac00, L_0x7f6ebc986a38;
L_0x55556dd4b4c0 .repeat 16, 16, o0x7f6ebc9d8588;
L_0x55556dd4b590 .concat [ 16 1 0 0], L_0x55556dd4b4c0, L_0x7f6ebc986a80;
L_0x55556dd4ac70 .arith/sum 17, L_0x55556dd4b090, L_0x55556dd4b890;
L_0x55556dd4bb60 .arith/sum 17, L_0x55556dd4ac70, L_0x7f6ebc986c30;
L_0x55556dd4bdf0 .repeat 16, 16, o0x7f6ebc9d8588;
L_0x55556dd4bf80 .functor MUXZ 16, L_0x55556dd4ba50, L_0x55556dd46590, o0x7f6ebc9d8a38, C4<>;
L_0x55556dd4c4b0 .concat [ 16 16 0 0], L_0x55556dd4c3f0, L_0x55556dd4a940;
S_0x55556dca2f10 .scope module, "SB_PLL40_2F_CORE" "SB_PLL40_2F_CORE" 3 2521;
 .timescale -12 -12;
    .port_info 0 /INPUT 1 "REFERENCECLK";
    .port_info 1 /OUTPUT 1 "PLLOUTCOREA";
    .port_info 2 /OUTPUT 1 "PLLOUTGLOBALA";
    .port_info 3 /OUTPUT 1 "PLLOUTCOREB";
    .port_info 4 /OUTPUT 1 "PLLOUTGLOBALB";
    .port_info 5 /INPUT 1 "EXTFEEDBACK";
    .port_info 6 /INPUT 8 "DYNAMICDELAY";
    .port_info 7 /OUTPUT 1 "LOCK";
    .port_info 8 /INPUT 1 "BYPASS";
    .port_info 9 /INPUT 1 "RESETB";
    .port_info 10 /INPUT 1 "LATCHINPUTVALUE";
    .port_info 11 /OUTPUT 1 "SDO";
    .port_info 12 /INPUT 1 "SDI";
    .port_info 13 /INPUT 1 "SCLK";
P_0x55556dbb1d10 .param/str "DELAY_ADJUSTMENT_MODE_FEEDBACK" 0 3 2538, "FIXED";
P_0x55556dbb1d50 .param/str "DELAY_ADJUSTMENT_MODE_RELATIVE" 0 3 2539, "FIXED";
P_0x55556dbb1d90 .param/l "DIVF" 0 3 2546, C4<0000000>;
P_0x55556dbb1dd0 .param/l "DIVQ" 0 3 2547, C4<000>;
P_0x55556dbb1e10 .param/l "DIVR" 0 3 2545, C4<0000>;
P_0x55556dbb1e50 .param/l "ENABLE_ICEGATE_PORTA" 0 3 2549, C4<0>;
P_0x55556dbb1e90 .param/l "ENABLE_ICEGATE_PORTB" 0 3 2550, C4<0>;
P_0x55556dbb1ed0 .param/l "EXTERNAL_DIVIDE_FACTOR" 0 3 2552, +C4<00000000000000000000000000000001>;
P_0x55556dbb1f10 .param/l "FDA_FEEDBACK" 0 3 2541, C4<0000>;
P_0x55556dbb1f50 .param/l "FDA_RELATIVE" 0 3 2542, C4<0000>;
P_0x55556dbb1f90 .param/str "FEEDBACK_PATH" 0 3 2537, "SIMPLE";
P_0x55556dbb1fd0 .param/l "FILTER_RANGE" 0 3 2548, C4<000>;
P_0x55556dbb2010 .param/str "PLLOUT_SELECT_PORTA" 0 3 2543, "GENCLK";
P_0x55556dbb2050 .param/str "PLLOUT_SELECT_PORTB" 0 3 2544, "GENCLK";
P_0x55556dbb2090 .param/l "SHIFTREG_DIV_MODE" 0 3 2540, C4<0>;
P_0x55556dbb20d0 .param/l "TEST_MODE" 0 3 2551, C4<0>;
o0x7f6ebc9da388 .functor BUFZ 1, c4<z>; HiZ drive
v0x55556dd13bd0_0 .net "BYPASS", 0 0, o0x7f6ebc9da388;  0 drivers
o0x7f6ebc9da3b8 .functor BUFZ 8, c4<zzzzzzzz>; HiZ drive
v0x55556dd13cb0_0 .net "DYNAMICDELAY", 7 0, o0x7f6ebc9da3b8;  0 drivers
o0x7f6ebc9da3e8 .functor BUFZ 1, c4<z>; HiZ drive
v0x55556dd13d90_0 .net "EXTFEEDBACK", 0 0, o0x7f6ebc9da3e8;  0 drivers
o0x7f6ebc9da418 .functor BUFZ 1, c4<z>; HiZ drive
v0x55556dd13e30_0 .net "LATCHINPUTVALUE", 0 0, o0x7f6ebc9da418;  0 drivers
o0x7f6ebc9da448 .functor BUFZ 1, c4<z>; HiZ drive
v0x55556dd13ef0_0 .net "LOCK", 0 0, o0x7f6ebc9da448;  0 drivers
o0x7f6ebc9da478 .functor BUFZ 1, c4<z>; HiZ drive
v0x55556dd13fb0_0 .net "PLLOUTCOREA", 0 0, o0x7f6ebc9da478;  0 drivers
o0x7f6ebc9da4a8 .functor BUFZ 1, c4<z>; HiZ drive
v0x55556dd14070_0 .net "PLLOUTCOREB", 0 0, o0x7f6ebc9da4a8;  0 drivers
o0x7f6ebc9da4d8 .functor BUFZ 1, c4<z>; HiZ drive
v0x55556dd14130_0 .net "PLLOUTGLOBALA", 0 0, o0x7f6ebc9da4d8;  0 drivers
o0x7f6ebc9da508 .functor BUFZ 1, c4<z>; HiZ drive
v0x55556dd141f0_0 .net "PLLOUTGLOBALB", 0 0, o0x7f6ebc9da508;  0 drivers
o0x7f6ebc9da538 .functor BUFZ 1, c4<z>; HiZ drive
v0x55556dd142b0_0 .net "REFERENCECLK", 0 0, o0x7f6ebc9da538;  0 drivers
o0x7f6ebc9da568 .functor BUFZ 1, c4<z>; HiZ drive
v0x55556dd14370_0 .net "RESETB", 0 0, o0x7f6ebc9da568;  0 drivers
o0x7f6ebc9da598 .functor BUFZ 1, c4<z>; HiZ drive
v0x55556dd14430_0 .net "SCLK", 0 0, o0x7f6ebc9da598;  0 drivers
o0x7f6ebc9da5c8 .functor BUFZ 1, c4<z>; HiZ drive
v0x55556dd144f0_0 .net "SDI", 0 0, o0x7f6ebc9da5c8;  0 drivers
o0x7f6ebc9da5f8 .functor BUFZ 1, c4<z>; HiZ drive
v0x55556dd145b0_0 .net "SDO", 0 0, o0x7f6ebc9da5f8;  0 drivers
S_0x55556dc925f0 .scope module, "SB_PLL40_2F_PAD" "SB_PLL40_2F_PAD" 3 2556;
 .timescale -12 -12;
    .port_info 0 /INPUT 1 "PACKAGEPIN";
    .port_info 1 /OUTPUT 1 "PLLOUTCOREA";
    .port_info 2 /OUTPUT 1 "PLLOUTGLOBALA";
    .port_info 3 /OUTPUT 1 "PLLOUTCOREB";
    .port_info 4 /OUTPUT 1 "PLLOUTGLOBALB";
    .port_info 5 /INPUT 1 "EXTFEEDBACK";
    .port_info 6 /INPUT 8 "DYNAMICDELAY";
    .port_info 7 /OUTPUT 1 "LOCK";
    .port_info 8 /INPUT 1 "BYPASS";
    .port_info 9 /INPUT 1 "RESETB";
    .port_info 10 /INPUT 1 "LATCHINPUTVALUE";
    .port_info 11 /OUTPUT 1 "SDO";
    .port_info 12 /INPUT 1 "SDI";
    .port_info 13 /INPUT 1 "SCLK";
P_0x55556daa2180 .param/str "DELAY_ADJUSTMENT_MODE_FEEDBACK" 0 3 2573, "FIXED";
P_0x55556daa21c0 .param/str "DELAY_ADJUSTMENT_MODE_RELATIVE" 0 3 2574, "FIXED";
P_0x55556daa2200 .param/l "DIVF" 0 3 2581, C4<0000000>;
P_0x55556daa2240 .param/l "DIVQ" 0 3 2582, C4<000>;
P_0x55556daa2280 .param/l "DIVR" 0 3 2580, C4<0000>;
P_0x55556daa22c0 .param/l "ENABLE_ICEGATE_PORTA" 0 3 2584, C4<0>;
P_0x55556daa2300 .param/l "ENABLE_ICEGATE_PORTB" 0 3 2585, C4<0>;
P_0x55556daa2340 .param/l "EXTERNAL_DIVIDE_FACTOR" 0 3 2587, +C4<00000000000000000000000000000001>;
P_0x55556daa2380 .param/l "FDA_FEEDBACK" 0 3 2576, C4<0000>;
P_0x55556daa23c0 .param/l "FDA_RELATIVE" 0 3 2577, C4<0000>;
P_0x55556daa2400 .param/str "FEEDBACK_PATH" 0 3 2572, "SIMPLE";
P_0x55556daa2440 .param/l "FILTER_RANGE" 0 3 2583, C4<000>;
P_0x55556daa2480 .param/str "PLLOUT_SELECT_PORTA" 0 3 2578, "GENCLK";
P_0x55556daa24c0 .param/str "PLLOUT_SELECT_PORTB" 0 3 2579, "GENCLK";
P_0x55556daa2500 .param/l "SHIFTREG_DIV_MODE" 0 3 2575, C4<00>;
P_0x55556daa2540 .param/l "TEST_MODE" 0 3 2586, C4<0>;
o0x7f6ebc9da8c8 .functor BUFZ 1, c4<z>; HiZ drive
v0x55556dd148b0_0 .net "BYPASS", 0 0, o0x7f6ebc9da8c8;  0 drivers
o0x7f6ebc9da8f8 .functor BUFZ 8, c4<zzzzzzzz>; HiZ drive
v0x55556dd14990_0 .net "DYNAMICDELAY", 7 0, o0x7f6ebc9da8f8;  0 drivers
o0x7f6ebc9da928 .functor BUFZ 1, c4<z>; HiZ drive
v0x55556dd14a70_0 .net "EXTFEEDBACK", 0 0, o0x7f6ebc9da928;  0 drivers
o0x7f6ebc9da958 .functor BUFZ 1, c4<z>; HiZ drive
v0x55556dd14b10_0 .net "LATCHINPUTVALUE", 0 0, o0x7f6ebc9da958;  0 drivers
o0x7f6ebc9da988 .functor BUFZ 1, c4<z>; HiZ drive
v0x55556dd14bd0_0 .net "LOCK", 0 0, o0x7f6ebc9da988;  0 drivers
o0x7f6ebc9da9b8 .functor BUFZ 1, c4<z>; HiZ drive
v0x55556dd14c90_0 .net "PACKAGEPIN", 0 0, o0x7f6ebc9da9b8;  0 drivers
o0x7f6ebc9da9e8 .functor BUFZ 1, c4<z>; HiZ drive
v0x55556dd14d50_0 .net "PLLOUTCOREA", 0 0, o0x7f6ebc9da9e8;  0 drivers
o0x7f6ebc9daa18 .functor BUFZ 1, c4<z>; HiZ drive
v0x55556dd14e10_0 .net "PLLOUTCOREB", 0 0, o0x7f6ebc9daa18;  0 drivers
o0x7f6ebc9daa48 .functor BUFZ 1, c4<z>; HiZ drive
v0x55556dd14ed0_0 .net "PLLOUTGLOBALA", 0 0, o0x7f6ebc9daa48;  0 drivers
o0x7f6ebc9daa78 .functor BUFZ 1, c4<z>; HiZ drive
v0x55556dd15020_0 .net "PLLOUTGLOBALB", 0 0, o0x7f6ebc9daa78;  0 drivers
o0x7f6ebc9daaa8 .functor BUFZ 1, c4<z>; HiZ drive
v0x55556dd150e0_0 .net "RESETB", 0 0, o0x7f6ebc9daaa8;  0 drivers
o0x7f6ebc9daad8 .functor BUFZ 1, c4<z>; HiZ drive
v0x55556dd151a0_0 .net "SCLK", 0 0, o0x7f6ebc9daad8;  0 drivers
o0x7f6ebc9dab08 .functor BUFZ 1, c4<z>; HiZ drive
v0x55556dd15260_0 .net "SDI", 0 0, o0x7f6ebc9dab08;  0 drivers
o0x7f6ebc9dab38 .functor BUFZ 1, c4<z>; HiZ drive
v0x55556dd15320_0 .net "SDO", 0 0, o0x7f6ebc9dab38;  0 drivers
S_0x55556dc94ce0 .scope module, "SB_PLL40_2_PAD" "SB_PLL40_2_PAD" 3 2487;
 .timescale -12 -12;
    .port_info 0 /INPUT 1 "PACKAGEPIN";
    .port_info 1 /OUTPUT 1 "PLLOUTCOREA";
    .port_info 2 /OUTPUT 1 "PLLOUTGLOBALA";
    .port_info 3 /OUTPUT 1 "PLLOUTCOREB";
    .port_info 4 /OUTPUT 1 "PLLOUTGLOBALB";
    .port_info 5 /INPUT 1 "EXTFEEDBACK";
    .port_info 6 /INPUT 8 "DYNAMICDELAY";
    .port_info 7 /OUTPUT 1 "LOCK";
    .port_info 8 /INPUT 1 "BYPASS";
    .port_info 9 /INPUT 1 "RESETB";
    .port_info 10 /INPUT 1 "LATCHINPUTVALUE";
    .port_info 11 /OUTPUT 1 "SDO";
    .port_info 12 /INPUT 1 "SDI";
    .port_info 13 /INPUT 1 "SCLK";
P_0x55556da5ca00 .param/str "DELAY_ADJUSTMENT_MODE_FEEDBACK" 0 3 2504, "FIXED";
P_0x55556da5ca40 .param/str "DELAY_ADJUSTMENT_MODE_RELATIVE" 0 3 2505, "FIXED";
P_0x55556da5ca80 .param/l "DIVF" 0 3 2511, C4<0000000>;
P_0x55556da5cac0 .param/l "DIVQ" 0 3 2512, C4<000>;
P_0x55556da5cb00 .param/l "DIVR" 0 3 2510, C4<0000>;
P_0x55556da5cb40 .param/l "ENABLE_ICEGATE_PORTA" 0 3 2514, C4<0>;
P_0x55556da5cb80 .param/l "ENABLE_ICEGATE_PORTB" 0 3 2515, C4<0>;
P_0x55556da5cbc0 .param/l "EXTERNAL_DIVIDE_FACTOR" 0 3 2517, +C4<00000000000000000000000000000001>;
P_0x55556da5cc00 .param/l "FDA_FEEDBACK" 0 3 2507, C4<0000>;
P_0x55556da5cc40 .param/l "FDA_RELATIVE" 0 3 2508, C4<0000>;
P_0x55556da5cc80 .param/str "FEEDBACK_PATH" 0 3 2503, "SIMPLE";
P_0x55556da5ccc0 .param/l "FILTER_RANGE" 0 3 2513, C4<000>;
P_0x55556da5cd00 .param/str "PLLOUT_SELECT_PORTB" 0 3 2509, "GENCLK";
P_0x55556da5cd40 .param/l "SHIFTREG_DIV_MODE" 0 3 2506, C4<0>;
P_0x55556da5cd80 .param/l "TEST_MODE" 0 3 2516, C4<0>;
o0x7f6ebc9dae08 .functor BUFZ 1, c4<z>; HiZ drive
v0x55556dd155a0_0 .net "BYPASS", 0 0, o0x7f6ebc9dae08;  0 drivers
o0x7f6ebc9dae38 .functor BUFZ 8, c4<zzzzzzzz>; HiZ drive
v0x55556dd15680_0 .net "DYNAMICDELAY", 7 0, o0x7f6ebc9dae38;  0 drivers
o0x7f6ebc9dae68 .functor BUFZ 1, c4<z>; HiZ drive
v0x55556dd15760_0 .net "EXTFEEDBACK", 0 0, o0x7f6ebc9dae68;  0 drivers
o0x7f6ebc9dae98 .functor BUFZ 1, c4<z>; HiZ drive
v0x55556dd15800_0 .net "LATCHINPUTVALUE", 0 0, o0x7f6ebc9dae98;  0 drivers
o0x7f6ebc9daec8 .functor BUFZ 1, c4<z>; HiZ drive
v0x55556dd158c0_0 .net "LOCK", 0 0, o0x7f6ebc9daec8;  0 drivers
o0x7f6ebc9daef8 .functor BUFZ 1, c4<z>; HiZ drive
v0x55556dd15980_0 .net "PACKAGEPIN", 0 0, o0x7f6ebc9daef8;  0 drivers
o0x7f6ebc9daf28 .functor BUFZ 1, c4<z>; HiZ drive
v0x55556dd15a40_0 .net "PLLOUTCOREA", 0 0, o0x7f6ebc9daf28;  0 drivers
o0x7f6ebc9daf58 .functor BUFZ 1, c4<z>; HiZ drive
v0x55556dd15b00_0 .net "PLLOUTCOREB", 0 0, o0x7f6ebc9daf58;  0 drivers
o0x7f6ebc9daf88 .functor BUFZ 1, c4<z>; HiZ drive
v0x55556dd15bc0_0 .net "PLLOUTGLOBALA", 0 0, o0x7f6ebc9daf88;  0 drivers
o0x7f6ebc9dafb8 .functor BUFZ 1, c4<z>; HiZ drive
v0x55556dd15d10_0 .net "PLLOUTGLOBALB", 0 0, o0x7f6ebc9dafb8;  0 drivers
o0x7f6ebc9dafe8 .functor BUFZ 1, c4<z>; HiZ drive
v0x55556dd15dd0_0 .net "RESETB", 0 0, o0x7f6ebc9dafe8;  0 drivers
o0x7f6ebc9db018 .functor BUFZ 1, c4<z>; HiZ drive
v0x55556dd15e90_0 .net "SCLK", 0 0, o0x7f6ebc9db018;  0 drivers
o0x7f6ebc9db048 .functor BUFZ 1, c4<z>; HiZ drive
v0x55556dd15f50_0 .net "SDI", 0 0, o0x7f6ebc9db048;  0 drivers
o0x7f6ebc9db078 .functor BUFZ 1, c4<z>; HiZ drive
v0x55556dd16010_0 .net "SDO", 0 0, o0x7f6ebc9db078;  0 drivers
S_0x55556dc93f90 .scope module, "SB_PLL40_CORE" "SB_PLL40_CORE" 3 2425;
 .timescale -12 -12;
    .port_info 0 /INPUT 1 "REFERENCECLK";
    .port_info 1 /OUTPUT 1 "PLLOUTCORE";
    .port_info 2 /OUTPUT 1 "PLLOUTGLOBAL";
    .port_info 3 /INPUT 1 "EXTFEEDBACK";
    .port_info 4 /INPUT 8 "DYNAMICDELAY";
    .port_info 5 /OUTPUT 1 "LOCK";
    .port_info 6 /INPUT 1 "BYPASS";
    .port_info 7 /INPUT 1 "RESETB";
    .port_info 8 /INPUT 1 "LATCHINPUTVALUE";
    .port_info 9 /OUTPUT 1 "SDO";
    .port_info 10 /INPUT 1 "SDI";
    .port_info 11 /INPUT 1 "SCLK";
P_0x55556db58a70 .param/str "DELAY_ADJUSTMENT_MODE_FEEDBACK" 0 3 2440, "FIXED";
P_0x55556db58ab0 .param/str "DELAY_ADJUSTMENT_MODE_RELATIVE" 0 3 2441, "FIXED";
P_0x55556db58af0 .param/l "DIVF" 0 3 2447, C4<0000000>;
P_0x55556db58b30 .param/l "DIVQ" 0 3 2448, C4<000>;
P_0x55556db58b70 .param/l "DIVR" 0 3 2446, C4<0000>;
P_0x55556db58bb0 .param/l "ENABLE_ICEGATE" 0 3 2450, C4<0>;
P_0x55556db58bf0 .param/l "EXTERNAL_DIVIDE_FACTOR" 0 3 2452, +C4<00000000000000000000000000000001>;
P_0x55556db58c30 .param/l "FDA_FEEDBACK" 0 3 2443, C4<0000>;
P_0x55556db58c70 .param/l "FDA_RELATIVE" 0 3 2444, C4<0000>;
P_0x55556db58cb0 .param/str "FEEDBACK_PATH" 0 3 2439, "SIMPLE";
P_0x55556db58cf0 .param/l "FILTER_RANGE" 0 3 2449, C4<000>;
P_0x55556db58d30 .param/str "PLLOUT_SELECT" 0 3 2445, "GENCLK";
P_0x55556db58d70 .param/l "SHIFTREG_DIV_MODE" 0 3 2442, C4<0>;
P_0x55556db58db0 .param/l "TEST_MODE" 0 3 2451, C4<0>;
o0x7f6ebc9db348 .functor BUFZ 1, c4<z>; HiZ drive
v0x55556dd16290_0 .net "BYPASS", 0 0, o0x7f6ebc9db348;  0 drivers
o0x7f6ebc9db378 .functor BUFZ 8, c4<zzzzzzzz>; HiZ drive
v0x55556dd16370_0 .net "DYNAMICDELAY", 7 0, o0x7f6ebc9db378;  0 drivers
o0x7f6ebc9db3a8 .functor BUFZ 1, c4<z>; HiZ drive
v0x55556dd16450_0 .net "EXTFEEDBACK", 0 0, o0x7f6ebc9db3a8;  0 drivers
o0x7f6ebc9db3d8 .functor BUFZ 1, c4<z>; HiZ drive
v0x55556dd164f0_0 .net "LATCHINPUTVALUE", 0 0, o0x7f6ebc9db3d8;  0 drivers
o0x7f6ebc9db408 .functor BUFZ 1, c4<z>; HiZ drive
v0x55556dd165b0_0 .net "LOCK", 0 0, o0x7f6ebc9db408;  0 drivers
o0x7f6ebc9db438 .functor BUFZ 1, c4<z>; HiZ drive
v0x55556dd16670_0 .net "PLLOUTCORE", 0 0, o0x7f6ebc9db438;  0 drivers
o0x7f6ebc9db468 .functor BUFZ 1, c4<z>; HiZ drive
v0x55556dd16730_0 .net "PLLOUTGLOBAL", 0 0, o0x7f6ebc9db468;  0 drivers
o0x7f6ebc9db498 .functor BUFZ 1, c4<z>; HiZ drive
v0x55556dd167f0_0 .net "REFERENCECLK", 0 0, o0x7f6ebc9db498;  0 drivers
o0x7f6ebc9db4c8 .functor BUFZ 1, c4<z>; HiZ drive
v0x55556dd168b0_0 .net "RESETB", 0 0, o0x7f6ebc9db4c8;  0 drivers
o0x7f6ebc9db4f8 .functor BUFZ 1, c4<z>; HiZ drive
v0x55556dd16a00_0 .net "SCLK", 0 0, o0x7f6ebc9db4f8;  0 drivers
o0x7f6ebc9db528 .functor BUFZ 1, c4<z>; HiZ drive
v0x55556dd16ac0_0 .net "SDI", 0 0, o0x7f6ebc9db528;  0 drivers
o0x7f6ebc9db558 .functor BUFZ 1, c4<z>; HiZ drive
v0x55556dd16b80_0 .net "SDO", 0 0, o0x7f6ebc9db558;  0 drivers
S_0x55556dc73190 .scope module, "SB_PLL40_PAD" "SB_PLL40_PAD" 3 2456;
 .timescale -12 -12;
    .port_info 0 /INPUT 1 "PACKAGEPIN";
    .port_info 1 /OUTPUT 1 "PLLOUTCORE";
    .port_info 2 /OUTPUT 1 "PLLOUTGLOBAL";
    .port_info 3 /INPUT 1 "EXTFEEDBACK";
    .port_info 4 /INPUT 8 "DYNAMICDELAY";
    .port_info 5 /OUTPUT 1 "LOCK";
    .port_info 6 /INPUT 1 "BYPASS";
    .port_info 7 /INPUT 1 "RESETB";
    .port_info 8 /INPUT 1 "LATCHINPUTVALUE";
    .port_info 9 /OUTPUT 1 "SDO";
    .port_info 10 /INPUT 1 "SDI";
    .port_info 11 /INPUT 1 "SCLK";
P_0x55556db647f0 .param/str "DELAY_ADJUSTMENT_MODE_FEEDBACK" 0 3 2471, "FIXED";
P_0x55556db64830 .param/str "DELAY_ADJUSTMENT_MODE_RELATIVE" 0 3 2472, "FIXED";
P_0x55556db64870 .param/l "DIVF" 0 3 2478, C4<0000000>;
P_0x55556db648b0 .param/l "DIVQ" 0 3 2479, C4<000>;
P_0x55556db648f0 .param/l "DIVR" 0 3 2477, C4<0000>;
P_0x55556db64930 .param/l "ENABLE_ICEGATE" 0 3 2481, C4<0>;
P_0x55556db64970 .param/l "EXTERNAL_DIVIDE_FACTOR" 0 3 2483, +C4<00000000000000000000000000000001>;
P_0x55556db649b0 .param/l "FDA_FEEDBACK" 0 3 2474, C4<0000>;
P_0x55556db649f0 .param/l "FDA_RELATIVE" 0 3 2475, C4<0000>;
P_0x55556db64a30 .param/str "FEEDBACK_PATH" 0 3 2470, "SIMPLE";
P_0x55556db64a70 .param/l "FILTER_RANGE" 0 3 2480, C4<000>;
P_0x55556db64ab0 .param/str "PLLOUT_SELECT" 0 3 2476, "GENCLK";
P_0x55556db64af0 .param/l "SHIFTREG_DIV_MODE" 0 3 2473, C4<0>;
P_0x55556db64b30 .param/l "TEST_MODE" 0 3 2482, C4<0>;
o0x7f6ebc9db7c8 .functor BUFZ 1, c4<z>; HiZ drive
v0x55556dd16dc0_0 .net "BYPASS", 0 0, o0x7f6ebc9db7c8;  0 drivers
o0x7f6ebc9db7f8 .functor BUFZ 8, c4<zzzzzzzz>; HiZ drive
v0x55556dd16ea0_0 .net "DYNAMICDELAY", 7 0, o0x7f6ebc9db7f8;  0 drivers
o0x7f6ebc9db828 .functor BUFZ 1, c4<z>; HiZ drive
v0x55556dd16f80_0 .net "EXTFEEDBACK", 0 0, o0x7f6ebc9db828;  0 drivers
o0x7f6ebc9db858 .functor BUFZ 1, c4<z>; HiZ drive
v0x55556dd17020_0 .net "LATCHINPUTVALUE", 0 0, o0x7f6ebc9db858;  0 drivers
o0x7f6ebc9db888 .functor BUFZ 1, c4<z>; HiZ drive
v0x55556dd170e0_0 .net "LOCK", 0 0, o0x7f6ebc9db888;  0 drivers
o0x7f6ebc9db8b8 .functor BUFZ 1, c4<z>; HiZ drive
v0x55556dd171a0_0 .net "PACKAGEPIN", 0 0, o0x7f6ebc9db8b8;  0 drivers
o0x7f6ebc9db8e8 .functor BUFZ 1, c4<z>; HiZ drive
v0x55556dd17260_0 .net "PLLOUTCORE", 0 0, o0x7f6ebc9db8e8;  0 drivers
o0x7f6ebc9db918 .functor BUFZ 1, c4<z>; HiZ drive
v0x55556dd17320_0 .net "PLLOUTGLOBAL", 0 0, o0x7f6ebc9db918;  0 drivers
o0x7f6ebc9db948 .functor BUFZ 1, c4<z>; HiZ drive
v0x55556dd173e0_0 .net "RESETB", 0 0, o0x7f6ebc9db948;  0 drivers
o0x7f6ebc9db978 .functor BUFZ 1, c4<z>; HiZ drive
v0x55556dd17530_0 .net "SCLK", 0 0, o0x7f6ebc9db978;  0 drivers
o0x7f6ebc9db9a8 .functor BUFZ 1, c4<z>; HiZ drive
v0x55556dd175f0_0 .net "SDI", 0 0, o0x7f6ebc9db9a8;  0 drivers
o0x7f6ebc9db9d8 .functor BUFZ 1, c4<z>; HiZ drive
v0x55556dd176b0_0 .net "SDO", 0 0, o0x7f6ebc9db9d8;  0 drivers
S_0x55556dc6b600 .scope module, "SB_RAM40_4KNR" "SB_RAM40_4KNR" 3 1726;
 .timescale -12 -12;
    .port_info 0 /OUTPUT 16 "RDATA";
    .port_info 1 /INPUT 1 "RCLKN";
    .port_info 2 /INPUT 1 "RCLKE";
    .port_info 3 /INPUT 1 "RE";
    .port_info 4 /INPUT 11 "RADDR";
    .port_info 5 /INPUT 1 "WCLK";
    .port_info 6 /INPUT 1 "WCLKE";
    .port_info 7 /INPUT 1 "WE";
    .port_info 8 /INPUT 11 "WADDR";
    .port_info 9 /INPUT 16 "MASK";
    .port_info 10 /INPUT 16 "WDATA";
P_0x55556dbb4ab0 .param/l "INIT_0" 0 3 1742, C4<0000000000000000000000000000000000000000000000000000000000000000000000000000000000000000000000000000000000000000000000000000000000000000000000000000000000000000000000000000000000000000000000000000000000000000000000000000000000000000000000000000000000000000>;
P_0x55556dbb4af0 .param/l "INIT_1" 0 3 1743, C4<0000000000000000000000000000000000000000000000000000000000000000000000000000000000000000000000000000000000000000000000000000000000000000000000000000000000000000000000000000000000000000000000000000000000000000000000000000000000000000000000000000000000000000>;
P_0x55556dbb4b30 .param/l "INIT_2" 0 3 1744, C4<0000000000000000000000000000000000000000000000000000000000000000000000000000000000000000000000000000000000000000000000000000000000000000000000000000000000000000000000000000000000000000000000000000000000000000000000000000000000000000000000000000000000000000>;
P_0x55556dbb4b70 .param/l "INIT_3" 0 3 1745, C4<0000000000000000000000000000000000000000000000000000000000000000000000000000000000000000000000000000000000000000000000000000000000000000000000000000000000000000000000000000000000000000000000000000000000000000000000000000000000000000000000000000000000000000>;
P_0x55556dbb4bb0 .param/l "INIT_4" 0 3 1746, C4<0000000000000000000000000000000000000000000000000000000000000000000000000000000000000000000000000000000000000000000000000000000000000000000000000000000000000000000000000000000000000000000000000000000000000000000000000000000000000000000000000000000000000000>;
P_0x55556dbb4bf0 .param/l "INIT_5" 0 3 1747, C4<0000000000000000000000000000000000000000000000000000000000000000000000000000000000000000000000000000000000000000000000000000000000000000000000000000000000000000000000000000000000000000000000000000000000000000000000000000000000000000000000000000000000000000>;
P_0x55556dbb4c30 .param/l "INIT_6" 0 3 1748, C4<0000000000000000000000000000000000000000000000000000000000000000000000000000000000000000000000000000000000000000000000000000000000000000000000000000000000000000000000000000000000000000000000000000000000000000000000000000000000000000000000000000000000000000>;
P_0x55556dbb4c70 .param/l "INIT_7" 0 3 1749, C4<0000000000000000000000000000000000000000000000000000000000000000000000000000000000000000000000000000000000000000000000000000000000000000000000000000000000000000000000000000000000000000000000000000000000000000000000000000000000000000000000000000000000000000>;
P_0x55556dbb4cb0 .param/l "INIT_8" 0 3 1750, C4<0000000000000000000000000000000000000000000000000000000000000000000000000000000000000000000000000000000000000000000000000000000000000000000000000000000000000000000000000000000000000000000000000000000000000000000000000000000000000000000000000000000000000000>;
P_0x55556dbb4cf0 .param/l "INIT_9" 0 3 1751, C4<0000000000000000000000000000000000000000000000000000000000000000000000000000000000000000000000000000000000000000000000000000000000000000000000000000000000000000000000000000000000000000000000000000000000000000000000000000000000000000000000000000000000000000>;
P_0x55556dbb4d30 .param/l "INIT_A" 0 3 1752, C4<0000000000000000000000000000000000000000000000000000000000000000000000000000000000000000000000000000000000000000000000000000000000000000000000000000000000000000000000000000000000000000000000000000000000000000000000000000000000000000000000000000000000000000>;
P_0x55556dbb4d70 .param/l "INIT_B" 0 3 1753, C4<0000000000000000000000000000000000000000000000000000000000000000000000000000000000000000000000000000000000000000000000000000000000000000000000000000000000000000000000000000000000000000000000000000000000000000000000000000000000000000000000000000000000000000>;
P_0x55556dbb4db0 .param/l "INIT_C" 0 3 1754, C4<0000000000000000000000000000000000000000000000000000000000000000000000000000000000000000000000000000000000000000000000000000000000000000000000000000000000000000000000000000000000000000000000000000000000000000000000000000000000000000000000000000000000000000>;
P_0x55556dbb4df0 .param/l "INIT_D" 0 3 1755, C4<0000000000000000000000000000000000000000000000000000000000000000000000000000000000000000000000000000000000000000000000000000000000000000000000000000000000000000000000000000000000000000000000000000000000000000000000000000000000000000000000000000000000000000>;
P_0x55556dbb4e30 .param/l "INIT_E" 0 3 1756, C4<0000000000000000000000000000000000000000000000000000000000000000000000000000000000000000000000000000000000000000000000000000000000000000000000000000000000000000000000000000000000000000000000000000000000000000000000000000000000000000000000000000000000000000>;
P_0x55556dbb4e70 .param/l "INIT_F" 0 3 1757, C4<0000000000000000000000000000000000000000000000000000000000000000000000000000000000000000000000000000000000000000000000000000000000000000000000000000000000000000000000000000000000000000000000000000000000000000000000000000000000000000000000000000000000000000>;
P_0x55556dbb4eb0 .param/str "INIT_FILE" 0 3 1759, "\000";
P_0x55556dbb4ef0 .param/l "READ_MODE" 0 3 1740, +C4<00000000000000000000000000000000>;
P_0x55556dbb4f30 .param/l "WRITE_MODE" 0 3 1739, +C4<00000000000000000000000000000000>;
o0x7f6ebc9dc158 .functor BUFZ 1, c4<z>; HiZ drive
L_0x55556dd4c830 .functor NOT 1, o0x7f6ebc9dc158, C4<0>, C4<0>, C4<0>;
o0x7f6ebc9dbc48 .functor BUFZ 16, c4<zzzzzzzzzzzzzzzz>; HiZ drive
v0x55556dd1b010_0 .net "MASK", 15 0, o0x7f6ebc9dbc48;  0 drivers
o0x7f6ebc9dbc78 .functor BUFZ 11, c4<zzzzzzzzzzz>; HiZ drive
v0x55556dd1b0f0_0 .net "RADDR", 10 0, o0x7f6ebc9dbc78;  0 drivers
o0x7f6ebc9dbcd8 .functor BUFZ 1, c4<z>; HiZ drive
v0x55556dd1b1c0_0 .net "RCLKE", 0 0, o0x7f6ebc9dbcd8;  0 drivers
v0x55556dd1b2c0_0 .net "RCLKN", 0 0, o0x7f6ebc9dc158;  0 drivers
v0x55556dd1b360_0 .net "RDATA", 15 0, L_0x55556dd4c770;  1 drivers
o0x7f6ebc9dbd68 .functor BUFZ 1, c4<z>; HiZ drive
v0x55556dd1b400_0 .net "RE", 0 0, o0x7f6ebc9dbd68;  0 drivers
o0x7f6ebc9dbdc8 .functor BUFZ 11, c4<zzzzzzzzzzz>; HiZ drive
v0x55556dd1b4d0_0 .net "WADDR", 10 0, o0x7f6ebc9dbdc8;  0 drivers
o0x7f6ebc9dbdf8 .functor BUFZ 1, c4<z>; HiZ drive
v0x55556dd1b5a0_0 .net "WCLK", 0 0, o0x7f6ebc9dbdf8;  0 drivers
o0x7f6ebc9dbe28 .functor BUFZ 1, c4<z>; HiZ drive
v0x55556dd1b670_0 .net "WCLKE", 0 0, o0x7f6ebc9dbe28;  0 drivers
o0x7f6ebc9dbe58 .functor BUFZ 16, c4<zzzzzzzzzzzzzzzz>; HiZ drive
v0x55556dd1b740_0 .net "WDATA", 15 0, o0x7f6ebc9dbe58;  0 drivers
o0x7f6ebc9dbeb8 .functor BUFZ 1, c4<z>; HiZ drive
v0x55556dd1b810_0 .net "WE", 0 0, o0x7f6ebc9dbeb8;  0 drivers
S_0x55556dd178f0 .scope module, "RAM" "SB_RAM40_4K" 3 1781, 3 1487 0, S_0x55556dc6b600;
 .timescale -12 -12;
    .port_info 0 /OUTPUT 16 "RDATA";
    .port_info 1 /INPUT 1 "RCLK";
    .port_info 2 /INPUT 1 "RCLKE";
    .port_info 3 /INPUT 1 "RE";
    .port_info 4 /INPUT 11 "RADDR";
    .port_info 5 /INPUT 1 "WCLK";
    .port_info 6 /INPUT 1 "WCLKE";
    .port_info 7 /INPUT 1 "WE";
    .port_info 8 /INPUT 11 "WADDR";
    .port_info 9 /INPUT 16 "MASK";
    .port_info 10 /INPUT 16 "WDATA";
P_0x55556dd17aa0 .param/l "INIT_0" 0 3 1507, C4<0000000000000000000000000000000000000000000000000000000000000000000000000000000000000000000000000000000000000000000000000000000000000000000000000000000000000000000000000000000000000000000000000000000000000000000000000000000000000000000000000000000000000000>;
P_0x55556dd17ae0 .param/l "INIT_1" 0 3 1508, C4<0000000000000000000000000000000000000000000000000000000000000000000000000000000000000000000000000000000000000000000000000000000000000000000000000000000000000000000000000000000000000000000000000000000000000000000000000000000000000000000000000000000000000000>;
P_0x55556dd17b20 .param/l "INIT_2" 0 3 1509, C4<0000000000000000000000000000000000000000000000000000000000000000000000000000000000000000000000000000000000000000000000000000000000000000000000000000000000000000000000000000000000000000000000000000000000000000000000000000000000000000000000000000000000000000>;
P_0x55556dd17b60 .param/l "INIT_3" 0 3 1510, C4<0000000000000000000000000000000000000000000000000000000000000000000000000000000000000000000000000000000000000000000000000000000000000000000000000000000000000000000000000000000000000000000000000000000000000000000000000000000000000000000000000000000000000000>;
P_0x55556dd17ba0 .param/l "INIT_4" 0 3 1511, C4<0000000000000000000000000000000000000000000000000000000000000000000000000000000000000000000000000000000000000000000000000000000000000000000000000000000000000000000000000000000000000000000000000000000000000000000000000000000000000000000000000000000000000000>;
P_0x55556dd17be0 .param/l "INIT_5" 0 3 1512, C4<0000000000000000000000000000000000000000000000000000000000000000000000000000000000000000000000000000000000000000000000000000000000000000000000000000000000000000000000000000000000000000000000000000000000000000000000000000000000000000000000000000000000000000>;
P_0x55556dd17c20 .param/l "INIT_6" 0 3 1513, C4<0000000000000000000000000000000000000000000000000000000000000000000000000000000000000000000000000000000000000000000000000000000000000000000000000000000000000000000000000000000000000000000000000000000000000000000000000000000000000000000000000000000000000000>;
P_0x55556dd17c60 .param/l "INIT_7" 0 3 1514, C4<0000000000000000000000000000000000000000000000000000000000000000000000000000000000000000000000000000000000000000000000000000000000000000000000000000000000000000000000000000000000000000000000000000000000000000000000000000000000000000000000000000000000000000>;
P_0x55556dd17ca0 .param/l "INIT_8" 0 3 1515, C4<0000000000000000000000000000000000000000000000000000000000000000000000000000000000000000000000000000000000000000000000000000000000000000000000000000000000000000000000000000000000000000000000000000000000000000000000000000000000000000000000000000000000000000>;
P_0x55556dd17ce0 .param/l "INIT_9" 0 3 1516, C4<0000000000000000000000000000000000000000000000000000000000000000000000000000000000000000000000000000000000000000000000000000000000000000000000000000000000000000000000000000000000000000000000000000000000000000000000000000000000000000000000000000000000000000>;
P_0x55556dd17d20 .param/l "INIT_A" 0 3 1517, C4<0000000000000000000000000000000000000000000000000000000000000000000000000000000000000000000000000000000000000000000000000000000000000000000000000000000000000000000000000000000000000000000000000000000000000000000000000000000000000000000000000000000000000000>;
P_0x55556dd17d60 .param/l "INIT_B" 0 3 1518, C4<0000000000000000000000000000000000000000000000000000000000000000000000000000000000000000000000000000000000000000000000000000000000000000000000000000000000000000000000000000000000000000000000000000000000000000000000000000000000000000000000000000000000000000>;
P_0x55556dd17da0 .param/l "INIT_C" 0 3 1519, C4<0000000000000000000000000000000000000000000000000000000000000000000000000000000000000000000000000000000000000000000000000000000000000000000000000000000000000000000000000000000000000000000000000000000000000000000000000000000000000000000000000000000000000000>;
P_0x55556dd17de0 .param/l "INIT_D" 0 3 1520, C4<0000000000000000000000000000000000000000000000000000000000000000000000000000000000000000000000000000000000000000000000000000000000000000000000000000000000000000000000000000000000000000000000000000000000000000000000000000000000000000000000000000000000000000>;
P_0x55556dd17e20 .param/l "INIT_E" 0 3 1521, C4<0000000000000000000000000000000000000000000000000000000000000000000000000000000000000000000000000000000000000000000000000000000000000000000000000000000000000000000000000000000000000000000000000000000000000000000000000000000000000000000000000000000000000000>;
P_0x55556dd17e60 .param/l "INIT_F" 0 3 1522, C4<0000000000000000000000000000000000000000000000000000000000000000000000000000000000000000000000000000000000000000000000000000000000000000000000000000000000000000000000000000000000000000000000000000000000000000000000000000000000000000000000000000000000000000>;
P_0x55556dd17ea0 .param/str "INIT_FILE" 0 3 1524, "\000";
P_0x55556dd17ee0 .param/l "READ_MODE" 0 3 1505, +C4<00000000000000000000000000000000>;
P_0x55556dd17f20 .param/l "WRITE_MODE" 0 3 1504, +C4<00000000000000000000000000000000>;
v0x55556dd19f00_0 .net "MASK", 15 0, o0x7f6ebc9dbc48;  alias, 0 drivers
v0x55556dd19fc0_0 .net "RADDR", 10 0, o0x7f6ebc9dbc78;  alias, 0 drivers
v0x55556dd1a0a0_0 .net "RCLK", 0 0, L_0x55556dd4c830;  1 drivers
v0x55556dd1a170_0 .net "RCLKE", 0 0, o0x7f6ebc9dbcd8;  alias, 0 drivers
v0x55556dd1a230_0 .net "RDATA", 15 0, L_0x55556dd4c770;  alias, 1 drivers
v0x55556dd1a360_0 .var "RDATA_I", 15 0;
v0x55556dd1a440_0 .net "RE", 0 0, o0x7f6ebc9dbd68;  alias, 0 drivers
L_0x7f6ebc986b10 .functor BUFT 1, C4<0000000000000000>, C4<0>, C4<0>, C4<0>;
v0x55556dd1a500_0 .net "RMASK_I", 15 0, L_0x7f6ebc986b10;  1 drivers
v0x55556dd1a5e0_0 .net "WADDR", 10 0, o0x7f6ebc9dbdc8;  alias, 0 drivers
v0x55556dd1a6c0_0 .net "WCLK", 0 0, o0x7f6ebc9dbdf8;  alias, 0 drivers
v0x55556dd1a780_0 .net "WCLKE", 0 0, o0x7f6ebc9dbe28;  alias, 0 drivers
v0x55556dd1a840_0 .net "WDATA", 15 0, o0x7f6ebc9dbe58;  alias, 0 drivers
v0x55556dd1a920_0 .net "WDATA_I", 15 0, L_0x55556dd4c6b0;  1 drivers
v0x55556dd1aa00_0 .net "WE", 0 0, o0x7f6ebc9dbeb8;  alias, 0 drivers
v0x55556dd1aac0_0 .net "WMASK_I", 15 0, L_0x55556dd4c5f0;  1 drivers
v0x55556dd1aba0_0 .var/i "i", 31 0;
v0x55556dd1ac80 .array "memory", 255 0, 15 0;
E_0x55556dd19630 .event posedge, v0x55556dd1a0a0_0;
E_0x55556dd196b0 .event posedge, v0x55556dd1a6c0_0;
S_0x55556dd19710 .scope generate, "genblk1" "genblk1" 3 1534, 3 1534 0, S_0x55556dd178f0;
 .timescale -12 -12;
L_0x55556dd4c5f0 .functor BUFZ 16, o0x7f6ebc9dbc48, C4<0000000000000000>, C4<0000000000000000>, C4<0000000000000000>;
S_0x55556dd19910 .scope generate, "genblk2" "genblk2" 3 1555, 3 1555 0, S_0x55556dd178f0;
 .timescale -12 -12;
S_0x55556dd19b10 .scope generate, "genblk3" "genblk3" 3 1576, 3 1576 0, S_0x55556dd178f0;
 .timescale -12 -12;
L_0x55556dd4c6b0 .functor BUFZ 16, o0x7f6ebc9dbe58, C4<0000000000000000>, C4<0000000000000000>, C4<0000000000000000>;
S_0x55556dd19d20 .scope generate, "genblk4" "genblk4" 3 1595, 3 1595 0, S_0x55556dd178f0;
 .timescale -12 -12;
L_0x55556dd4c770 .functor BUFZ 16, v0x55556dd1a360_0, C4<0000000000000000>, C4<0000000000000000>, C4<0000000000000000>;
S_0x55556dc77680 .scope module, "SB_RAM40_4KNRNW" "SB_RAM40_4KNRNW" 3 1998;
 .timescale -12 -12;
    .port_info 0 /OUTPUT 16 "RDATA";
    .port_info 1 /INPUT 1 "RCLKN";
    .port_info 2 /INPUT 1 "RCLKE";
    .port_info 3 /INPUT 1 "RE";
    .port_info 4 /INPUT 11 "RADDR";
    .port_info 5 /INPUT 1 "WCLKN";
    .port_info 6 /INPUT 1 "WCLKE";
    .port_info 7 /INPUT 1 "WE";
    .port_info 8 /INPUT 11 "WADDR";
    .port_info 9 /INPUT 16 "MASK";
    .port_info 10 /INPUT 16 "WDATA";
P_0x55556db37de0 .param/l "INIT_0" 0 3 2014, C4<0000000000000000000000000000000000000000000000000000000000000000000000000000000000000000000000000000000000000000000000000000000000000000000000000000000000000000000000000000000000000000000000000000000000000000000000000000000000000000000000000000000000000000>;
P_0x55556db37e20 .param/l "INIT_1" 0 3 2015, C4<0000000000000000000000000000000000000000000000000000000000000000000000000000000000000000000000000000000000000000000000000000000000000000000000000000000000000000000000000000000000000000000000000000000000000000000000000000000000000000000000000000000000000000>;
P_0x55556db37e60 .param/l "INIT_2" 0 3 2016, C4<0000000000000000000000000000000000000000000000000000000000000000000000000000000000000000000000000000000000000000000000000000000000000000000000000000000000000000000000000000000000000000000000000000000000000000000000000000000000000000000000000000000000000000>;
P_0x55556db37ea0 .param/l "INIT_3" 0 3 2017, C4<0000000000000000000000000000000000000000000000000000000000000000000000000000000000000000000000000000000000000000000000000000000000000000000000000000000000000000000000000000000000000000000000000000000000000000000000000000000000000000000000000000000000000000>;
P_0x55556db37ee0 .param/l "INIT_4" 0 3 2018, C4<0000000000000000000000000000000000000000000000000000000000000000000000000000000000000000000000000000000000000000000000000000000000000000000000000000000000000000000000000000000000000000000000000000000000000000000000000000000000000000000000000000000000000000>;
P_0x55556db37f20 .param/l "INIT_5" 0 3 2019, C4<0000000000000000000000000000000000000000000000000000000000000000000000000000000000000000000000000000000000000000000000000000000000000000000000000000000000000000000000000000000000000000000000000000000000000000000000000000000000000000000000000000000000000000>;
P_0x55556db37f60 .param/l "INIT_6" 0 3 2020, C4<0000000000000000000000000000000000000000000000000000000000000000000000000000000000000000000000000000000000000000000000000000000000000000000000000000000000000000000000000000000000000000000000000000000000000000000000000000000000000000000000000000000000000000>;
P_0x55556db37fa0 .param/l "INIT_7" 0 3 2021, C4<0000000000000000000000000000000000000000000000000000000000000000000000000000000000000000000000000000000000000000000000000000000000000000000000000000000000000000000000000000000000000000000000000000000000000000000000000000000000000000000000000000000000000000>;
P_0x55556db37fe0 .param/l "INIT_8" 0 3 2022, C4<0000000000000000000000000000000000000000000000000000000000000000000000000000000000000000000000000000000000000000000000000000000000000000000000000000000000000000000000000000000000000000000000000000000000000000000000000000000000000000000000000000000000000000>;
P_0x55556db38020 .param/l "INIT_9" 0 3 2023, C4<0000000000000000000000000000000000000000000000000000000000000000000000000000000000000000000000000000000000000000000000000000000000000000000000000000000000000000000000000000000000000000000000000000000000000000000000000000000000000000000000000000000000000000>;
P_0x55556db38060 .param/l "INIT_A" 0 3 2024, C4<0000000000000000000000000000000000000000000000000000000000000000000000000000000000000000000000000000000000000000000000000000000000000000000000000000000000000000000000000000000000000000000000000000000000000000000000000000000000000000000000000000000000000000>;
P_0x55556db380a0 .param/l "INIT_B" 0 3 2025, C4<0000000000000000000000000000000000000000000000000000000000000000000000000000000000000000000000000000000000000000000000000000000000000000000000000000000000000000000000000000000000000000000000000000000000000000000000000000000000000000000000000000000000000000>;
P_0x55556db380e0 .param/l "INIT_C" 0 3 2026, C4<0000000000000000000000000000000000000000000000000000000000000000000000000000000000000000000000000000000000000000000000000000000000000000000000000000000000000000000000000000000000000000000000000000000000000000000000000000000000000000000000000000000000000000>;
P_0x55556db38120 .param/l "INIT_D" 0 3 2027, C4<0000000000000000000000000000000000000000000000000000000000000000000000000000000000000000000000000000000000000000000000000000000000000000000000000000000000000000000000000000000000000000000000000000000000000000000000000000000000000000000000000000000000000000>;
P_0x55556db38160 .param/l "INIT_E" 0 3 2028, C4<0000000000000000000000000000000000000000000000000000000000000000000000000000000000000000000000000000000000000000000000000000000000000000000000000000000000000000000000000000000000000000000000000000000000000000000000000000000000000000000000000000000000000000>;
P_0x55556db381a0 .param/l "INIT_F" 0 3 2029, C4<0000000000000000000000000000000000000000000000000000000000000000000000000000000000000000000000000000000000000000000000000000000000000000000000000000000000000000000000000000000000000000000000000000000000000000000000000000000000000000000000000000000000000000>;
P_0x55556db381e0 .param/str "INIT_FILE" 0 3 2031, "\000";
P_0x55556db38220 .param/l "READ_MODE" 0 3 2012, +C4<00000000000000000000000000000000>;
P_0x55556db38260 .param/l "WRITE_MODE" 0 3 2011, +C4<00000000000000000000000000000000>;
o0x7f6ebc9dc8a8 .functor BUFZ 1, c4<z>; HiZ drive
L_0x55556dd4cb10 .functor NOT 1, o0x7f6ebc9dc8a8, C4<0>, C4<0>, C4<0>;
o0x7f6ebc9dc8d8 .functor BUFZ 1, c4<z>; HiZ drive
L_0x55556dd4cbb0 .functor NOT 1, o0x7f6ebc9dc8d8, C4<0>, C4<0>, C4<0>;
o0x7f6ebc9dc398 .functor BUFZ 16, c4<zzzzzzzzzzzzzzzz>; HiZ drive
v0x55556dd1f1e0_0 .net "MASK", 15 0, o0x7f6ebc9dc398;  0 drivers
o0x7f6ebc9dc3c8 .functor BUFZ 11, c4<zzzzzzzzzzz>; HiZ drive
v0x55556dd1f2c0_0 .net "RADDR", 10 0, o0x7f6ebc9dc3c8;  0 drivers
o0x7f6ebc9dc428 .functor BUFZ 1, c4<z>; HiZ drive
v0x55556dd1f390_0 .net "RCLKE", 0 0, o0x7f6ebc9dc428;  0 drivers
v0x55556dd1f490_0 .net "RCLKN", 0 0, o0x7f6ebc9dc8a8;  0 drivers
v0x55556dd1f530_0 .net "RDATA", 15 0, L_0x55556dd4ca50;  1 drivers
o0x7f6ebc9dc4b8 .functor BUFZ 1, c4<z>; HiZ drive
v0x55556dd1f5d0_0 .net "RE", 0 0, o0x7f6ebc9dc4b8;  0 drivers
o0x7f6ebc9dc518 .functor BUFZ 11, c4<zzzzzzzzzzz>; HiZ drive
v0x55556dd1f6a0_0 .net "WADDR", 10 0, o0x7f6ebc9dc518;  0 drivers
o0x7f6ebc9dc578 .functor BUFZ 1, c4<z>; HiZ drive
v0x55556dd1f770_0 .net "WCLKE", 0 0, o0x7f6ebc9dc578;  0 drivers
v0x55556dd1f840_0 .net "WCLKN", 0 0, o0x7f6ebc9dc8d8;  0 drivers
o0x7f6ebc9dc5a8 .functor BUFZ 16, c4<zzzzzzzzzzzzzzzz>; HiZ drive
v0x55556dd1f8e0_0 .net "WDATA", 15 0, o0x7f6ebc9dc5a8;  0 drivers
o0x7f6ebc9dc608 .functor BUFZ 1, c4<z>; HiZ drive
v0x55556dd1f9b0_0 .net "WE", 0 0, o0x7f6ebc9dc608;  0 drivers
S_0x55556dd1b980 .scope module, "RAM" "SB_RAM40_4K" 3 2053, 3 1487 0, S_0x55556dc77680;
 .timescale -12 -12;
    .port_info 0 /OUTPUT 16 "RDATA";
    .port_info 1 /INPUT 1 "RCLK";
    .port_info 2 /INPUT 1 "RCLKE";
    .port_info 3 /INPUT 1 "RE";
    .port_info 4 /INPUT 11 "RADDR";
    .port_info 5 /INPUT 1 "WCLK";
    .port_info 6 /INPUT 1 "WCLKE";
    .port_info 7 /INPUT 1 "WE";
    .port_info 8 /INPUT 11 "WADDR";
    .port_info 9 /INPUT 16 "MASK";
    .port_info 10 /INPUT 16 "WDATA";
P_0x55556dd1bb30 .param/l "INIT_0" 0 3 1507, C4<0000000000000000000000000000000000000000000000000000000000000000000000000000000000000000000000000000000000000000000000000000000000000000000000000000000000000000000000000000000000000000000000000000000000000000000000000000000000000000000000000000000000000000>;
P_0x55556dd1bb70 .param/l "INIT_1" 0 3 1508, C4<0000000000000000000000000000000000000000000000000000000000000000000000000000000000000000000000000000000000000000000000000000000000000000000000000000000000000000000000000000000000000000000000000000000000000000000000000000000000000000000000000000000000000000>;
P_0x55556dd1bbb0 .param/l "INIT_2" 0 3 1509, C4<0000000000000000000000000000000000000000000000000000000000000000000000000000000000000000000000000000000000000000000000000000000000000000000000000000000000000000000000000000000000000000000000000000000000000000000000000000000000000000000000000000000000000000>;
P_0x55556dd1bbf0 .param/l "INIT_3" 0 3 1510, C4<0000000000000000000000000000000000000000000000000000000000000000000000000000000000000000000000000000000000000000000000000000000000000000000000000000000000000000000000000000000000000000000000000000000000000000000000000000000000000000000000000000000000000000>;
P_0x55556dd1bc30 .param/l "INIT_4" 0 3 1511, C4<0000000000000000000000000000000000000000000000000000000000000000000000000000000000000000000000000000000000000000000000000000000000000000000000000000000000000000000000000000000000000000000000000000000000000000000000000000000000000000000000000000000000000000>;
P_0x55556dd1bc70 .param/l "INIT_5" 0 3 1512, C4<0000000000000000000000000000000000000000000000000000000000000000000000000000000000000000000000000000000000000000000000000000000000000000000000000000000000000000000000000000000000000000000000000000000000000000000000000000000000000000000000000000000000000000>;
P_0x55556dd1bcb0 .param/l "INIT_6" 0 3 1513, C4<0000000000000000000000000000000000000000000000000000000000000000000000000000000000000000000000000000000000000000000000000000000000000000000000000000000000000000000000000000000000000000000000000000000000000000000000000000000000000000000000000000000000000000>;
P_0x55556dd1bcf0 .param/l "INIT_7" 0 3 1514, C4<0000000000000000000000000000000000000000000000000000000000000000000000000000000000000000000000000000000000000000000000000000000000000000000000000000000000000000000000000000000000000000000000000000000000000000000000000000000000000000000000000000000000000000>;
P_0x55556dd1bd30 .param/l "INIT_8" 0 3 1515, C4<0000000000000000000000000000000000000000000000000000000000000000000000000000000000000000000000000000000000000000000000000000000000000000000000000000000000000000000000000000000000000000000000000000000000000000000000000000000000000000000000000000000000000000>;
P_0x55556dd1bd70 .param/l "INIT_9" 0 3 1516, C4<0000000000000000000000000000000000000000000000000000000000000000000000000000000000000000000000000000000000000000000000000000000000000000000000000000000000000000000000000000000000000000000000000000000000000000000000000000000000000000000000000000000000000000>;
P_0x55556dd1bdb0 .param/l "INIT_A" 0 3 1517, C4<0000000000000000000000000000000000000000000000000000000000000000000000000000000000000000000000000000000000000000000000000000000000000000000000000000000000000000000000000000000000000000000000000000000000000000000000000000000000000000000000000000000000000000>;
P_0x55556dd1bdf0 .param/l "INIT_B" 0 3 1518, C4<0000000000000000000000000000000000000000000000000000000000000000000000000000000000000000000000000000000000000000000000000000000000000000000000000000000000000000000000000000000000000000000000000000000000000000000000000000000000000000000000000000000000000000>;
P_0x55556dd1be30 .param/l "INIT_C" 0 3 1519, C4<0000000000000000000000000000000000000000000000000000000000000000000000000000000000000000000000000000000000000000000000000000000000000000000000000000000000000000000000000000000000000000000000000000000000000000000000000000000000000000000000000000000000000000>;
P_0x55556dd1be70 .param/l "INIT_D" 0 3 1520, C4<0000000000000000000000000000000000000000000000000000000000000000000000000000000000000000000000000000000000000000000000000000000000000000000000000000000000000000000000000000000000000000000000000000000000000000000000000000000000000000000000000000000000000000>;
P_0x55556dd1beb0 .param/l "INIT_E" 0 3 1521, C4<0000000000000000000000000000000000000000000000000000000000000000000000000000000000000000000000000000000000000000000000000000000000000000000000000000000000000000000000000000000000000000000000000000000000000000000000000000000000000000000000000000000000000000>;
P_0x55556dd1bef0 .param/l "INIT_F" 0 3 1522, C4<0000000000000000000000000000000000000000000000000000000000000000000000000000000000000000000000000000000000000000000000000000000000000000000000000000000000000000000000000000000000000000000000000000000000000000000000000000000000000000000000000000000000000000>;
P_0x55556dd1bf30 .param/str "INIT_FILE" 0 3 1524, "\000";
P_0x55556dd1bf70 .param/l "READ_MODE" 0 3 1505, +C4<00000000000000000000000000000000>;
P_0x55556dd1bfb0 .param/l "WRITE_MODE" 0 3 1504, +C4<00000000000000000000000000000000>;
v0x55556dd1e0d0_0 .net "MASK", 15 0, o0x7f6ebc9dc398;  alias, 0 drivers
v0x55556dd1e190_0 .net "RADDR", 10 0, o0x7f6ebc9dc3c8;  alias, 0 drivers
v0x55556dd1e270_0 .net "RCLK", 0 0, L_0x55556dd4cb10;  1 drivers
v0x55556dd1e340_0 .net "RCLKE", 0 0, o0x7f6ebc9dc428;  alias, 0 drivers
v0x55556dd1e400_0 .net "RDATA", 15 0, L_0x55556dd4ca50;  alias, 1 drivers
v0x55556dd1e530_0 .var "RDATA_I", 15 0;
v0x55556dd1e610_0 .net "RE", 0 0, o0x7f6ebc9dc4b8;  alias, 0 drivers
L_0x7f6ebc986b58 .functor BUFT 1, C4<0000000000000000>, C4<0>, C4<0>, C4<0>;
v0x55556dd1e6d0_0 .net "RMASK_I", 15 0, L_0x7f6ebc986b58;  1 drivers
v0x55556dd1e7b0_0 .net "WADDR", 10 0, o0x7f6ebc9dc518;  alias, 0 drivers
v0x55556dd1e890_0 .net "WCLK", 0 0, L_0x55556dd4cbb0;  1 drivers
v0x55556dd1e950_0 .net "WCLKE", 0 0, o0x7f6ebc9dc578;  alias, 0 drivers
v0x55556dd1ea10_0 .net "WDATA", 15 0, o0x7f6ebc9dc5a8;  alias, 0 drivers
v0x55556dd1eaf0_0 .net "WDATA_I", 15 0, L_0x55556dd4c960;  1 drivers
v0x55556dd1ebd0_0 .net "WE", 0 0, o0x7f6ebc9dc608;  alias, 0 drivers
v0x55556dd1ec90_0 .net "WMASK_I", 15 0, L_0x55556dd4c8a0;  1 drivers
v0x55556dd1ed70_0 .var/i "i", 31 0;
v0x55556dd1ee50 .array "memory", 255 0, 15 0;
E_0x55556dd1d800 .event posedge, v0x55556dd1e270_0;
E_0x55556dd1d880 .event posedge, v0x55556dd1e890_0;
S_0x55556dd1d8e0 .scope generate, "genblk1" "genblk1" 3 1534, 3 1534 0, S_0x55556dd1b980;
 .timescale -12 -12;
L_0x55556dd4c8a0 .functor BUFZ 16, o0x7f6ebc9dc398, C4<0000000000000000>, C4<0000000000000000>, C4<0000000000000000>;
S_0x55556dd1dae0 .scope generate, "genblk2" "genblk2" 3 1555, 3 1555 0, S_0x55556dd1b980;
 .timescale -12 -12;
S_0x55556dd1dce0 .scope generate, "genblk3" "genblk3" 3 1576, 3 1576 0, S_0x55556dd1b980;
 .timescale -12 -12;
L_0x55556dd4c960 .functor BUFZ 16, o0x7f6ebc9dc5a8, C4<0000000000000000>, C4<0000000000000000>, C4<0000000000000000>;
S_0x55556dd1def0 .scope generate, "genblk4" "genblk4" 3 1595, 3 1595 0, S_0x55556dd1b980;
 .timescale -12 -12;
L_0x55556dd4ca50 .functor BUFZ 16, v0x55556dd1e530_0, C4<0000000000000000>, C4<0000000000000000>, C4<0000000000000000>;
S_0x55556db04c40 .scope module, "SB_RAM40_4KNW" "SB_RAM40_4KNW" 3 1862;
 .timescale -12 -12;
    .port_info 0 /OUTPUT 16 "RDATA";
    .port_info 1 /INPUT 1 "RCLK";
    .port_info 2 /INPUT 1 "RCLKE";
    .port_info 3 /INPUT 1 "RE";
    .port_info 4 /INPUT 11 "RADDR";
    .port_info 5 /INPUT 1 "WCLKN";
    .port_info 6 /INPUT 1 "WCLKE";
    .port_info 7 /INPUT 1 "WE";
    .port_info 8 /INPUT 11 "WADDR";
    .port_info 9 /INPUT 16 "MASK";
    .port_info 10 /INPUT 16 "WDATA";
P_0x55556db19490 .param/l "INIT_0" 0 3 1878, C4<0000000000000000000000000000000000000000000000000000000000000000000000000000000000000000000000000000000000000000000000000000000000000000000000000000000000000000000000000000000000000000000000000000000000000000000000000000000000000000000000000000000000000000>;
P_0x55556db194d0 .param/l "INIT_1" 0 3 1879, C4<0000000000000000000000000000000000000000000000000000000000000000000000000000000000000000000000000000000000000000000000000000000000000000000000000000000000000000000000000000000000000000000000000000000000000000000000000000000000000000000000000000000000000000>;
P_0x55556db19510 .param/l "INIT_2" 0 3 1880, C4<0000000000000000000000000000000000000000000000000000000000000000000000000000000000000000000000000000000000000000000000000000000000000000000000000000000000000000000000000000000000000000000000000000000000000000000000000000000000000000000000000000000000000000>;
P_0x55556db19550 .param/l "INIT_3" 0 3 1881, C4<0000000000000000000000000000000000000000000000000000000000000000000000000000000000000000000000000000000000000000000000000000000000000000000000000000000000000000000000000000000000000000000000000000000000000000000000000000000000000000000000000000000000000000>;
P_0x55556db19590 .param/l "INIT_4" 0 3 1882, C4<0000000000000000000000000000000000000000000000000000000000000000000000000000000000000000000000000000000000000000000000000000000000000000000000000000000000000000000000000000000000000000000000000000000000000000000000000000000000000000000000000000000000000000>;
P_0x55556db195d0 .param/l "INIT_5" 0 3 1883, C4<0000000000000000000000000000000000000000000000000000000000000000000000000000000000000000000000000000000000000000000000000000000000000000000000000000000000000000000000000000000000000000000000000000000000000000000000000000000000000000000000000000000000000000>;
P_0x55556db19610 .param/l "INIT_6" 0 3 1884, C4<0000000000000000000000000000000000000000000000000000000000000000000000000000000000000000000000000000000000000000000000000000000000000000000000000000000000000000000000000000000000000000000000000000000000000000000000000000000000000000000000000000000000000000>;
P_0x55556db19650 .param/l "INIT_7" 0 3 1885, C4<0000000000000000000000000000000000000000000000000000000000000000000000000000000000000000000000000000000000000000000000000000000000000000000000000000000000000000000000000000000000000000000000000000000000000000000000000000000000000000000000000000000000000000>;
P_0x55556db19690 .param/l "INIT_8" 0 3 1886, C4<0000000000000000000000000000000000000000000000000000000000000000000000000000000000000000000000000000000000000000000000000000000000000000000000000000000000000000000000000000000000000000000000000000000000000000000000000000000000000000000000000000000000000000>;
P_0x55556db196d0 .param/l "INIT_9" 0 3 1887, C4<0000000000000000000000000000000000000000000000000000000000000000000000000000000000000000000000000000000000000000000000000000000000000000000000000000000000000000000000000000000000000000000000000000000000000000000000000000000000000000000000000000000000000000>;
P_0x55556db19710 .param/l "INIT_A" 0 3 1888, C4<0000000000000000000000000000000000000000000000000000000000000000000000000000000000000000000000000000000000000000000000000000000000000000000000000000000000000000000000000000000000000000000000000000000000000000000000000000000000000000000000000000000000000000>;
P_0x55556db19750 .param/l "INIT_B" 0 3 1889, C4<0000000000000000000000000000000000000000000000000000000000000000000000000000000000000000000000000000000000000000000000000000000000000000000000000000000000000000000000000000000000000000000000000000000000000000000000000000000000000000000000000000000000000000>;
P_0x55556db19790 .param/l "INIT_C" 0 3 1890, C4<0000000000000000000000000000000000000000000000000000000000000000000000000000000000000000000000000000000000000000000000000000000000000000000000000000000000000000000000000000000000000000000000000000000000000000000000000000000000000000000000000000000000000000>;
P_0x55556db197d0 .param/l "INIT_D" 0 3 1891, C4<0000000000000000000000000000000000000000000000000000000000000000000000000000000000000000000000000000000000000000000000000000000000000000000000000000000000000000000000000000000000000000000000000000000000000000000000000000000000000000000000000000000000000000>;
P_0x55556db19810 .param/l "INIT_E" 0 3 1892, C4<0000000000000000000000000000000000000000000000000000000000000000000000000000000000000000000000000000000000000000000000000000000000000000000000000000000000000000000000000000000000000000000000000000000000000000000000000000000000000000000000000000000000000000>;
P_0x55556db19850 .param/l "INIT_F" 0 3 1893, C4<0000000000000000000000000000000000000000000000000000000000000000000000000000000000000000000000000000000000000000000000000000000000000000000000000000000000000000000000000000000000000000000000000000000000000000000000000000000000000000000000000000000000000000>;
P_0x55556db19890 .param/str "INIT_FILE" 0 3 1895, "\000";
P_0x55556db198d0 .param/l "READ_MODE" 0 3 1876, +C4<00000000000000000000000000000000>;
P_0x55556db19910 .param/l "WRITE_MODE" 0 3 1875, +C4<00000000000000000000000000000000>;
o0x7f6ebc9dd028 .functor BUFZ 1, c4<z>; HiZ drive
L_0x55556dd4cf20 .functor NOT 1, o0x7f6ebc9dd028, C4<0>, C4<0>, C4<0>;
o0x7f6ebc9dcb18 .functor BUFZ 16, c4<zzzzzzzzzzzzzzzz>; HiZ drive
v0x55556dd23530_0 .net "MASK", 15 0, o0x7f6ebc9dcb18;  0 drivers
o0x7f6ebc9dcb48 .functor BUFZ 11, c4<zzzzzzzzzzz>; HiZ drive
v0x55556dd23610_0 .net "RADDR", 10 0, o0x7f6ebc9dcb48;  0 drivers
o0x7f6ebc9dcb78 .functor BUFZ 1, c4<z>; HiZ drive
v0x55556dd236e0_0 .net "RCLK", 0 0, o0x7f6ebc9dcb78;  0 drivers
o0x7f6ebc9dcba8 .functor BUFZ 1, c4<z>; HiZ drive
v0x55556dd237e0_0 .net "RCLKE", 0 0, o0x7f6ebc9dcba8;  0 drivers
v0x55556dd238b0_0 .net "RDATA", 15 0, L_0x55556dd4ce60;  1 drivers
o0x7f6ebc9dcc38 .functor BUFZ 1, c4<z>; HiZ drive
v0x55556dd23950_0 .net "RE", 0 0, o0x7f6ebc9dcc38;  0 drivers
o0x7f6ebc9dcc98 .functor BUFZ 11, c4<zzzzzzzzzzz>; HiZ drive
v0x55556dd23a20_0 .net "WADDR", 10 0, o0x7f6ebc9dcc98;  0 drivers
o0x7f6ebc9dccf8 .functor BUFZ 1, c4<z>; HiZ drive
v0x55556dd23af0_0 .net "WCLKE", 0 0, o0x7f6ebc9dccf8;  0 drivers
v0x55556dd23bc0_0 .net "WCLKN", 0 0, o0x7f6ebc9dd028;  0 drivers
o0x7f6ebc9dcd28 .functor BUFZ 16, c4<zzzzzzzzzzzzzzzz>; HiZ drive
v0x55556dd23c60_0 .net "WDATA", 15 0, o0x7f6ebc9dcd28;  0 drivers
o0x7f6ebc9dcd88 .functor BUFZ 1, c4<z>; HiZ drive
v0x55556dd23d30_0 .net "WE", 0 0, o0x7f6ebc9dcd88;  0 drivers
S_0x55556dd1fb60 .scope module, "RAM" "SB_RAM40_4K" 3 1917, 3 1487 0, S_0x55556db04c40;
 .timescale -12 -12;
    .port_info 0 /OUTPUT 16 "RDATA";
    .port_info 1 /INPUT 1 "RCLK";
    .port_info 2 /INPUT 1 "RCLKE";
    .port_info 3 /INPUT 1 "RE";
    .port_info 4 /INPUT 11 "RADDR";
    .port_info 5 /INPUT 1 "WCLK";
    .port_info 6 /INPUT 1 "WCLKE";
    .port_info 7 /INPUT 1 "WE";
    .port_info 8 /INPUT 11 "WADDR";
    .port_info 9 /INPUT 16 "MASK";
    .port_info 10 /INPUT 16 "WDATA";
P_0x55556dd1fd10 .param/l "INIT_0" 0 3 1507, C4<0000000000000000000000000000000000000000000000000000000000000000000000000000000000000000000000000000000000000000000000000000000000000000000000000000000000000000000000000000000000000000000000000000000000000000000000000000000000000000000000000000000000000000>;
P_0x55556dd1fd50 .param/l "INIT_1" 0 3 1508, C4<0000000000000000000000000000000000000000000000000000000000000000000000000000000000000000000000000000000000000000000000000000000000000000000000000000000000000000000000000000000000000000000000000000000000000000000000000000000000000000000000000000000000000000>;
P_0x55556dd1fd90 .param/l "INIT_2" 0 3 1509, C4<0000000000000000000000000000000000000000000000000000000000000000000000000000000000000000000000000000000000000000000000000000000000000000000000000000000000000000000000000000000000000000000000000000000000000000000000000000000000000000000000000000000000000000>;
P_0x55556dd1fdd0 .param/l "INIT_3" 0 3 1510, C4<0000000000000000000000000000000000000000000000000000000000000000000000000000000000000000000000000000000000000000000000000000000000000000000000000000000000000000000000000000000000000000000000000000000000000000000000000000000000000000000000000000000000000000>;
P_0x55556dd1fe10 .param/l "INIT_4" 0 3 1511, C4<0000000000000000000000000000000000000000000000000000000000000000000000000000000000000000000000000000000000000000000000000000000000000000000000000000000000000000000000000000000000000000000000000000000000000000000000000000000000000000000000000000000000000000>;
P_0x55556dd1fe50 .param/l "INIT_5" 0 3 1512, C4<0000000000000000000000000000000000000000000000000000000000000000000000000000000000000000000000000000000000000000000000000000000000000000000000000000000000000000000000000000000000000000000000000000000000000000000000000000000000000000000000000000000000000000>;
P_0x55556dd1fe90 .param/l "INIT_6" 0 3 1513, C4<0000000000000000000000000000000000000000000000000000000000000000000000000000000000000000000000000000000000000000000000000000000000000000000000000000000000000000000000000000000000000000000000000000000000000000000000000000000000000000000000000000000000000000>;
P_0x55556dd1fed0 .param/l "INIT_7" 0 3 1514, C4<0000000000000000000000000000000000000000000000000000000000000000000000000000000000000000000000000000000000000000000000000000000000000000000000000000000000000000000000000000000000000000000000000000000000000000000000000000000000000000000000000000000000000000>;
P_0x55556dd1ff10 .param/l "INIT_8" 0 3 1515, C4<0000000000000000000000000000000000000000000000000000000000000000000000000000000000000000000000000000000000000000000000000000000000000000000000000000000000000000000000000000000000000000000000000000000000000000000000000000000000000000000000000000000000000000>;
P_0x55556dd1ff50 .param/l "INIT_9" 0 3 1516, C4<0000000000000000000000000000000000000000000000000000000000000000000000000000000000000000000000000000000000000000000000000000000000000000000000000000000000000000000000000000000000000000000000000000000000000000000000000000000000000000000000000000000000000000>;
P_0x55556dd1ff90 .param/l "INIT_A" 0 3 1517, C4<0000000000000000000000000000000000000000000000000000000000000000000000000000000000000000000000000000000000000000000000000000000000000000000000000000000000000000000000000000000000000000000000000000000000000000000000000000000000000000000000000000000000000000>;
P_0x55556dd1ffd0 .param/l "INIT_B" 0 3 1518, C4<0000000000000000000000000000000000000000000000000000000000000000000000000000000000000000000000000000000000000000000000000000000000000000000000000000000000000000000000000000000000000000000000000000000000000000000000000000000000000000000000000000000000000000>;
P_0x55556dd20010 .param/l "INIT_C" 0 3 1519, C4<0000000000000000000000000000000000000000000000000000000000000000000000000000000000000000000000000000000000000000000000000000000000000000000000000000000000000000000000000000000000000000000000000000000000000000000000000000000000000000000000000000000000000000>;
P_0x55556dd20050 .param/l "INIT_D" 0 3 1520, C4<0000000000000000000000000000000000000000000000000000000000000000000000000000000000000000000000000000000000000000000000000000000000000000000000000000000000000000000000000000000000000000000000000000000000000000000000000000000000000000000000000000000000000000>;
P_0x55556dd20090 .param/l "INIT_E" 0 3 1521, C4<0000000000000000000000000000000000000000000000000000000000000000000000000000000000000000000000000000000000000000000000000000000000000000000000000000000000000000000000000000000000000000000000000000000000000000000000000000000000000000000000000000000000000000>;
P_0x55556dd200d0 .param/l "INIT_F" 0 3 1522, C4<0000000000000000000000000000000000000000000000000000000000000000000000000000000000000000000000000000000000000000000000000000000000000000000000000000000000000000000000000000000000000000000000000000000000000000000000000000000000000000000000000000000000000000>;
P_0x55556dd20110 .param/str "INIT_FILE" 0 3 1524, "\000";
P_0x55556dd20150 .param/l "READ_MODE" 0 3 1505, +C4<00000000000000000000000000000000>;
P_0x55556dd20190 .param/l "WRITE_MODE" 0 3 1504, +C4<00000000000000000000000000000000>;
v0x55556dd22420_0 .net "MASK", 15 0, o0x7f6ebc9dcb18;  alias, 0 drivers
v0x55556dd224e0_0 .net "RADDR", 10 0, o0x7f6ebc9dcb48;  alias, 0 drivers
v0x55556dd225c0_0 .net "RCLK", 0 0, o0x7f6ebc9dcb78;  alias, 0 drivers
v0x55556dd22690_0 .net "RCLKE", 0 0, o0x7f6ebc9dcba8;  alias, 0 drivers
v0x55556dd22750_0 .net "RDATA", 15 0, L_0x55556dd4ce60;  alias, 1 drivers
v0x55556dd22880_0 .var "RDATA_I", 15 0;
v0x55556dd22960_0 .net "RE", 0 0, o0x7f6ebc9dcc38;  alias, 0 drivers
L_0x7f6ebc986ba0 .functor BUFT 1, C4<0000000000000000>, C4<0>, C4<0>, C4<0>;
v0x55556dd22a20_0 .net "RMASK_I", 15 0, L_0x7f6ebc986ba0;  1 drivers
v0x55556dd22b00_0 .net "WADDR", 10 0, o0x7f6ebc9dcc98;  alias, 0 drivers
v0x55556dd22be0_0 .net "WCLK", 0 0, L_0x55556dd4cf20;  1 drivers
v0x55556dd22ca0_0 .net "WCLKE", 0 0, o0x7f6ebc9dccf8;  alias, 0 drivers
v0x55556dd22d60_0 .net "WDATA", 15 0, o0x7f6ebc9dcd28;  alias, 0 drivers
v0x55556dd22e40_0 .net "WDATA_I", 15 0, L_0x55556dd4cd70;  1 drivers
v0x55556dd22f20_0 .net "WE", 0 0, o0x7f6ebc9dcd88;  alias, 0 drivers
v0x55556dd22fe0_0 .net "WMASK_I", 15 0, L_0x55556dd4cc80;  1 drivers
v0x55556dd230c0_0 .var/i "i", 31 0;
v0x55556dd231a0 .array "memory", 255 0, 15 0;
E_0x55556dd21b50 .event posedge, v0x55556dd225c0_0;
E_0x55556dd21bd0 .event posedge, v0x55556dd22be0_0;
S_0x55556dd21c30 .scope generate, "genblk1" "genblk1" 3 1534, 3 1534 0, S_0x55556dd1fb60;
 .timescale -12 -12;
L_0x55556dd4cc80 .functor BUFZ 16, o0x7f6ebc9dcb18, C4<0000000000000000>, C4<0000000000000000>, C4<0000000000000000>;
S_0x55556dd21e30 .scope generate, "genblk2" "genblk2" 3 1555, 3 1555 0, S_0x55556dd1fb60;
 .timescale -12 -12;
S_0x55556dd22030 .scope generate, "genblk3" "genblk3" 3 1576, 3 1576 0, S_0x55556dd1fb60;
 .timescale -12 -12;
L_0x55556dd4cd70 .functor BUFZ 16, o0x7f6ebc9dcd28, C4<0000000000000000>, C4<0000000000000000>, C4<0000000000000000>;
S_0x55556dd22240 .scope generate, "genblk4" "genblk4" 3 1595, 3 1595 0, S_0x55556dd1fb60;
 .timescale -12 -12;
L_0x55556dd4ce60 .functor BUFZ 16, v0x55556dd22880_0, C4<0000000000000000>, C4<0000000000000000>, C4<0000000000000000>;
S_0x55556db33560 .scope module, "SB_RGBA_DRV" "SB_RGBA_DRV" 3 2692;
 .timescale -12 -12;
    .port_info 0 /INPUT 1 "CURREN";
    .port_info 1 /INPUT 1 "RGBLEDEN";
    .port_info 2 /INPUT 1 "RGB0PWM";
    .port_info 3 /INPUT 1 "RGB1PWM";
    .port_info 4 /INPUT 1 "RGB2PWM";
    .port_info 5 /OUTPUT 1 "RGB0";
    .port_info 6 /OUTPUT 1 "RGB1";
    .port_info 7 /OUTPUT 1 "RGB2";
P_0x55556db2f300 .param/str "CURRENT_MODE" 0 3 2702, "0b0";
P_0x55556db2f340 .param/str "RGB0_CURRENT" 0 3 2703, "0b000000";
P_0x55556db2f380 .param/str "RGB1_CURRENT" 0 3 2704, "0b000000";
P_0x55556db2f3c0 .param/str "RGB2_CURRENT" 0 3 2705, "0b000000";
o0x7f6ebc9dd268 .functor BUFZ 1, c4<z>; HiZ drive
v0x55556dd23ea0_0 .net "CURREN", 0 0, o0x7f6ebc9dd268;  0 drivers
o0x7f6ebc9dd298 .functor BUFZ 1, c4<z>; HiZ drive
v0x55556dd23f80_0 .net "RGB0", 0 0, o0x7f6ebc9dd298;  0 drivers
o0x7f6ebc9dd2c8 .functor BUFZ 1, c4<z>; HiZ drive
v0x55556dd24040_0 .net "RGB0PWM", 0 0, o0x7f6ebc9dd2c8;  0 drivers
o0x7f6ebc9dd2f8 .functor BUFZ 1, c4<z>; HiZ drive
v0x55556dd24110_0 .net "RGB1", 0 0, o0x7f6ebc9dd2f8;  0 drivers
o0x7f6ebc9dd328 .functor BUFZ 1, c4<z>; HiZ drive
v0x55556dd241d0_0 .net "RGB1PWM", 0 0, o0x7f6ebc9dd328;  0 drivers
o0x7f6ebc9dd358 .functor BUFZ 1, c4<z>; HiZ drive
v0x55556dd24290_0 .net "RGB2", 0 0, o0x7f6ebc9dd358;  0 drivers
o0x7f6ebc9dd388 .functor BUFZ 1, c4<z>; HiZ drive
v0x55556dd24350_0 .net "RGB2PWM", 0 0, o0x7f6ebc9dd388;  0 drivers
o0x7f6ebc9dd3b8 .functor BUFZ 1, c4<z>; HiZ drive
v0x55556dd24410_0 .net "RGBLEDEN", 0 0, o0x7f6ebc9dd3b8;  0 drivers
S_0x55556db2f660 .scope module, "SB_RGB_DRV" "SB_RGB_DRV" 3 2716;
 .timescale -12 -12;
    .port_info 0 /INPUT 1 "RGBLEDEN";
    .port_info 1 /INPUT 1 "RGB0PWM";
    .port_info 2 /INPUT 1 "RGB1PWM";
    .port_info 3 /INPUT 1 "RGB2PWM";
    .port_info 4 /INPUT 1 "RGBPU";
    .port_info 5 /OUTPUT 1 "RGB0";
    .port_info 6 /OUTPUT 1 "RGB1";
    .port_info 7 /OUTPUT 1 "RGB2";
P_0x55556db420c0 .param/str "CURRENT_MODE" 0 3 2726, "0b0";
P_0x55556db42100 .param/str "RGB0_CURRENT" 0 3 2727, "0b000000";
P_0x55556db42140 .param/str "RGB1_CURRENT" 0 3 2728, "0b000000";
P_0x55556db42180 .param/str "RGB2_CURRENT" 0 3 2729, "0b000000";
o0x7f6ebc9dd568 .functor BUFZ 1, c4<z>; HiZ drive
v0x55556dd24620_0 .net "RGB0", 0 0, o0x7f6ebc9dd568;  0 drivers
o0x7f6ebc9dd598 .functor BUFZ 1, c4<z>; HiZ drive
v0x55556dd24700_0 .net "RGB0PWM", 0 0, o0x7f6ebc9dd598;  0 drivers
o0x7f6ebc9dd5c8 .functor BUFZ 1, c4<z>; HiZ drive
v0x55556dd247c0_0 .net "RGB1", 0 0, o0x7f6ebc9dd5c8;  0 drivers
o0x7f6ebc9dd5f8 .functor BUFZ 1, c4<z>; HiZ drive
v0x55556dd24860_0 .net "RGB1PWM", 0 0, o0x7f6ebc9dd5f8;  0 drivers
o0x7f6ebc9dd628 .functor BUFZ 1, c4<z>; HiZ drive
v0x55556dd24920_0 .net "RGB2", 0 0, o0x7f6ebc9dd628;  0 drivers
o0x7f6ebc9dd658 .functor BUFZ 1, c4<z>; HiZ drive
v0x55556dd249e0_0 .net "RGB2PWM", 0 0, o0x7f6ebc9dd658;  0 drivers
o0x7f6ebc9dd688 .functor BUFZ 1, c4<z>; HiZ drive
v0x55556dd24aa0_0 .net "RGBLEDEN", 0 0, o0x7f6ebc9dd688;  0 drivers
o0x7f6ebc9dd6b8 .functor BUFZ 1, c4<z>; HiZ drive
v0x55556dd24b60_0 .net "RGBPU", 0 0, o0x7f6ebc9dd6b8;  0 drivers
S_0x55556db44b00 .scope module, "SB_SPI" "SB_SPI" 3 2776;
 .timescale -12 -12;
    .port_info 0 /INPUT 1 "SBCLKI";
    .port_info 1 /INPUT 1 "SBRWI";
    .port_info 2 /INPUT 1 "SBSTBI";
    .port_info 3 /INPUT 1 "SBADRI7";
    .port_info 4 /INPUT 1 "SBADRI6";
    .port_info 5 /INPUT 1 "SBADRI5";
    .port_info 6 /INPUT 1 "SBADRI4";
    .port_info 7 /INPUT 1 "SBADRI3";
    .port_info 8 /INPUT 1 "SBADRI2";
    .port_info 9 /INPUT 1 "SBADRI1";
    .port_info 10 /INPUT 1 "SBADRI0";
    .port_info 11 /INPUT 1 "SBDATI7";
    .port_info 12 /INPUT 1 "SBDATI6";
    .port_info 13 /INPUT 1 "SBDATI5";
    .port_info 14 /INPUT 1 "SBDATI4";
    .port_info 15 /INPUT 1 "SBDATI3";
    .port_info 16 /INPUT 1 "SBDATI2";
    .port_info 17 /INPUT 1 "SBDATI1";
    .port_info 18 /INPUT 1 "SBDATI0";
    .port_info 19 /INPUT 1 "MI";
    .port_info 20 /INPUT 1 "SI";
    .port_info 21 /INPUT 1 "SCKI";
    .port_info 22 /INPUT 1 "SCSNI";
    .port_info 23 /OUTPUT 1 "SBDATO7";
    .port_info 24 /OUTPUT 1 "SBDATO6";
    .port_info 25 /OUTPUT 1 "SBDATO5";
    .port_info 26 /OUTPUT 1 "SBDATO4";
    .port_info 27 /OUTPUT 1 "SBDATO3";
    .port_info 28 /OUTPUT 1 "SBDATO2";
    .port_info 29 /OUTPUT 1 "SBDATO1";
    .port_info 30 /OUTPUT 1 "SBDATO0";
    .port_info 31 /OUTPUT 1 "SBACKO";
    .port_info 32 /OUTPUT 1 "SPIIRQ";
    .port_info 33 /OUTPUT 1 "SPIWKUP";
    .port_info 34 /OUTPUT 1 "SO";
    .port_info 35 /OUTPUT 1 "SOE";
    .port_info 36 /OUTPUT 1 "MO";
    .port_info 37 /OUTPUT 1 "MOE";
    .port_info 38 /OUTPUT 1 "SCKO";
    .port_info 39 /OUTPUT 1 "SCKOE";
    .port_info 40 /OUTPUT 1 "MCSNO3";
    .port_info 41 /OUTPUT 1 "MCSNO2";
    .port_info 42 /OUTPUT 1 "MCSNO1";
    .port_info 43 /OUTPUT 1 "MCSNO0";
    .port_info 44 /OUTPUT 1 "MCSNOE3";
    .port_info 45 /OUTPUT 1 "MCSNOE2";
    .port_info 46 /OUTPUT 1 "MCSNOE1";
    .port_info 47 /OUTPUT 1 "MCSNOE0";
P_0x55556db44c90 .param/str "BUS_ADDR74" 0 3 2826, "0b0000";
o0x7f6ebc9dd868 .functor BUFZ 1, c4<z>; HiZ drive
v0x55556dd24d70_0 .net "MCSNO0", 0 0, o0x7f6ebc9dd868;  0 drivers
o0x7f6ebc9dd898 .functor BUFZ 1, c4<z>; HiZ drive
v0x55556dd24e50_0 .net "MCSNO1", 0 0, o0x7f6ebc9dd898;  0 drivers
o0x7f6ebc9dd8c8 .functor BUFZ 1, c4<z>; HiZ drive
v0x55556dd24f10_0 .net "MCSNO2", 0 0, o0x7f6ebc9dd8c8;  0 drivers
o0x7f6ebc9dd8f8 .functor BUFZ 1, c4<z>; HiZ drive
v0x55556dd24fb0_0 .net "MCSNO3", 0 0, o0x7f6ebc9dd8f8;  0 drivers
o0x7f6ebc9dd928 .functor BUFZ 1, c4<z>; HiZ drive
v0x55556dd25070_0 .net "MCSNOE0", 0 0, o0x7f6ebc9dd928;  0 drivers
o0x7f6ebc9dd958 .functor BUFZ 1, c4<z>; HiZ drive
v0x55556dd25130_0 .net "MCSNOE1", 0 0, o0x7f6ebc9dd958;  0 drivers
o0x7f6ebc9dd988 .functor BUFZ 1, c4<z>; HiZ drive
v0x55556dd251f0_0 .net "MCSNOE2", 0 0, o0x7f6ebc9dd988;  0 drivers
o0x7f6ebc9dd9b8 .functor BUFZ 1, c4<z>; HiZ drive
v0x55556dd252b0_0 .net "MCSNOE3", 0 0, o0x7f6ebc9dd9b8;  0 drivers
o0x7f6ebc9dd9e8 .functor BUFZ 1, c4<z>; HiZ drive
v0x55556dd25370_0 .net "MI", 0 0, o0x7f6ebc9dd9e8;  0 drivers
o0x7f6ebc9dda18 .functor BUFZ 1, c4<z>; HiZ drive
v0x55556dd254c0_0 .net "MO", 0 0, o0x7f6ebc9dda18;  0 drivers
o0x7f6ebc9dda48 .functor BUFZ 1, c4<z>; HiZ drive
v0x55556dd25580_0 .net "MOE", 0 0, o0x7f6ebc9dda48;  0 drivers
o0x7f6ebc9dda78 .functor BUFZ 1, c4<z>; HiZ drive
v0x55556dd25640_0 .net "SBACKO", 0 0, o0x7f6ebc9dda78;  0 drivers
o0x7f6ebc9ddaa8 .functor BUFZ 1, c4<z>; HiZ drive
v0x55556dd25700_0 .net "SBADRI0", 0 0, o0x7f6ebc9ddaa8;  0 drivers
o0x7f6ebc9ddad8 .functor BUFZ 1, c4<z>; HiZ drive
v0x55556dd257c0_0 .net "SBADRI1", 0 0, o0x7f6ebc9ddad8;  0 drivers
o0x7f6ebc9ddb08 .functor BUFZ 1, c4<z>; HiZ drive
v0x55556dd25880_0 .net "SBADRI2", 0 0, o0x7f6ebc9ddb08;  0 drivers
o0x7f6ebc9ddb38 .functor BUFZ 1, c4<z>; HiZ drive
v0x55556dd25940_0 .net "SBADRI3", 0 0, o0x7f6ebc9ddb38;  0 drivers
o0x7f6ebc9ddb68 .functor BUFZ 1, c4<z>; HiZ drive
v0x55556dd25a00_0 .net "SBADRI4", 0 0, o0x7f6ebc9ddb68;  0 drivers
o0x7f6ebc9ddb98 .functor BUFZ 1, c4<z>; HiZ drive
v0x55556dd25bd0_0 .net "SBADRI5", 0 0, o0x7f6ebc9ddb98;  0 drivers
o0x7f6ebc9ddbc8 .functor BUFZ 1, c4<z>; HiZ drive
v0x55556dd25c90_0 .net "SBADRI6", 0 0, o0x7f6ebc9ddbc8;  0 drivers
o0x7f6ebc9ddbf8 .functor BUFZ 1, c4<z>; HiZ drive
v0x55556dd25d50_0 .net "SBADRI7", 0 0, o0x7f6ebc9ddbf8;  0 drivers
o0x7f6ebc9ddc28 .functor BUFZ 1, c4<z>; HiZ drive
v0x55556dd25e10_0 .net "SBCLKI", 0 0, o0x7f6ebc9ddc28;  0 drivers
o0x7f6ebc9ddc58 .functor BUFZ 1, c4<z>; HiZ drive
v0x55556dd25ed0_0 .net "SBDATI0", 0 0, o0x7f6ebc9ddc58;  0 drivers
o0x7f6ebc9ddc88 .functor BUFZ 1, c4<z>; HiZ drive
v0x55556dd25f90_0 .net "SBDATI1", 0 0, o0x7f6ebc9ddc88;  0 drivers
o0x7f6ebc9ddcb8 .functor BUFZ 1, c4<z>; HiZ drive
v0x55556dd26050_0 .net "SBDATI2", 0 0, o0x7f6ebc9ddcb8;  0 drivers
o0x7f6ebc9ddce8 .functor BUFZ 1, c4<z>; HiZ drive
v0x55556dd26110_0 .net "SBDATI3", 0 0, o0x7f6ebc9ddce8;  0 drivers
o0x7f6ebc9ddd18 .functor BUFZ 1, c4<z>; HiZ drive
v0x55556dd261d0_0 .net "SBDATI4", 0 0, o0x7f6ebc9ddd18;  0 drivers
o0x7f6ebc9ddd48 .functor BUFZ 1, c4<z>; HiZ drive
v0x55556dd26290_0 .net "SBDATI5", 0 0, o0x7f6ebc9ddd48;  0 drivers
o0x7f6ebc9ddd78 .functor BUFZ 1, c4<z>; HiZ drive
v0x55556dd26350_0 .net "SBDATI6", 0 0, o0x7f6ebc9ddd78;  0 drivers
o0x7f6ebc9ddda8 .functor BUFZ 1, c4<z>; HiZ drive
v0x55556dd26410_0 .net "SBDATI7", 0 0, o0x7f6ebc9ddda8;  0 drivers
o0x7f6ebc9dddd8 .functor BUFZ 1, c4<z>; HiZ drive
v0x55556dd264d0_0 .net "SBDATO0", 0 0, o0x7f6ebc9dddd8;  0 drivers
o0x7f6ebc9dde08 .functor BUFZ 1, c4<z>; HiZ drive
v0x55556dd26590_0 .net "SBDATO1", 0 0, o0x7f6ebc9dde08;  0 drivers
o0x7f6ebc9dde38 .functor BUFZ 1, c4<z>; HiZ drive
v0x55556dd26650_0 .net "SBDATO2", 0 0, o0x7f6ebc9dde38;  0 drivers
o0x7f6ebc9dde68 .functor BUFZ 1, c4<z>; HiZ drive
v0x55556dd26710_0 .net "SBDATO3", 0 0, o0x7f6ebc9dde68;  0 drivers
o0x7f6ebc9dde98 .functor BUFZ 1, c4<z>; HiZ drive
v0x55556dd267d0_0 .net "SBDATO4", 0 0, o0x7f6ebc9dde98;  0 drivers
o0x7f6ebc9ddec8 .functor BUFZ 1, c4<z>; HiZ drive
v0x55556dd26890_0 .net "SBDATO5", 0 0, o0x7f6ebc9ddec8;  0 drivers
o0x7f6ebc9ddef8 .functor BUFZ 1, c4<z>; HiZ drive
v0x55556dd26950_0 .net "SBDATO6", 0 0, o0x7f6ebc9ddef8;  0 drivers
o0x7f6ebc9ddf28 .functor BUFZ 1, c4<z>; HiZ drive
v0x55556dd26a10_0 .net "SBDATO7", 0 0, o0x7f6ebc9ddf28;  0 drivers
o0x7f6ebc9ddf58 .functor BUFZ 1, c4<z>; HiZ drive
v0x55556dd26ad0_0 .net "SBRWI", 0 0, o0x7f6ebc9ddf58;  0 drivers
o0x7f6ebc9ddf88 .functor BUFZ 1, c4<z>; HiZ drive
v0x55556dd26b90_0 .net "SBSTBI", 0 0, o0x7f6ebc9ddf88;  0 drivers
o0x7f6ebc9ddfb8 .functor BUFZ 1, c4<z>; HiZ drive
v0x55556dd26c50_0 .net "SCKI", 0 0, o0x7f6ebc9ddfb8;  0 drivers
o0x7f6ebc9ddfe8 .functor BUFZ 1, c4<z>; HiZ drive
v0x55556dd26d10_0 .net "SCKO", 0 0, o0x7f6ebc9ddfe8;  0 drivers
o0x7f6ebc9de018 .functor BUFZ 1, c4<z>; HiZ drive
v0x55556dd26dd0_0 .net "SCKOE", 0 0, o0x7f6ebc9de018;  0 drivers
o0x7f6ebc9de048 .functor BUFZ 1, c4<z>; HiZ drive
v0x55556dd26e90_0 .net "SCSNI", 0 0, o0x7f6ebc9de048;  0 drivers
o0x7f6ebc9de078 .functor BUFZ 1, c4<z>; HiZ drive
v0x55556dd26f50_0 .net "SI", 0 0, o0x7f6ebc9de078;  0 drivers
o0x7f6ebc9de0a8 .functor BUFZ 1, c4<z>; HiZ drive
v0x55556dd27010_0 .net "SO", 0 0, o0x7f6ebc9de0a8;  0 drivers
o0x7f6ebc9de0d8 .functor BUFZ 1, c4<z>; HiZ drive
v0x55556dd270d0_0 .net "SOE", 0 0, o0x7f6ebc9de0d8;  0 drivers
o0x7f6ebc9de108 .functor BUFZ 1, c4<z>; HiZ drive
v0x55556dd27190_0 .net "SPIIRQ", 0 0, o0x7f6ebc9de108;  0 drivers
o0x7f6ebc9de138 .functor BUFZ 1, c4<z>; HiZ drive
v0x55556dd27250_0 .net "SPIWKUP", 0 0, o0x7f6ebc9de138;  0 drivers
S_0x55556db54910 .scope module, "SB_SPRAM256KA" "SB_SPRAM256KA" 3 2600;
 .timescale -12 -12;
    .port_info 0 /INPUT 14 "ADDRESS";
    .port_info 1 /INPUT 16 "DATAIN";
    .port_info 2 /INPUT 4 "MASKWREN";
    .port_info 3 /INPUT 1 "WREN";
    .port_info 4 /INPUT 1 "CHIPSELECT";
    .port_info 5 /INPUT 1 "CLOCK";
    .port_info 6 /INPUT 1 "STANDBY";
    .port_info 7 /INPUT 1 "SLEEP";
    .port_info 8 /INPUT 1 "POWEROFF";
    .port_info 9 /OUTPUT 16 "DATAOUT";
o0x7f6ebc9debb8 .functor BUFZ 1, c4<z>; HiZ drive
L_0x55556dd4d0c0 .functor OR 1, o0x7f6ebc9debb8, L_0x55556dd4cfc0, C4<0>, C4<0>;
o0x7f6ebc9dea68 .functor BUFZ 14, c4<zzzzzzzzzzzzzz>; HiZ drive
v0x55556dd27b80_0 .net "ADDRESS", 13 0, o0x7f6ebc9dea68;  0 drivers
o0x7f6ebc9dea98 .functor BUFZ 1, c4<z>; HiZ drive
v0x55556dd27c80_0 .net "CHIPSELECT", 0 0, o0x7f6ebc9dea98;  0 drivers
o0x7f6ebc9deac8 .functor BUFZ 1, c4<z>; HiZ drive
v0x55556dd27d40_0 .net "CLOCK", 0 0, o0x7f6ebc9deac8;  0 drivers
o0x7f6ebc9deaf8 .functor BUFZ 16, c4<zzzzzzzzzzzzzzzz>; HiZ drive
v0x55556dd27de0_0 .net "DATAIN", 15 0, o0x7f6ebc9deaf8;  0 drivers
v0x55556dd27ec0_0 .var "DATAOUT", 15 0;
o0x7f6ebc9deb58 .functor BUFZ 4, c4<zzzz>; HiZ drive
v0x55556dd27fa0_0 .net "MASKWREN", 3 0, o0x7f6ebc9deb58;  0 drivers
o0x7f6ebc9deb88 .functor BUFZ 1, c4<z>; HiZ drive
v0x55556dd28080_0 .net "POWEROFF", 0 0, o0x7f6ebc9deb88;  0 drivers
v0x55556dd28140_0 .net "SLEEP", 0 0, o0x7f6ebc9debb8;  0 drivers
o0x7f6ebc9debe8 .functor BUFZ 1, c4<z>; HiZ drive
v0x55556dd28200_0 .net "STANDBY", 0 0, o0x7f6ebc9debe8;  0 drivers
o0x7f6ebc9dec18 .functor BUFZ 1, c4<z>; HiZ drive
v0x55556dd282c0_0 .net "WREN", 0 0, o0x7f6ebc9dec18;  0 drivers
v0x55556dd28380_0 .net *"_ivl_1", 0 0, L_0x55556dd4cfc0;  1 drivers
v0x55556dd28440_0 .var/i "i", 31 0;
v0x55556dd28520 .array "mem", 16383 0, 15 0;
v0x55556dd285e0_0 .net "off", 0 0, L_0x55556dd4d0c0;  1 drivers
E_0x55556dd27aa0 .event posedge, v0x55556dd285e0_0, v0x55556dd27d40_0;
E_0x55556dd27b20 .event negedge, v0x55556dd28080_0;
L_0x55556dd4cfc0 .reduce/nor o0x7f6ebc9deb88;
S_0x55556db54aa0 .scope module, "SB_WARMBOOT" "SB_WARMBOOT" 3 2593;
 .timescale -12 -12;
    .port_info 0 /INPUT 1 "BOOT";
    .port_info 1 /INPUT 1 "S1";
    .port_info 2 /INPUT 1 "S0";
o0x7f6ebc9deeb8 .functor BUFZ 1, c4<z>; HiZ drive
v0x55556dd287e0_0 .net "BOOT", 0 0, o0x7f6ebc9deeb8;  0 drivers
o0x7f6ebc9deee8 .functor BUFZ 1, c4<z>; HiZ drive
v0x55556dd288c0_0 .net "S0", 0 0, o0x7f6ebc9deee8;  0 drivers
o0x7f6ebc9def18 .functor BUFZ 1, c4<z>; HiZ drive
v0x55556dd28980_0 .net "S1", 0 0, o0x7f6ebc9def18;  0 drivers
S_0x55556db472f0 .scope module, "TestBenchLab2" "TestBenchLab2" 6 3;
 .timescale -9 -9;
v0x55556dd293c0_0 .net "LEDR", 0 0, L_0x55556dd4d600;  1 drivers
v0x55556dd294a0_0 .var "SW", 3 0;
L_0x55556dd4d760 .part v0x55556dd294a0_0, 2, 1;
L_0x55556dd4d800 .part v0x55556dd294a0_0, 0, 1;
L_0x55556dd4d8f0 .part v0x55556dd294a0_0, 1, 1;
L_0x55556dd4d9e0 .part v0x55556dd294a0_0, 3, 1;
S_0x55556db44d30 .scope module, "MS" "Museum_Security" 6 8, 5 1 0, S_0x55556db472f0;
 .timescale -12 -12;
    .port_info 0 /INPUT 1 "D";
    .port_info 1 /INPUT 1 "V";
    .port_info 2 /INPUT 1 "M";
    .port_info 3 /INPUT 1 "H";
    .port_info 4 /OUTPUT 1 "A";
L_0x55556dd4d1e0 .functor OR 1, L_0x55556dd4d760, L_0x55556dd4d800, C4<0>, C4<0>;
L_0x55556dd4d2b0 .functor OR 1, L_0x55556dd4d1e0, L_0x55556dd4d8f0, C4<0>, C4<0>;
L_0x55556dd4d3a0 .functor AND 1, L_0x55556dd4d9e0, L_0x55556dd4d2b0, C4<1>, C4<1>;
L_0x55556dd4d4c0 .functor AND 1, L_0x55556dd4d760, L_0x55556dd4d800, C4<1>, C4<1>;
L_0x55556dd4d600 .functor OR 1, L_0x55556dd4d3a0, L_0x55556dd4d4c0, C4<0>, C4<0>;
v0x55556dd28ad0_0 .net "A", 0 0, L_0x55556dd4d600;  alias, 1 drivers
v0x55556dd28bb0_0 .net "D", 0 0, L_0x55556dd4d760;  1 drivers
v0x55556dd28c70_0 .net "H", 0 0, L_0x55556dd4d9e0;  1 drivers
v0x55556dd28d40_0 .net "M", 0 0, L_0x55556dd4d8f0;  1 drivers
v0x55556dd28e00_0 .net "V", 0 0, L_0x55556dd4d800;  1 drivers
v0x55556dd28f10_0 .net *"_ivl_0", 0 0, L_0x55556dd4d1e0;  1 drivers
v0x55556dd28ff0_0 .net *"_ivl_2", 0 0, L_0x55556dd4d2b0;  1 drivers
v0x55556dd290d0_0 .net *"_ivl_4", 0 0, L_0x55556dd4d3a0;  1 drivers
v0x55556dd291b0_0 .net *"_ivl_6", 0 0, L_0x55556dd4d4c0;  1 drivers
    .scope S_0x55556dce7b80;
T_2 ;
    %pushi/vec4 0, 0, 1;
    %store/vec4 v0x55556dab43a0_0, 0, 1;
    %pushi/vec4 0, 0, 1;
    %store/vec4 v0x55556dab4460_0, 0, 1;
    %end;
    .thread T_2, $init;
    .scope S_0x55556dce7b80;
T_3 ;
    %wait E_0x55556dcb26c0;
    %load/vec4 v0x55556dc517a0_0;
    %flag_set/vec4 8;
    %jmp/0xz  T_3.0, 8;
    %load/vec4 v0x55556dac8900_0;
    %flag_set/vec4 8;
    %jmp/0 T_3.2, 8;
    %pushi/vec4 0, 0, 1;
    %jmp/1 T_3.3, 8;
T_3.2 ; End of true expr.
    %load/vec4 v0x55556dab8070_0;
    %jmp/0 T_3.3, 8;
 ; End of false expr.
    %blend;
T_3.3;
    %assign/vec4 v0x55556dab43a0_0, 0;
T_3.0 ;
    %jmp T_3;
    .thread T_3;
    .scope S_0x55556dce7b80;
T_4 ;
    %wait E_0x55556dcc50a0;
    %load/vec4 v0x55556dac8900_0;
    %flag_set/vec4 8;
    %jmp/0xz  T_4.0, 8;
    %pushi/vec4 0, 0, 1;
    %assign/vec4 v0x55556dab4460_0, 0;
    %jmp T_4.1;
T_4.0 ;
    %load/vec4 v0x55556dc517a0_0;
    %flag_set/vec4 8;
    %jmp/0xz  T_4.2, 8;
    %load/vec4 v0x55556dab8070_0;
    %assign/vec4 v0x55556dab4460_0, 0;
T_4.2 ;
T_4.1 ;
    %jmp T_4;
    .thread T_4;
    .scope S_0x55556dab9e80;
T_5 ;
    %pushi/vec4 0, 0, 32;
    %store/vec4 v0x55556dcf0cd0_0, 0, 32;
T_5.0 ; Top of for-loop
    %load/vec4 v0x55556dcf0cd0_0;
    %cmpi/s 16, 0, 32;
	  %jmp/0xz T_5.1, 5;
    %pushi/vec4 0, 0, 256;
    %load/vec4 v0x55556dcf0cd0_0;
    %muli 16, 0, 32;
    %part/s 16;
    %pushi/vec4 0, 0, 32;
    %load/vec4 v0x55556dcf0cd0_0;
    %add;
    %ix/vec4/s 4;
    %store/vec4a v0x55556dcf0db0, 4, 0;
    %pushi/vec4 0, 0, 256;
    %load/vec4 v0x55556dcf0cd0_0;
    %muli 16, 0, 32;
    %part/s 16;
    %pushi/vec4 16, 0, 32;
    %load/vec4 v0x55556dcf0cd0_0;
    %add;
    %ix/vec4/s 4;
    %store/vec4a v0x55556dcf0db0, 4, 0;
    %pushi/vec4 0, 0, 256;
    %load/vec4 v0x55556dcf0cd0_0;
    %muli 16, 0, 32;
    %part/s 16;
    %pushi/vec4 32, 0, 32;
    %load/vec4 v0x55556dcf0cd0_0;
    %add;
    %ix/vec4/s 4;
    %store/vec4a v0x55556dcf0db0, 4, 0;
    %pushi/vec4 0, 0, 256;
    %load/vec4 v0x55556dcf0cd0_0;
    %muli 16, 0, 32;
    %part/s 16;
    %pushi/vec4 48, 0, 32;
    %load/vec4 v0x55556dcf0cd0_0;
    %add;
    %ix/vec4/s 4;
    %store/vec4a v0x55556dcf0db0, 4, 0;
    %pushi/vec4 0, 0, 256;
    %load/vec4 v0x55556dcf0cd0_0;
    %muli 16, 0, 32;
    %part/s 16;
    %pushi/vec4 64, 0, 32;
    %load/vec4 v0x55556dcf0cd0_0;
    %add;
    %ix/vec4/s 4;
    %store/vec4a v0x55556dcf0db0, 4, 0;
    %pushi/vec4 0, 0, 256;
    %load/vec4 v0x55556dcf0cd0_0;
    %muli 16, 0, 32;
    %part/s 16;
    %pushi/vec4 80, 0, 32;
    %load/vec4 v0x55556dcf0cd0_0;
    %add;
    %ix/vec4/s 4;
    %store/vec4a v0x55556dcf0db0, 4, 0;
    %pushi/vec4 0, 0, 256;
    %load/vec4 v0x55556dcf0cd0_0;
    %muli 16, 0, 32;
    %part/s 16;
    %pushi/vec4 96, 0, 32;
    %load/vec4 v0x55556dcf0cd0_0;
    %add;
    %ix/vec4/s 4;
    %store/vec4a v0x55556dcf0db0, 4, 0;
    %pushi/vec4 0, 0, 256;
    %load/vec4 v0x55556dcf0cd0_0;
    %muli 16, 0, 32;
    %part/s 16;
    %pushi/vec4 112, 0, 32;
    %load/vec4 v0x55556dcf0cd0_0;
    %add;
    %ix/vec4/s 4;
    %store/vec4a v0x55556dcf0db0, 4, 0;
    %pushi/vec4 0, 0, 256;
    %load/vec4 v0x55556dcf0cd0_0;
    %muli 16, 0, 32;
    %part/s 16;
    %pushi/vec4 128, 0, 32;
    %load/vec4 v0x55556dcf0cd0_0;
    %add;
    %ix/vec4/s 4;
    %store/vec4a v0x55556dcf0db0, 4, 0;
    %pushi/vec4 0, 0, 256;
    %load/vec4 v0x55556dcf0cd0_0;
    %muli 16, 0, 32;
    %part/s 16;
    %pushi/vec4 144, 0, 32;
    %load/vec4 v0x55556dcf0cd0_0;
    %add;
    %ix/vec4/s 4;
    %store/vec4a v0x55556dcf0db0, 4, 0;
    %pushi/vec4 0, 0, 256;
    %load/vec4 v0x55556dcf0cd0_0;
    %muli 16, 0, 32;
    %part/s 16;
    %pushi/vec4 160, 0, 32;
    %load/vec4 v0x55556dcf0cd0_0;
    %add;
    %ix/vec4/s 4;
    %store/vec4a v0x55556dcf0db0, 4, 0;
    %pushi/vec4 0, 0, 256;
    %load/vec4 v0x55556dcf0cd0_0;
    %muli 16, 0, 32;
    %part/s 16;
    %pushi/vec4 176, 0, 32;
    %load/vec4 v0x55556dcf0cd0_0;
    %add;
    %ix/vec4/s 4;
    %store/vec4a v0x55556dcf0db0, 4, 0;
    %pushi/vec4 0, 0, 256;
    %load/vec4 v0x55556dcf0cd0_0;
    %muli 16, 0, 32;
    %part/s 16;
    %pushi/vec4 192, 0, 32;
    %load/vec4 v0x55556dcf0cd0_0;
    %add;
    %ix/vec4/s 4;
    %store/vec4a v0x55556dcf0db0, 4, 0;
    %pushi/vec4 0, 0, 256;
    %load/vec4 v0x55556dcf0cd0_0;
    %muli 16, 0, 32;
    %part/s 16;
    %pushi/vec4 208, 0, 32;
    %load/vec4 v0x55556dcf0cd0_0;
    %add;
    %ix/vec4/s 4;
    %store/vec4a v0x55556dcf0db0, 4, 0;
    %pushi/vec4 0, 0, 256;
    %load/vec4 v0x55556dcf0cd0_0;
    %muli 16, 0, 32;
    %part/s 16;
    %pushi/vec4 224, 0, 32;
    %load/vec4 v0x55556dcf0cd0_0;
    %add;
    %ix/vec4/s 4;
    %store/vec4a v0x55556dcf0db0, 4, 0;
    %pushi/vec4 0, 0, 256;
    %load/vec4 v0x55556dcf0cd0_0;
    %muli 16, 0, 32;
    %part/s 16;
    %pushi/vec4 240, 0, 32;
    %load/vec4 v0x55556dcf0cd0_0;
    %add;
    %ix/vec4/s 4;
    %store/vec4a v0x55556dcf0db0, 4, 0;
T_5.2 ; for-loop step statement
    %load/vec4 v0x55556dcf0cd0_0;
    %addi 1, 0, 32;
    %store/vec4 v0x55556dcf0cd0_0, 0, 32;
    %jmp T_5.0;
T_5.1 ; for-loop exit label
    %end;
    .thread T_5;
    .scope S_0x55556dab9e80;
T_6 ;
    %wait E_0x55556dcb3180;
    %load/vec4 v0x55556dcf0b30_0;
    %flag_set/vec4 9;
    %flag_get/vec4 9;
    %jmp/0 T_6.2, 9;
    %load/vec4 v0x55556dcf08b0_0;
    %and;
T_6.2;
    %flag_set/vec4 8;
    %jmp/0xz  T_6.0, 8;
    %load/vec4 v0x55556dcf0bf0_0;
    %parti/s 1, 0, 2;
    %nor/r;
    %flag_set/vec4 8;
    %jmp/0xz  T_6.3, 8;
    %load/vec4 v0x55556dcf0a50_0;
    %parti/s 1, 0, 2;
    %load/vec4 v0x55556dcf0710_0;
    %parti/s 8, 0, 2;
    %pad/u 10;
    %ix/vec4 3;
    %ix/load 4, 0, 0; Constant delay
    %assign/vec4/a/d v0x55556dcf0db0, 0, 4;
T_6.3 ;
    %load/vec4 v0x55556dcf0bf0_0;
    %parti/s 1, 1, 2;
    %nor/r;
    %flag_set/vec4 8;
    %jmp/0xz  T_6.5, 8;
    %load/vec4 v0x55556dcf0a50_0;
    %parti/s 1, 1, 2;
    %load/vec4 v0x55556dcf0710_0;
    %parti/s 8, 0, 2;
    %pad/u 10;
    %ix/vec4 3;
    %ix/load 4, 1, 0; part off
    %ix/load 5, 0, 0; Constant delay
    %assign/vec4/a/d v0x55556dcf0db0, 4, 5;
T_6.5 ;
    %load/vec4 v0x55556dcf0bf0_0;
    %parti/s 1, 2, 3;
    %nor/r;
    %flag_set/vec4 8;
    %jmp/0xz  T_6.7, 8;
    %load/vec4 v0x55556dcf0a50_0;
    %parti/s 1, 2, 3;
    %load/vec4 v0x55556dcf0710_0;
    %parti/s 8, 0, 2;
    %pad/u 10;
    %ix/vec4 3;
    %ix/load 4, 2, 0; part off
    %ix/load 5, 0, 0; Constant delay
    %assign/vec4/a/d v0x55556dcf0db0, 4, 5;
T_6.7 ;
    %load/vec4 v0x55556dcf0bf0_0;
    %parti/s 1, 3, 3;
    %nor/r;
    %flag_set/vec4 8;
    %jmp/0xz  T_6.9, 8;
    %load/vec4 v0x55556dcf0a50_0;
    %parti/s 1, 3, 3;
    %load/vec4 v0x55556dcf0710_0;
    %parti/s 8, 0, 2;
    %pad/u 10;
    %ix/vec4 3;
    %ix/load 4, 3, 0; part off
    %ix/load 5, 0, 0; Constant delay
    %assign/vec4/a/d v0x55556dcf0db0, 4, 5;
T_6.9 ;
    %load/vec4 v0x55556dcf0bf0_0;
    %parti/s 1, 4, 4;
    %nor/r;
    %flag_set/vec4 8;
    %jmp/0xz  T_6.11, 8;
    %load/vec4 v0x55556dcf0a50_0;
    %parti/s 1, 4, 4;
    %load/vec4 v0x55556dcf0710_0;
    %parti/s 8, 0, 2;
    %pad/u 10;
    %ix/vec4 3;
    %ix/load 4, 4, 0; part off
    %ix/load 5, 0, 0; Constant delay
    %assign/vec4/a/d v0x55556dcf0db0, 4, 5;
T_6.11 ;
    %load/vec4 v0x55556dcf0bf0_0;
    %parti/s 1, 5, 4;
    %nor/r;
    %flag_set/vec4 8;
    %jmp/0xz  T_6.13, 8;
    %load/vec4 v0x55556dcf0a50_0;
    %parti/s 1, 5, 4;
    %load/vec4 v0x55556dcf0710_0;
    %parti/s 8, 0, 2;
    %pad/u 10;
    %ix/vec4 3;
    %ix/load 4, 5, 0; part off
    %ix/load 5, 0, 0; Constant delay
    %assign/vec4/a/d v0x55556dcf0db0, 4, 5;
T_6.13 ;
    %load/vec4 v0x55556dcf0bf0_0;
    %parti/s 1, 6, 4;
    %nor/r;
    %flag_set/vec4 8;
    %jmp/0xz  T_6.15, 8;
    %load/vec4 v0x55556dcf0a50_0;
    %parti/s 1, 6, 4;
    %load/vec4 v0x55556dcf0710_0;
    %parti/s 8, 0, 2;
    %pad/u 10;
    %ix/vec4 3;
    %ix/load 4, 6, 0; part off
    %ix/load 5, 0, 0; Constant delay
    %assign/vec4/a/d v0x55556dcf0db0, 4, 5;
T_6.15 ;
    %load/vec4 v0x55556dcf0bf0_0;
    %parti/s 1, 7, 4;
    %nor/r;
    %flag_set/vec4 8;
    %jmp/0xz  T_6.17, 8;
    %load/vec4 v0x55556dcf0a50_0;
    %parti/s 1, 7, 4;
    %load/vec4 v0x55556dcf0710_0;
    %parti/s 8, 0, 2;
    %pad/u 10;
    %ix/vec4 3;
    %ix/load 4, 7, 0; part off
    %ix/load 5, 0, 0; Constant delay
    %assign/vec4/a/d v0x55556dcf0db0, 4, 5;
T_6.17 ;
    %load/vec4 v0x55556dcf0bf0_0;
    %parti/s 1, 8, 5;
    %nor/r;
    %flag_set/vec4 8;
    %jmp/0xz  T_6.19, 8;
    %load/vec4 v0x55556dcf0a50_0;
    %parti/s 1, 8, 5;
    %load/vec4 v0x55556dcf0710_0;
    %parti/s 8, 0, 2;
    %pad/u 10;
    %ix/vec4 3;
    %ix/load 4, 8, 0; part off
    %ix/load 5, 0, 0; Constant delay
    %assign/vec4/a/d v0x55556dcf0db0, 4, 5;
T_6.19 ;
    %load/vec4 v0x55556dcf0bf0_0;
    %parti/s 1, 9, 5;
    %nor/r;
    %flag_set/vec4 8;
    %jmp/0xz  T_6.21, 8;
    %load/vec4 v0x55556dcf0a50_0;
    %parti/s 1, 9, 5;
    %load/vec4 v0x55556dcf0710_0;
    %parti/s 8, 0, 2;
    %pad/u 10;
    %ix/vec4 3;
    %ix/load 4, 9, 0; part off
    %ix/load 5, 0, 0; Constant delay
    %assign/vec4/a/d v0x55556dcf0db0, 4, 5;
T_6.21 ;
    %load/vec4 v0x55556dcf0bf0_0;
    %parti/s 1, 10, 5;
    %nor/r;
    %flag_set/vec4 8;
    %jmp/0xz  T_6.23, 8;
    %load/vec4 v0x55556dcf0a50_0;
    %parti/s 1, 10, 5;
    %load/vec4 v0x55556dcf0710_0;
    %parti/s 8, 0, 2;
    %pad/u 10;
    %ix/vec4 3;
    %ix/load 4, 10, 0; part off
    %ix/load 5, 0, 0; Constant delay
    %assign/vec4/a/d v0x55556dcf0db0, 4, 5;
T_6.23 ;
    %load/vec4 v0x55556dcf0bf0_0;
    %parti/s 1, 11, 5;
    %nor/r;
    %flag_set/vec4 8;
    %jmp/0xz  T_6.25, 8;
    %load/vec4 v0x55556dcf0a50_0;
    %parti/s 1, 11, 5;
    %load/vec4 v0x55556dcf0710_0;
    %parti/s 8, 0, 2;
    %pad/u 10;
    %ix/vec4 3;
    %ix/load 4, 11, 0; part off
    %ix/load 5, 0, 0; Constant delay
    %assign/vec4/a/d v0x55556dcf0db0, 4, 5;
T_6.25 ;
    %load/vec4 v0x55556dcf0bf0_0;
    %parti/s 1, 12, 5;
    %nor/r;
    %flag_set/vec4 8;
    %jmp/0xz  T_6.27, 8;
    %load/vec4 v0x55556dcf0a50_0;
    %parti/s 1, 12, 5;
    %load/vec4 v0x55556dcf0710_0;
    %parti/s 8, 0, 2;
    %pad/u 10;
    %ix/vec4 3;
    %ix/load 4, 12, 0; part off
    %ix/load 5, 0, 0; Constant delay
    %assign/vec4/a/d v0x55556dcf0db0, 4, 5;
T_6.27 ;
    %load/vec4 v0x55556dcf0bf0_0;
    %parti/s 1, 13, 5;
    %nor/r;
    %flag_set/vec4 8;
    %jmp/0xz  T_6.29, 8;
    %load/vec4 v0x55556dcf0a50_0;
    %parti/s 1, 13, 5;
    %load/vec4 v0x55556dcf0710_0;
    %parti/s 8, 0, 2;
    %pad/u 10;
    %ix/vec4 3;
    %ix/load 4, 13, 0; part off
    %ix/load 5, 0, 0; Constant delay
    %assign/vec4/a/d v0x55556dcf0db0, 4, 5;
T_6.29 ;
    %load/vec4 v0x55556dcf0bf0_0;
    %parti/s 1, 14, 5;
    %nor/r;
    %flag_set/vec4 8;
    %jmp/0xz  T_6.31, 8;
    %load/vec4 v0x55556dcf0a50_0;
    %parti/s 1, 14, 5;
    %load/vec4 v0x55556dcf0710_0;
    %parti/s 8, 0, 2;
    %pad/u 10;
    %ix/vec4 3;
    %ix/load 4, 14, 0; part off
    %ix/load 5, 0, 0; Constant delay
    %assign/vec4/a/d v0x55556dcf0db0, 4, 5;
T_6.31 ;
    %load/vec4 v0x55556dcf0bf0_0;
    %parti/s 1, 15, 5;
    %nor/r;
    %flag_set/vec4 8;
    %jmp/0xz  T_6.33, 8;
    %load/vec4 v0x55556dcf0a50_0;
    %parti/s 1, 15, 5;
    %load/vec4 v0x55556dcf0710_0;
    %parti/s 8, 0, 2;
    %pad/u 10;
    %ix/vec4 3;
    %ix/load 4, 15, 0; part off
    %ix/load 5, 0, 0; Constant delay
    %assign/vec4/a/d v0x55556dcf0db0, 4, 5;
T_6.33 ;
T_6.0 ;
    %jmp T_6;
    .thread T_6;
    .scope S_0x55556dab9e80;
T_7 ;
    %wait E_0x55556dcb2d30;
    %load/vec4 v0x55556dcf0570_0;
    %flag_set/vec4 9;
    %flag_get/vec4 9;
    %jmp/0 T_7.2, 9;
    %load/vec4 v0x55556dcf02e0_0;
    %and;
T_7.2;
    %flag_set/vec4 8;
    %jmp/0xz  T_7.0, 8;
    %load/vec4 v0x55556dcf01a0_0;
    %parti/s 8, 0, 2;
    %pad/u 10;
    %ix/vec4 4;
    %load/vec4a v0x55556dcf0db0, 4;
    %load/vec4 v0x55556dcf0630_0;
    %inv;
    %and;
    %assign/vec4 v0x55556dcf0490_0, 0;
T_7.0 ;
    %jmp T_7;
    .thread T_7;
    .scope S_0x55556dcd70a0;
T_8 ;
    %pushi/vec4 0, 0, 1;
    %store/vec4 v0x55556dcfaf40_0, 0, 1;
    %end;
    .thread T_8;
    .scope S_0x55556dcd70a0;
T_9 ;
    %wait E_0x55556dcb3540;
    %load/vec4 v0x55556dcfae80_0;
    %assign/vec4 v0x55556dcfaf40_0, 0;
    %jmp T_9;
    .thread T_9;
    .scope S_0x55556dcd6cb0;
T_10 ;
    %pushi/vec4 0, 0, 1;
    %store/vec4 v0x55556dcfb2f0_0, 0, 1;
    %end;
    .thread T_10;
    .scope S_0x55556dcd6cb0;
T_11 ;
    %wait E_0x55556dcc3e90;
    %load/vec4 v0x55556dcfb220_0;
    %flag_set/vec4 8;
    %jmp/0xz  T_11.0, 8;
    %load/vec4 v0x55556dcfb160_0;
    %assign/vec4 v0x55556dcfb2f0_0, 0;
T_11.0 ;
    %jmp T_11;
    .thread T_11;
    .scope S_0x55556dcc5280;
T_12 ;
    %pushi/vec4 0, 0, 1;
    %store/vec4 v0x55556dcfb6e0_0, 0, 1;
    %end;
    .thread T_12;
    .scope S_0x55556dcc5280;
T_13 ;
    %wait E_0x55556dcc48b0;
    %load/vec4 v0x55556dcfb7a0_0;
    %flag_set/vec4 8;
    %jmp/0xz  T_13.0, 8;
    %pushi/vec4 0, 0, 1;
    %assign/vec4 v0x55556dcfb6e0_0, 0;
    %jmp T_13.1;
T_13.0 ;
    %load/vec4 v0x55556dcfb640_0;
    %flag_set/vec4 8;
    %jmp/0xz  T_13.2, 8;
    %load/vec4 v0x55556dcfb580_0;
    %assign/vec4 v0x55556dcfb6e0_0, 0;
T_13.2 ;
T_13.1 ;
    %jmp T_13;
    .thread T_13;
    .scope S_0x55556dcc4e90;
T_14 ;
    %pushi/vec4 0, 0, 1;
    %store/vec4 v0x55556dcfbbd0_0, 0, 1;
    %end;
    .thread T_14;
    .scope S_0x55556dcc4e90;
T_15 ;
    %wait E_0x55556dcc4ce0;
    %load/vec4 v0x55556dcfbc90_0;
    %flag_set/vec4 8;
    %jmp/0xz  T_15.0, 8;
    %pushi/vec4 1, 0, 1;
    %assign/vec4 v0x55556dcfbbd0_0, 0;
    %jmp T_15.1;
T_15.0 ;
    %load/vec4 v0x55556dcfbb30_0;
    %flag_set/vec4 8;
    %jmp/0xz  T_15.2, 8;
    %load/vec4 v0x55556dcfba70_0;
    %assign/vec4 v0x55556dcfbbd0_0, 0;
T_15.2 ;
T_15.1 ;
    %jmp T_15;
    .thread T_15;
    .scope S_0x55556dcb3720;
T_16 ;
    %pushi/vec4 0, 0, 1;
    %store/vec4 v0x55556dcfc100_0, 0, 1;
    %end;
    .thread T_16;
    .scope S_0x55556dcb3720;
T_17 ;
    %wait E_0x55556dcfbe40;
    %load/vec4 v0x55556dcfc060_0;
    %flag_set/vec4 8;
    %jmp/0xz  T_17.0, 8;
    %load/vec4 v0x55556dcfc1c0_0;
    %flag_set/vec4 8;
    %jmp/0xz  T_17.2, 8;
    %pushi/vec4 0, 0, 1;
    %assign/vec4 v0x55556dcfc100_0, 0;
    %jmp T_17.3;
T_17.2 ;
    %load/vec4 v0x55556dcfbfa0_0;
    %assign/vec4 v0x55556dcfc100_0, 0;
T_17.3 ;
T_17.0 ;
    %jmp T_17;
    .thread T_17;
    .scope S_0x55556dcb3330;
T_18 ;
    %pushi/vec4 0, 0, 1;
    %store/vec4 v0x55556dcfc630_0, 0, 1;
    %end;
    .thread T_18;
    .scope S_0x55556dcb3330;
T_19 ;
    %wait E_0x55556dcfc370;
    %load/vec4 v0x55556dcfc590_0;
    %flag_set/vec4 8;
    %jmp/0xz  T_19.0, 8;
    %load/vec4 v0x55556dcfc6f0_0;
    %flag_set/vec4 8;
    %jmp/0xz  T_19.2, 8;
    %pushi/vec4 1, 0, 1;
    %assign/vec4 v0x55556dcfc630_0, 0;
    %jmp T_19.3;
T_19.2 ;
    %load/vec4 v0x55556dcfc4d0_0;
    %assign/vec4 v0x55556dcfc630_0, 0;
T_19.3 ;
T_19.0 ;
    %jmp T_19;
    .thread T_19;
    .scope S_0x55556dcb2b60;
T_20 ;
    %pushi/vec4 0, 0, 1;
    %store/vec4 v0x55556dcfcac0_0, 0, 1;
    %end;
    .thread T_20;
    .scope S_0x55556dcb2b60;
T_21 ;
    %wait E_0x55556dcfc8a0;
    %load/vec4 v0x55556dcfca00_0;
    %assign/vec4 v0x55556dcfcac0_0, 0;
    %jmp T_21;
    .thread T_21;
    .scope S_0x55556dcad970;
T_22 ;
    %pushi/vec4 0, 0, 1;
    %store/vec4 v0x55556dcfceb0_0, 0, 1;
    %end;
    .thread T_22;
    .scope S_0x55556dcad970;
T_23 ;
    %wait E_0x55556dcfcbe0;
    %load/vec4 v0x55556dcfcde0_0;
    %flag_set/vec4 8;
    %jmp/0xz  T_23.0, 8;
    %load/vec4 v0x55556dcfcd20_0;
    %assign/vec4 v0x55556dcfceb0_0, 0;
T_23.0 ;
    %jmp T_23;
    .thread T_23;
    .scope S_0x55556dca8320;
T_24 ;
    %pushi/vec4 0, 0, 1;
    %store/vec4 v0x55556dcfd2e0_0, 0, 1;
    %end;
    .thread T_24;
    .scope S_0x55556dca8320;
T_25 ;
    %wait E_0x55556dcfd020;
    %load/vec4 v0x55556dcfd3a0_0;
    %flag_set/vec4 8;
    %jmp/0xz  T_25.0, 8;
    %pushi/vec4 0, 0, 1;
    %assign/vec4 v0x55556dcfd2e0_0, 0;
    %jmp T_25.1;
T_25.0 ;
    %load/vec4 v0x55556dcfd240_0;
    %flag_set/vec4 8;
    %jmp/0xz  T_25.2, 8;
    %load/vec4 v0x55556dcfd180_0;
    %assign/vec4 v0x55556dcfd2e0_0, 0;
T_25.2 ;
T_25.1 ;
    %jmp T_25;
    .thread T_25;
    .scope S_0x55556dc90320;
T_26 ;
    %pushi/vec4 0, 0, 1;
    %store/vec4 v0x55556dcfd810_0, 0, 1;
    %end;
    .thread T_26;
    .scope S_0x55556dc90320;
T_27 ;
    %wait E_0x55556dcfd550;
    %load/vec4 v0x55556dcfd8d0_0;
    %flag_set/vec4 8;
    %jmp/0xz  T_27.0, 8;
    %pushi/vec4 1, 0, 1;
    %assign/vec4 v0x55556dcfd810_0, 0;
    %jmp T_27.1;
T_27.0 ;
    %load/vec4 v0x55556dcfd770_0;
    %flag_set/vec4 8;
    %jmp/0xz  T_27.2, 8;
    %load/vec4 v0x55556dcfd6b0_0;
    %assign/vec4 v0x55556dcfd810_0, 0;
T_27.2 ;
T_27.1 ;
    %jmp T_27;
    .thread T_27;
    .scope S_0x55556dc8ff30;
T_28 ;
    %pushi/vec4 0, 0, 1;
    %store/vec4 v0x55556dcfdd40_0, 0, 1;
    %end;
    .thread T_28;
    .scope S_0x55556dc8ff30;
T_29 ;
    %wait E_0x55556dcfda80;
    %load/vec4 v0x55556dcfdca0_0;
    %flag_set/vec4 8;
    %jmp/0xz  T_29.0, 8;
    %load/vec4 v0x55556dcfde00_0;
    %flag_set/vec4 8;
    %jmp/0xz  T_29.2, 8;
    %pushi/vec4 0, 0, 1;
    %assign/vec4 v0x55556dcfdd40_0, 0;
    %jmp T_29.3;
T_29.2 ;
    %load/vec4 v0x55556dcfdbe0_0;
    %assign/vec4 v0x55556dcfdd40_0, 0;
T_29.3 ;
T_29.0 ;
    %jmp T_29;
    .thread T_29;
    .scope S_0x55556dc8d030;
T_30 ;
    %pushi/vec4 0, 0, 1;
    %store/vec4 v0x55556dcfe270_0, 0, 1;
    %end;
    .thread T_30;
    .scope S_0x55556dc8d030;
T_31 ;
    %wait E_0x55556dcfdfb0;
    %load/vec4 v0x55556dcfe1d0_0;
    %flag_set/vec4 8;
    %jmp/0xz  T_31.0, 8;
    %load/vec4 v0x55556dcfe330_0;
    %flag_set/vec4 8;
    %jmp/0xz  T_31.2, 8;
    %pushi/vec4 1, 0, 1;
    %assign/vec4 v0x55556dcfe270_0, 0;
    %jmp T_31.3;
T_31.2 ;
    %load/vec4 v0x55556dcfe110_0;
    %assign/vec4 v0x55556dcfe270_0, 0;
T_31.3 ;
T_31.0 ;
    %jmp T_31;
    .thread T_31;
    .scope S_0x55556dc8cc40;
T_32 ;
    %pushi/vec4 0, 0, 1;
    %store/vec4 v0x55556dcfe700_0, 0, 1;
    %end;
    .thread T_32;
    .scope S_0x55556dc8cc40;
T_33 ;
    %wait E_0x55556dcfe4e0;
    %load/vec4 v0x55556dcfe7a0_0;
    %flag_set/vec4 8;
    %jmp/0xz  T_33.0, 8;
    %pushi/vec4 0, 0, 1;
    %assign/vec4 v0x55556dcfe700_0, 0;
    %jmp T_33.1;
T_33.0 ;
    %load/vec4 v0x55556dcfe640_0;
    %assign/vec4 v0x55556dcfe700_0, 0;
T_33.1 ;
    %jmp T_33;
    .thread T_33;
    .scope S_0x55556dc86fc0;
T_34 ;
    %pushi/vec4 0, 0, 1;
    %store/vec4 v0x55556dcfeb30_0, 0, 1;
    %end;
    .thread T_34;
    .scope S_0x55556dc86fc0;
T_35 ;
    %wait E_0x55556dcfe910;
    %load/vec4 v0x55556dcfebd0_0;
    %flag_set/vec4 8;
    %jmp/0xz  T_35.0, 8;
    %pushi/vec4 1, 0, 1;
    %assign/vec4 v0x55556dcfeb30_0, 0;
    %jmp T_35.1;
T_35.0 ;
    %load/vec4 v0x55556dcfea70_0;
    %assign/vec4 v0x55556dcfeb30_0, 0;
T_35.1 ;
    %jmp T_35;
    .thread T_35;
    .scope S_0x55556dc89c60;
T_36 ;
    %pushi/vec4 0, 0, 1;
    %store/vec4 v0x55556dcfef60_0, 0, 1;
    %end;
    .thread T_36;
    .scope S_0x55556dc89c60;
T_37 ;
    %wait E_0x55556dcfed40;
    %load/vec4 v0x55556dcff000_0;
    %flag_set/vec4 8;
    %jmp/0xz  T_37.0, 8;
    %pushi/vec4 0, 0, 1;
    %assign/vec4 v0x55556dcfef60_0, 0;
    %jmp T_37.1;
T_37.0 ;
    %load/vec4 v0x55556dcfeea0_0;
    %assign/vec4 v0x55556dcfef60_0, 0;
T_37.1 ;
    %jmp T_37;
    .thread T_37;
    .scope S_0x55556dc89870;
T_38 ;
    %pushi/vec4 0, 0, 1;
    %store/vec4 v0x55556dcff390_0, 0, 1;
    %end;
    .thread T_38;
    .scope S_0x55556dc89870;
T_39 ;
    %wait E_0x55556dcff170;
    %load/vec4 v0x55556dcff430_0;
    %flag_set/vec4 8;
    %jmp/0xz  T_39.0, 8;
    %pushi/vec4 1, 0, 1;
    %assign/vec4 v0x55556dcff390_0, 0;
    %jmp T_39.1;
T_39.0 ;
    %load/vec4 v0x55556dcff2d0_0;
    %assign/vec4 v0x55556dcff390_0, 0;
T_39.1 ;
    %jmp T_39;
    .thread T_39;
    .scope S_0x55556dc86c00;
T_40 ;
    %pushi/vec4 0, 0, 1;
    %store/vec4 v0x55556dcff7c0_0, 0, 1;
    %end;
    .thread T_40;
    .scope S_0x55556dc86c00;
T_41 ;
    %wait E_0x55556dcff5a0;
    %load/vec4 v0x55556dcff860_0;
    %flag_set/vec4 8;
    %jmp/0xz  T_41.0, 8;
    %pushi/vec4 0, 0, 1;
    %assign/vec4 v0x55556dcff7c0_0, 0;
    %jmp T_41.1;
T_41.0 ;
    %load/vec4 v0x55556dcff700_0;
    %assign/vec4 v0x55556dcff7c0_0, 0;
T_41.1 ;
    %jmp T_41;
    .thread T_41;
    .scope S_0x55556dc70270;
T_42 ;
    %pushi/vec4 0, 0, 1;
    %store/vec4 v0x55556dcffbf0_0, 0, 1;
    %end;
    .thread T_42;
    .scope S_0x55556dc70270;
T_43 ;
    %wait E_0x55556dcff9d0;
    %load/vec4 v0x55556dcffc90_0;
    %flag_set/vec4 8;
    %jmp/0xz  T_43.0, 8;
    %pushi/vec4 1, 0, 1;
    %assign/vec4 v0x55556dcffbf0_0, 0;
    %jmp T_43.1;
T_43.0 ;
    %load/vec4 v0x55556dcffb30_0;
    %assign/vec4 v0x55556dcffbf0_0, 0;
T_43.1 ;
    %jmp T_43;
    .thread T_43;
    .scope S_0x55556dc6ff30;
T_44 ;
    %pushi/vec4 0, 0, 1;
    %store/vec4 v0x55556dd00020_0, 0, 1;
    %end;
    .thread T_44;
    .scope S_0x55556dc6ff30;
T_45 ;
    %wait E_0x55556dcffe00;
    %load/vec4 v0x55556dd000c0_0;
    %flag_set/vec4 8;
    %jmp/0xz  T_45.0, 8;
    %pushi/vec4 0, 0, 1;
    %assign/vec4 v0x55556dd00020_0, 0;
    %jmp T_45.1;
T_45.0 ;
    %load/vec4 v0x55556dcfff60_0;
    %assign/vec4 v0x55556dd00020_0, 0;
T_45.1 ;
    %jmp T_45;
    .thread T_45;
    .scope S_0x55556dc6be20;
T_46 ;
    %pushi/vec4 0, 0, 1;
    %store/vec4 v0x55556dd00450_0, 0, 1;
    %end;
    .thread T_46;
    .scope S_0x55556dc6be20;
T_47 ;
    %wait E_0x55556dd00230;
    %load/vec4 v0x55556dd004f0_0;
    %flag_set/vec4 8;
    %jmp/0xz  T_47.0, 8;
    %pushi/vec4 1, 0, 1;
    %assign/vec4 v0x55556dd00450_0, 0;
    %jmp T_47.1;
T_47.0 ;
    %load/vec4 v0x55556dd00390_0;
    %assign/vec4 v0x55556dd00450_0, 0;
T_47.1 ;
    %jmp T_47;
    .thread T_47;
    .scope S_0x55556dd01100;
T_48 ;
    %wait E_0x55556dd01420;
    %load/vec4 v0x55556dd01e90_0;
    %assign/vec4 v0x55556dd01f50_0, 0;
    %jmp T_48;
    .thread T_48;
    .scope S_0x55556dd01100;
T_49 ;
    %wait E_0x55556dd01420;
    %load/vec4 v0x55556dd01e90_0;
    %flag_set/vec4 8;
    %jmp/0xz  T_49.0, 8;
    %load/vec4 v0x55556dd01c30_0;
    %assign/vec4 v0x55556dd02360_0, 0;
T_49.0 ;
    %jmp T_49;
    .thread T_49;
    .scope S_0x55556dd01100;
T_50 ;
    %wait E_0x55556dd013c0;
    %load/vec4 v0x55556dd01f50_0;
    %flag_set/vec4 8;
    %jmp/0xz  T_50.0, 8;
    %load/vec4 v0x55556dd01c30_0;
    %assign/vec4 v0x55556dd02420_0, 0;
T_50.0 ;
    %jmp T_50;
    .thread T_50;
    .scope S_0x55556dd01100;
T_51 ;
    %wait E_0x55556dd012e0;
    %load/vec4 v0x55556dd01e90_0;
    %assign/vec4 v0x55556dd02010_0, 0;
    %jmp T_51;
    .thread T_51;
    .scope S_0x55556dd01100;
T_52 ;
    %wait E_0x55556dd012e0;
    %load/vec4 v0x55556dd01e90_0;
    %flag_set/vec4 8;
    %jmp/0xz  T_52.0, 8;
    %load/vec4 v0x55556dd016d0_0;
    %assign/vec4 v0x55556dd025a0_0, 0;
T_52.0 ;
    %jmp T_52;
    .thread T_52;
    .scope S_0x55556dd01100;
T_53 ;
    %wait E_0x55556dd01360;
    %load/vec4 v0x55556dd02010_0;
    %flag_set/vec4 8;
    %jmp/0xz  T_53.0, 8;
    %load/vec4 v0x55556dd01790_0;
    %assign/vec4 v0x55556dd02660_0, 0;
T_53.0 ;
    %jmp T_53;
    .thread T_53;
    .scope S_0x55556dd01100;
T_54 ;
    %wait E_0x55556dd012e0;
    %load/vec4 v0x55556dd01e90_0;
    %flag_set/vec4 8;
    %jmp/0xz  T_54.0, 8;
    %load/vec4 v0x55556dd01ae0_0;
    %assign/vec4 v0x55556dd028a0_0, 0;
T_54.0 ;
    %jmp T_54;
    .thread T_54;
    .scope S_0x55556dd00a40;
T_55 ;
    %wait E_0x55556dd01070;
    %load/vec4 v0x55556dd02360_0;
    %store/vec4 v0x55556dd020d0_0, 0, 1;
    %load/vec4 v0x55556dd02420_0;
    %store/vec4 v0x55556dd02190_0, 0, 1;
    %jmp T_55;
    .thread T_55, $push;
    .scope S_0x55556dd00a40;
T_56 ;
    %wait E_0x55556dd01010;
    %load/vec4 v0x55556dd01a20_0;
    %assign/vec4 v0x55556dd02720_0, 0;
    %jmp T_56;
    .thread T_56, $push;
    .scope S_0x55556dd00a40;
T_57 ;
    %wait E_0x55556dd00fb0;
    %load/vec4 v0x55556dd02720_0;
    %assign/vec4 v0x55556dd027e0_0, 0;
    %jmp T_57;
    .thread T_57, $push;
    .scope S_0x55556dd00a40;
T_58 ;
    %wait E_0x55556dd00f50;
    %load/vec4 v0x55556dd027e0_0;
    %pushi/vec4 0, 0, 1;
    %xor;
    %flag_set/vec4 8;
    %jmp/1 T_58.2, 8;
    %pushi/vec4 0, 0, 1;
    %flag_set/vec4 9;
    %flag_or 8, 9;
T_58.2;
    %jmp/0 T_58.0, 8;
    %load/vec4 v0x55556dd025a0_0;
    %jmp/1 T_58.1, 8;
T_58.0 ; End of true expr.
    %load/vec4 v0x55556dd02660_0;
    %jmp/0 T_58.1, 8;
 ; End of false expr.
    %blend;
T_58.1;
    %store/vec4 v0x55556dd024e0_0, 0, 1;
    %jmp T_58;
    .thread T_58, $push;
    .scope S_0x55556dd06350;
T_59 ;
    %wait E_0x55556dd06620;
    %load/vec4 v0x55556dd066b0_0;
    %flag_set/vec4 8;
    %jmp/0xz  T_59.0, 8;
    %load/vec4 v0x55556dd06da0_0;
    %assign/vec4 v0x55556dd07160_0, 0;
T_59.0 ;
    %jmp T_59;
    .thread T_59;
    .scope S_0x55556dd06350;
T_60 ;
    %wait E_0x55556dd065c0;
    %load/vec4 v0x55556dd066b0_0;
    %flag_set/vec4 8;
    %jmp/0xz  T_60.0, 8;
    %load/vec4 v0x55556dd06da0_0;
    %assign/vec4 v0x55556dd07220_0, 0;
T_60.0 ;
    %jmp T_60;
    .thread T_60;
    .scope S_0x55556dd06350;
T_61 ;
    %wait E_0x55556dd064e0;
    %load/vec4 v0x55556dd066b0_0;
    %flag_set/vec4 8;
    %jmp/0xz  T_61.0, 8;
    %load/vec4 v0x55556dd068d0_0;
    %assign/vec4 v0x55556dd073a0_0, 0;
T_61.0 ;
    %jmp T_61;
    .thread T_61;
    .scope S_0x55556dd06350;
T_62 ;
    %wait E_0x55556dd06560;
    %load/vec4 v0x55556dd066b0_0;
    %flag_set/vec4 8;
    %jmp/0xz  T_62.0, 8;
    %load/vec4 v0x55556dd06990_0;
    %assign/vec4 v0x55556dd07460_0, 0;
T_62.0 ;
    %jmp T_62;
    .thread T_62;
    .scope S_0x55556dd06350;
T_63 ;
    %wait E_0x55556dd064e0;
    %load/vec4 v0x55556dd066b0_0;
    %flag_set/vec4 8;
    %jmp/0xz  T_63.0, 8;
    %load/vec4 v0x55556dd06ce0_0;
    %assign/vec4 v0x55556dd076a0_0, 0;
T_63.0 ;
    %jmp T_63;
    .thread T_63;
    .scope S_0x55556dce8300;
T_64 ;
    %wait E_0x55556dd062c0;
    %load/vec4 v0x55556dd07160_0;
    %store/vec4 v0x55556dd06fe0_0, 0, 1;
    %load/vec4 v0x55556dd07220_0;
    %store/vec4 v0x55556dd070a0_0, 0, 1;
    %jmp T_64;
    .thread T_64, $push;
    .scope S_0x55556dce8300;
T_65 ;
    %wait E_0x55556dd06260;
    %load/vec4 v0x55556dd06c20_0;
    %assign/vec4 v0x55556dd07520_0, 0;
    %jmp T_65;
    .thread T_65, $push;
    .scope S_0x55556dce8300;
T_66 ;
    %wait E_0x55556dd06200;
    %load/vec4 v0x55556dd07520_0;
    %assign/vec4 v0x55556dd075e0_0, 0;
    %jmp T_66;
    .thread T_66, $push;
    .scope S_0x55556dce8300;
T_67 ;
    %wait E_0x55556dd06180;
    %load/vec4 v0x55556dd075e0_0;
    %pushi/vec4 0, 0, 1;
    %xor;
    %flag_set/vec4 8;
    %jmp/1 T_67.2, 8;
    %pushi/vec4 0, 0, 1;
    %flag_set/vec4 9;
    %flag_or 8, 9;
T_67.2;
    %jmp/0 T_67.0, 8;
    %load/vec4 v0x55556dd073a0_0;
    %jmp/1 T_67.1, 8;
T_67.0 ; End of true expr.
    %load/vec4 v0x55556dd07460_0;
    %jmp/0 T_67.1, 8;
 ; End of false expr.
    %blend;
T_67.1;
    %store/vec4 v0x55556dd072e0_0, 0, 1;
    %jmp T_67;
    .thread T_67, $push;
    .scope S_0x55556dd07ab0;
T_68 ;
    %wait E_0x55556dd07d80;
    %load/vec4 v0x55556dd07e10_0;
    %flag_set/vec4 8;
    %jmp/0xz  T_68.0, 8;
    %load/vec4 v0x55556dd08500_0;
    %assign/vec4 v0x55556dd08740_0, 0;
T_68.0 ;
    %jmp T_68;
    .thread T_68;
    .scope S_0x55556dd07ab0;
T_69 ;
    %wait E_0x55556dd07d20;
    %load/vec4 v0x55556dd07e10_0;
    %flag_set/vec4 8;
    %jmp/0xz  T_69.0, 8;
    %load/vec4 v0x55556dd08500_0;
    %assign/vec4 v0x55556dd08800_0, 0;
T_69.0 ;
    %jmp T_69;
    .thread T_69;
    .scope S_0x55556dd07ab0;
T_70 ;
    %wait E_0x55556dd07c40;
    %load/vec4 v0x55556dd07e10_0;
    %flag_set/vec4 8;
    %jmp/0xz  T_70.0, 8;
    %load/vec4 v0x55556dd08030_0;
    %assign/vec4 v0x55556dd08980_0, 0;
T_70.0 ;
    %jmp T_70;
    .thread T_70;
    .scope S_0x55556dd07ab0;
T_71 ;
    %wait E_0x55556dd07cc0;
    %load/vec4 v0x55556dd07e10_0;
    %flag_set/vec4 8;
    %jmp/0xz  T_71.0, 8;
    %load/vec4 v0x55556dd080f0_0;
    %assign/vec4 v0x55556dd08a40_0, 0;
T_71.0 ;
    %jmp T_71;
    .thread T_71;
    .scope S_0x55556dd07ab0;
T_72 ;
    %wait E_0x55556dd07c40;
    %load/vec4 v0x55556dd07e10_0;
    %flag_set/vec4 8;
    %jmp/0xz  T_72.0, 8;
    %load/vec4 v0x55556dd08440_0;
    %assign/vec4 v0x55556dd08d90_0, 0;
T_72.0 ;
    %jmp T_72;
    .thread T_72;
    .scope S_0x55556dc98060;
T_73 ;
    %wait E_0x55556dd07a20;
    %load/vec4 v0x55556dd08740_0;
    %store/vec4 v0x55556dd085c0_0, 0, 1;
    %load/vec4 v0x55556dd08800_0;
    %store/vec4 v0x55556dd08680_0, 0, 1;
    %jmp T_73;
    .thread T_73, $push;
    .scope S_0x55556dc98060;
T_74 ;
    %wait E_0x55556dd079c0;
    %load/vec4 v0x55556dd08380_0;
    %assign/vec4 v0x55556dd08c10_0, 0;
    %jmp T_74;
    .thread T_74, $push;
    .scope S_0x55556dc98060;
T_75 ;
    %wait E_0x55556dd07960;
    %load/vec4 v0x55556dd08c10_0;
    %assign/vec4 v0x55556dd08cd0_0, 0;
    %jmp T_75;
    .thread T_75, $push;
    .scope S_0x55556dc98060;
T_76 ;
    %wait E_0x55556dd078e0;
    %load/vec4 v0x55556dd08cd0_0;
    %pushi/vec4 0, 0, 1;
    %xor;
    %flag_set/vec4 8;
    %jmp/1 T_76.2, 8;
    %pushi/vec4 0, 0, 1;
    %flag_set/vec4 9;
    %flag_or 8, 9;
T_76.2;
    %jmp/0 T_76.0, 8;
    %load/vec4 v0x55556dd08980_0;
    %jmp/1 T_76.1, 8;
T_76.0 ; End of true expr.
    %load/vec4 v0x55556dd08a40_0;
    %jmp/0 T_76.1, 8;
 ; End of false expr.
    %blend;
T_76.1;
    %store/vec4 v0x55556dd088c0_0, 0, 1;
    %jmp T_76;
    .thread T_76, $push;
    .scope S_0x55556dca7d90;
T_77 ;
    %wait E_0x55556dd0b7a0;
    %load/vec4 v0x55556dd0cb30_0;
    %flag_set/vec4 8;
    %jmp/0xz  T_77.0, 8;
    %pushi/vec4 0, 0, 16;
    %assign/vec4 v0x55556dd127a0_0, 0;
    %pushi/vec4 0, 0, 16;
    %assign/vec4 v0x55556dd125e0_0, 0;
    %jmp T_77.1;
T_77.0 ;
    %load/vec4 v0x55556dd0c340_0;
    %flag_set/vec4 8;
    %jmp/0xz  T_77.2, 8;
    %load/vec4 v0x55556dd0c400_0;
    %nor/r;
    %flag_set/vec4 8;
    %jmp/0xz  T_77.4, 8;
    %load/vec4 v0x55556dd0c260_0;
    %assign/vec4 v0x55556dd127a0_0, 0;
T_77.4 ;
    %load/vec4 v0x55556dd0bbf0_0;
    %nor/r;
    %flag_set/vec4 8;
    %jmp/0xz  T_77.6, 8;
    %load/vec4 v0x55556dd0b830_0;
    %assign/vec4 v0x55556dd125e0_0, 0;
T_77.6 ;
T_77.2 ;
T_77.1 ;
    %jmp T_77;
    .thread T_77;
    .scope S_0x55556dca7d90;
T_78 ;
    %wait E_0x55556dd0b740;
    %load/vec4 v0x55556dd0ca70_0;
    %flag_set/vec4 8;
    %jmp/0xz  T_78.0, 8;
    %pushi/vec4 0, 0, 16;
    %assign/vec4 v0x55556dd126c0_0, 0;
    %pushi/vec4 0, 0, 16;
    %assign/vec4 v0x55556dd12880_0, 0;
    %jmp T_78.1;
T_78.0 ;
    %load/vec4 v0x55556dd0c340_0;
    %flag_set/vec4 8;
    %jmp/0xz  T_78.2, 8;
    %load/vec4 v0x55556dd0bfe0_0;
    %nor/r;
    %flag_set/vec4 8;
    %jmp/0xz  T_78.4, 8;
    %load/vec4 v0x55556dd0be70_0;
    %assign/vec4 v0x55556dd126c0_0, 0;
T_78.4 ;
    %load/vec4 v0x55556dd0c8f0_0;
    %nor/r;
    %flag_set/vec4 8;
    %jmp/0xz  T_78.6, 8;
    %load/vec4 v0x55556dd0c810_0;
    %assign/vec4 v0x55556dd12880_0, 0;
T_78.6 ;
T_78.2 ;
T_78.1 ;
    %jmp T_78;
    .thread T_78;
    .scope S_0x55556dca7d90;
T_79 ;
    %wait E_0x55556dd0b7a0;
    %load/vec4 v0x55556dd0cb30_0;
    %flag_set/vec4 8;
    %jmp/0xz  T_79.0, 8;
    %pushi/vec4 0, 0, 16;
    %assign/vec4 v0x55556dd13170_0, 0;
    %pushi/vec4 0, 0, 16;
    %assign/vec4 v0x55556dd13410_0, 0;
    %jmp T_79.1;
T_79.0 ;
    %load/vec4 v0x55556dd0c340_0;
    %flag_set/vec4 8;
    %jmp/0xz  T_79.2, 8;
    %load/vec4 v0x55556dd12260_0;
    %assign/vec4 v0x55556dd13170_0, 0;
    %load/vec4 v0x55556dd12420_0;
    %assign/vec4 v0x55556dd13410_0, 0;
T_79.2 ;
T_79.1 ;
    %jmp T_79;
    .thread T_79;
    .scope S_0x55556dca7d90;
T_80 ;
    %wait E_0x55556dd0b740;
    %load/vec4 v0x55556dd0ca70_0;
    %flag_set/vec4 8;
    %jmp/0xz  T_80.0, 8;
    %pushi/vec4 0, 0, 16;
    %assign/vec4 v0x55556dd134f0_0, 0;
    %pushi/vec4 0, 0, 16;
    %assign/vec4 v0x55556dd13250_0, 0;
    %jmp T_80.1;
T_80.0 ;
    %load/vec4 v0x55556dd0c340_0;
    %flag_set/vec4 8;
    %jmp/0xz  T_80.2, 8;
    %load/vec4 v0x55556dd12340_0;
    %assign/vec4 v0x55556dd134f0_0, 0;
    %load/vec4 v0x55556dd12500_0;
    %assign/vec4 v0x55556dd13250_0, 0;
T_80.2 ;
T_80.1 ;
    %jmp T_80;
    .thread T_80;
    .scope S_0x55556dca7d90;
T_81 ;
    %wait E_0x55556dd0b740;
    %load/vec4 v0x55556dd0ca70_0;
    %flag_set/vec4 8;
    %jmp/0xz  T_81.0, 8;
    %pushi/vec4 0, 0, 32;
    %assign/vec4 v0x55556dd13330_0, 0;
    %jmp T_81.1;
T_81.0 ;
    %load/vec4 v0x55556dd0c340_0;
    %flag_set/vec4 8;
    %jmp/0xz  T_81.2, 8;
    %load/vec4 v0x55556dd11a80_0;
    %assign/vec4 v0x55556dd13330_0, 0;
T_81.2 ;
T_81.1 ;
    %jmp T_81;
    .thread T_81;
    .scope S_0x55556dca7d90;
T_82 ;
    %wait E_0x55556dd0b6e0;
    %load/vec4 v0x55556dd0d210_0;
    %flag_set/vec4 8;
    %jmp/0xz  T_82.0, 8;
    %pushi/vec4 0, 0, 16;
    %assign/vec4 v0x55556dd135d0_0, 0;
    %jmp T_82.1;
T_82.0 ;
    %load/vec4 v0x55556dd0c340_0;
    %flag_set/vec4 8;
    %jmp/0xz  T_82.2, 8;
    %load/vec4 v0x55556dd0cf10_0;
    %nor/r;
    %flag_set/vec4 8;
    %jmp/0xz  T_82.4, 8;
    %load/vec4 v0x55556dd11b60_0;
    %assign/vec4 v0x55556dd135d0_0, 0;
T_82.4 ;
T_82.2 ;
T_82.1 ;
    %jmp T_82;
    .thread T_82;
    .scope S_0x55556dca7d90;
T_83 ;
    %wait E_0x55556dd0b660;
    %load/vec4 v0x55556dd0d150_0;
    %flag_set/vec4 8;
    %jmp/0xz  T_83.0, 8;
    %pushi/vec4 0, 0, 16;
    %assign/vec4 v0x55556dd136b0_0, 0;
    %jmp T_83.1;
T_83.0 ;
    %load/vec4 v0x55556dd0c340_0;
    %flag_set/vec4 8;
    %jmp/0xz  T_83.2, 8;
    %load/vec4 v0x55556dd0ce50_0;
    %nor/r;
    %flag_set/vec4 8;
    %jmp/0xz  T_83.4, 8;
    %load/vec4 v0x55556dd11d20_0;
    %assign/vec4 v0x55556dd136b0_0, 0;
T_83.4 ;
T_83.2 ;
T_83.1 ;
    %jmp T_83;
    .thread T_83;
    .scope S_0x55556dd178f0;
T_84 ;
    %pushi/vec4 0, 0, 32;
    %store/vec4 v0x55556dd1aba0_0, 0, 32;
T_84.0 ; Top of for-loop
    %load/vec4 v0x55556dd1aba0_0;
    %cmpi/s 16, 0, 32;
	  %jmp/0xz T_84.1, 5;
    %pushi/vec4 0, 0, 256;
    %load/vec4 v0x55556dd1aba0_0;
    %muli 16, 0, 32;
    %part/s 16;
    %pushi/vec4 0, 0, 32;
    %load/vec4 v0x55556dd1aba0_0;
    %add;
    %ix/vec4/s 4;
    %store/vec4a v0x55556dd1ac80, 4, 0;
    %pushi/vec4 0, 0, 256;
    %load/vec4 v0x55556dd1aba0_0;
    %muli 16, 0, 32;
    %part/s 16;
    %pushi/vec4 16, 0, 32;
    %load/vec4 v0x55556dd1aba0_0;
    %add;
    %ix/vec4/s 4;
    %store/vec4a v0x55556dd1ac80, 4, 0;
    %pushi/vec4 0, 0, 256;
    %load/vec4 v0x55556dd1aba0_0;
    %muli 16, 0, 32;
    %part/s 16;
    %pushi/vec4 32, 0, 32;
    %load/vec4 v0x55556dd1aba0_0;
    %add;
    %ix/vec4/s 4;
    %store/vec4a v0x55556dd1ac80, 4, 0;
    %pushi/vec4 0, 0, 256;
    %load/vec4 v0x55556dd1aba0_0;
    %muli 16, 0, 32;
    %part/s 16;
    %pushi/vec4 48, 0, 32;
    %load/vec4 v0x55556dd1aba0_0;
    %add;
    %ix/vec4/s 4;
    %store/vec4a v0x55556dd1ac80, 4, 0;
    %pushi/vec4 0, 0, 256;
    %load/vec4 v0x55556dd1aba0_0;
    %muli 16, 0, 32;
    %part/s 16;
    %pushi/vec4 64, 0, 32;
    %load/vec4 v0x55556dd1aba0_0;
    %add;
    %ix/vec4/s 4;
    %store/vec4a v0x55556dd1ac80, 4, 0;
    %pushi/vec4 0, 0, 256;
    %load/vec4 v0x55556dd1aba0_0;
    %muli 16, 0, 32;
    %part/s 16;
    %pushi/vec4 80, 0, 32;
    %load/vec4 v0x55556dd1aba0_0;
    %add;
    %ix/vec4/s 4;
    %store/vec4a v0x55556dd1ac80, 4, 0;
    %pushi/vec4 0, 0, 256;
    %load/vec4 v0x55556dd1aba0_0;
    %muli 16, 0, 32;
    %part/s 16;
    %pushi/vec4 96, 0, 32;
    %load/vec4 v0x55556dd1aba0_0;
    %add;
    %ix/vec4/s 4;
    %store/vec4a v0x55556dd1ac80, 4, 0;
    %pushi/vec4 0, 0, 256;
    %load/vec4 v0x55556dd1aba0_0;
    %muli 16, 0, 32;
    %part/s 16;
    %pushi/vec4 112, 0, 32;
    %load/vec4 v0x55556dd1aba0_0;
    %add;
    %ix/vec4/s 4;
    %store/vec4a v0x55556dd1ac80, 4, 0;
    %pushi/vec4 0, 0, 256;
    %load/vec4 v0x55556dd1aba0_0;
    %muli 16, 0, 32;
    %part/s 16;
    %pushi/vec4 128, 0, 32;
    %load/vec4 v0x55556dd1aba0_0;
    %add;
    %ix/vec4/s 4;
    %store/vec4a v0x55556dd1ac80, 4, 0;
    %pushi/vec4 0, 0, 256;
    %load/vec4 v0x55556dd1aba0_0;
    %muli 16, 0, 32;
    %part/s 16;
    %pushi/vec4 144, 0, 32;
    %load/vec4 v0x55556dd1aba0_0;
    %add;
    %ix/vec4/s 4;
    %store/vec4a v0x55556dd1ac80, 4, 0;
    %pushi/vec4 0, 0, 256;
    %load/vec4 v0x55556dd1aba0_0;
    %muli 16, 0, 32;
    %part/s 16;
    %pushi/vec4 160, 0, 32;
    %load/vec4 v0x55556dd1aba0_0;
    %add;
    %ix/vec4/s 4;
    %store/vec4a v0x55556dd1ac80, 4, 0;
    %pushi/vec4 0, 0, 256;
    %load/vec4 v0x55556dd1aba0_0;
    %muli 16, 0, 32;
    %part/s 16;
    %pushi/vec4 176, 0, 32;
    %load/vec4 v0x55556dd1aba0_0;
    %add;
    %ix/vec4/s 4;
    %store/vec4a v0x55556dd1ac80, 4, 0;
    %pushi/vec4 0, 0, 256;
    %load/vec4 v0x55556dd1aba0_0;
    %muli 16, 0, 32;
    %part/s 16;
    %pushi/vec4 192, 0, 32;
    %load/vec4 v0x55556dd1aba0_0;
    %add;
    %ix/vec4/s 4;
    %store/vec4a v0x55556dd1ac80, 4, 0;
    %pushi/vec4 0, 0, 256;
    %load/vec4 v0x55556dd1aba0_0;
    %muli 16, 0, 32;
    %part/s 16;
    %pushi/vec4 208, 0, 32;
    %load/vec4 v0x55556dd1aba0_0;
    %add;
    %ix/vec4/s 4;
    %store/vec4a v0x55556dd1ac80, 4, 0;
    %pushi/vec4 0, 0, 256;
    %load/vec4 v0x55556dd1aba0_0;
    %muli 16, 0, 32;
    %part/s 16;
    %pushi/vec4 224, 0, 32;
    %load/vec4 v0x55556dd1aba0_0;
    %add;
    %ix/vec4/s 4;
    %store/vec4a v0x55556dd1ac80, 4, 0;
    %pushi/vec4 0, 0, 256;
    %load/vec4 v0x55556dd1aba0_0;
    %muli 16, 0, 32;
    %part/s 16;
    %pushi/vec4 240, 0, 32;
    %load/vec4 v0x55556dd1aba0_0;
    %add;
    %ix/vec4/s 4;
    %store/vec4a v0x55556dd1ac80, 4, 0;
T_84.2 ; for-loop step statement
    %load/vec4 v0x55556dd1aba0_0;
    %addi 1, 0, 32;
    %store/vec4 v0x55556dd1aba0_0, 0, 32;
    %jmp T_84.0;
T_84.1 ; for-loop exit label
    %end;
    .thread T_84;
    .scope S_0x55556dd178f0;
T_85 ;
    %wait E_0x55556dd196b0;
    %load/vec4 v0x55556dd1aa00_0;
    %flag_set/vec4 9;
    %flag_get/vec4 9;
    %jmp/0 T_85.2, 9;
    %load/vec4 v0x55556dd1a780_0;
    %and;
T_85.2;
    %flag_set/vec4 8;
    %jmp/0xz  T_85.0, 8;
    %load/vec4 v0x55556dd1aac0_0;
    %parti/s 1, 0, 2;
    %nor/r;
    %flag_set/vec4 8;
    %jmp/0xz  T_85.3, 8;
    %load/vec4 v0x55556dd1a920_0;
    %parti/s 1, 0, 2;
    %load/vec4 v0x55556dd1a5e0_0;
    %parti/s 8, 0, 2;
    %pad/u 10;
    %ix/vec4 3;
    %ix/load 4, 0, 0; Constant delay
    %assign/vec4/a/d v0x55556dd1ac80, 0, 4;
T_85.3 ;
    %load/vec4 v0x55556dd1aac0_0;
    %parti/s 1, 1, 2;
    %nor/r;
    %flag_set/vec4 8;
    %jmp/0xz  T_85.5, 8;
    %load/vec4 v0x55556dd1a920_0;
    %parti/s 1, 1, 2;
    %load/vec4 v0x55556dd1a5e0_0;
    %parti/s 8, 0, 2;
    %pad/u 10;
    %ix/vec4 3;
    %ix/load 4, 1, 0; part off
    %ix/load 5, 0, 0; Constant delay
    %assign/vec4/a/d v0x55556dd1ac80, 4, 5;
T_85.5 ;
    %load/vec4 v0x55556dd1aac0_0;
    %parti/s 1, 2, 3;
    %nor/r;
    %flag_set/vec4 8;
    %jmp/0xz  T_85.7, 8;
    %load/vec4 v0x55556dd1a920_0;
    %parti/s 1, 2, 3;
    %load/vec4 v0x55556dd1a5e0_0;
    %parti/s 8, 0, 2;
    %pad/u 10;
    %ix/vec4 3;
    %ix/load 4, 2, 0; part off
    %ix/load 5, 0, 0; Constant delay
    %assign/vec4/a/d v0x55556dd1ac80, 4, 5;
T_85.7 ;
    %load/vec4 v0x55556dd1aac0_0;
    %parti/s 1, 3, 3;
    %nor/r;
    %flag_set/vec4 8;
    %jmp/0xz  T_85.9, 8;
    %load/vec4 v0x55556dd1a920_0;
    %parti/s 1, 3, 3;
    %load/vec4 v0x55556dd1a5e0_0;
    %parti/s 8, 0, 2;
    %pad/u 10;
    %ix/vec4 3;
    %ix/load 4, 3, 0; part off
    %ix/load 5, 0, 0; Constant delay
    %assign/vec4/a/d v0x55556dd1ac80, 4, 5;
T_85.9 ;
    %load/vec4 v0x55556dd1aac0_0;
    %parti/s 1, 4, 4;
    %nor/r;
    %flag_set/vec4 8;
    %jmp/0xz  T_85.11, 8;
    %load/vec4 v0x55556dd1a920_0;
    %parti/s 1, 4, 4;
    %load/vec4 v0x55556dd1a5e0_0;
    %parti/s 8, 0, 2;
    %pad/u 10;
    %ix/vec4 3;
    %ix/load 4, 4, 0; part off
    %ix/load 5, 0, 0; Constant delay
    %assign/vec4/a/d v0x55556dd1ac80, 4, 5;
T_85.11 ;
    %load/vec4 v0x55556dd1aac0_0;
    %parti/s 1, 5, 4;
    %nor/r;
    %flag_set/vec4 8;
    %jmp/0xz  T_85.13, 8;
    %load/vec4 v0x55556dd1a920_0;
    %parti/s 1, 5, 4;
    %load/vec4 v0x55556dd1a5e0_0;
    %parti/s 8, 0, 2;
    %pad/u 10;
    %ix/vec4 3;
    %ix/load 4, 5, 0; part off
    %ix/load 5, 0, 0; Constant delay
    %assign/vec4/a/d v0x55556dd1ac80, 4, 5;
T_85.13 ;
    %load/vec4 v0x55556dd1aac0_0;
    %parti/s 1, 6, 4;
    %nor/r;
    %flag_set/vec4 8;
    %jmp/0xz  T_85.15, 8;
    %load/vec4 v0x55556dd1a920_0;
    %parti/s 1, 6, 4;
    %load/vec4 v0x55556dd1a5e0_0;
    %parti/s 8, 0, 2;
    %pad/u 10;
    %ix/vec4 3;
    %ix/load 4, 6, 0; part off
    %ix/load 5, 0, 0; Constant delay
    %assign/vec4/a/d v0x55556dd1ac80, 4, 5;
T_85.15 ;
    %load/vec4 v0x55556dd1aac0_0;
    %parti/s 1, 7, 4;
    %nor/r;
    %flag_set/vec4 8;
    %jmp/0xz  T_85.17, 8;
    %load/vec4 v0x55556dd1a920_0;
    %parti/s 1, 7, 4;
    %load/vec4 v0x55556dd1a5e0_0;
    %parti/s 8, 0, 2;
    %pad/u 10;
    %ix/vec4 3;
    %ix/load 4, 7, 0; part off
    %ix/load 5, 0, 0; Constant delay
    %assign/vec4/a/d v0x55556dd1ac80, 4, 5;
T_85.17 ;
    %load/vec4 v0x55556dd1aac0_0;
    %parti/s 1, 8, 5;
    %nor/r;
    %flag_set/vec4 8;
    %jmp/0xz  T_85.19, 8;
    %load/vec4 v0x55556dd1a920_0;
    %parti/s 1, 8, 5;
    %load/vec4 v0x55556dd1a5e0_0;
    %parti/s 8, 0, 2;
    %pad/u 10;
    %ix/vec4 3;
    %ix/load 4, 8, 0; part off
    %ix/load 5, 0, 0; Constant delay
    %assign/vec4/a/d v0x55556dd1ac80, 4, 5;
T_85.19 ;
    %load/vec4 v0x55556dd1aac0_0;
    %parti/s 1, 9, 5;
    %nor/r;
    %flag_set/vec4 8;
    %jmp/0xz  T_85.21, 8;
    %load/vec4 v0x55556dd1a920_0;
    %parti/s 1, 9, 5;
    %load/vec4 v0x55556dd1a5e0_0;
    %parti/s 8, 0, 2;
    %pad/u 10;
    %ix/vec4 3;
    %ix/load 4, 9, 0; part off
    %ix/load 5, 0, 0; Constant delay
    %assign/vec4/a/d v0x55556dd1ac80, 4, 5;
T_85.21 ;
    %load/vec4 v0x55556dd1aac0_0;
    %parti/s 1, 10, 5;
    %nor/r;
    %flag_set/vec4 8;
    %jmp/0xz  T_85.23, 8;
    %load/vec4 v0x55556dd1a920_0;
    %parti/s 1, 10, 5;
    %load/vec4 v0x55556dd1a5e0_0;
    %parti/s 8, 0, 2;
    %pad/u 10;
    %ix/vec4 3;
    %ix/load 4, 10, 0; part off
    %ix/load 5, 0, 0; Constant delay
    %assign/vec4/a/d v0x55556dd1ac80, 4, 5;
T_85.23 ;
    %load/vec4 v0x55556dd1aac0_0;
    %parti/s 1, 11, 5;
    %nor/r;
    %flag_set/vec4 8;
    %jmp/0xz  T_85.25, 8;
    %load/vec4 v0x55556dd1a920_0;
    %parti/s 1, 11, 5;
    %load/vec4 v0x55556dd1a5e0_0;
    %parti/s 8, 0, 2;
    %pad/u 10;
    %ix/vec4 3;
    %ix/load 4, 11, 0; part off
    %ix/load 5, 0, 0; Constant delay
    %assign/vec4/a/d v0x55556dd1ac80, 4, 5;
T_85.25 ;
    %load/vec4 v0x55556dd1aac0_0;
    %parti/s 1, 12, 5;
    %nor/r;
    %flag_set/vec4 8;
    %jmp/0xz  T_85.27, 8;
    %load/vec4 v0x55556dd1a920_0;
    %parti/s 1, 12, 5;
    %load/vec4 v0x55556dd1a5e0_0;
    %parti/s 8, 0, 2;
    %pad/u 10;
    %ix/vec4 3;
    %ix/load 4, 12, 0; part off
    %ix/load 5, 0, 0; Constant delay
    %assign/vec4/a/d v0x55556dd1ac80, 4, 5;
T_85.27 ;
    %load/vec4 v0x55556dd1aac0_0;
    %parti/s 1, 13, 5;
    %nor/r;
    %flag_set/vec4 8;
    %jmp/0xz  T_85.29, 8;
    %load/vec4 v0x55556dd1a920_0;
    %parti/s 1, 13, 5;
    %load/vec4 v0x55556dd1a5e0_0;
    %parti/s 8, 0, 2;
    %pad/u 10;
    %ix/vec4 3;
    %ix/load 4, 13, 0; part off
    %ix/load 5, 0, 0; Constant delay
    %assign/vec4/a/d v0x55556dd1ac80, 4, 5;
T_85.29 ;
    %load/vec4 v0x55556dd1aac0_0;
    %parti/s 1, 14, 5;
    %nor/r;
    %flag_set/vec4 8;
    %jmp/0xz  T_85.31, 8;
    %load/vec4 v0x55556dd1a920_0;
    %parti/s 1, 14, 5;
    %load/vec4 v0x55556dd1a5e0_0;
    %parti/s 8, 0, 2;
    %pad/u 10;
    %ix/vec4 3;
    %ix/load 4, 14, 0; part off
    %ix/load 5, 0, 0; Constant delay
    %assign/vec4/a/d v0x55556dd1ac80, 4, 5;
T_85.31 ;
    %load/vec4 v0x55556dd1aac0_0;
    %parti/s 1, 15, 5;
    %nor/r;
    %flag_set/vec4 8;
    %jmp/0xz  T_85.33, 8;
    %load/vec4 v0x55556dd1a920_0;
    %parti/s 1, 15, 5;
    %load/vec4 v0x55556dd1a5e0_0;
    %parti/s 8, 0, 2;
    %pad/u 10;
    %ix/vec4 3;
    %ix/load 4, 15, 0; part off
    %ix/load 5, 0, 0; Constant delay
    %assign/vec4/a/d v0x55556dd1ac80, 4, 5;
T_85.33 ;
T_85.0 ;
    %jmp T_85;
    .thread T_85;
    .scope S_0x55556dd178f0;
T_86 ;
    %wait E_0x55556dd19630;
    %load/vec4 v0x55556dd1a440_0;
    %flag_set/vec4 9;
    %flag_get/vec4 9;
    %jmp/0 T_86.2, 9;
    %load/vec4 v0x55556dd1a170_0;
    %and;
T_86.2;
    %flag_set/vec4 8;
    %jmp/0xz  T_86.0, 8;
    %load/vec4 v0x55556dd19fc0_0;
    %parti/s 8, 0, 2;
    %pad/u 10;
    %ix/vec4 4;
    %load/vec4a v0x55556dd1ac80, 4;
    %load/vec4 v0x55556dd1a500_0;
    %inv;
    %and;
    %assign/vec4 v0x55556dd1a360_0, 0;
T_86.0 ;
    %jmp T_86;
    .thread T_86;
    .scope S_0x55556dd1b980;
T_87 ;
    %pushi/vec4 0, 0, 32;
    %store/vec4 v0x55556dd1ed70_0, 0, 32;
T_87.0 ; Top of for-loop
    %load/vec4 v0x55556dd1ed70_0;
    %cmpi/s 16, 0, 32;
	  %jmp/0xz T_87.1, 5;
    %pushi/vec4 0, 0, 256;
    %load/vec4 v0x55556dd1ed70_0;
    %muli 16, 0, 32;
    %part/s 16;
    %pushi/vec4 0, 0, 32;
    %load/vec4 v0x55556dd1ed70_0;
    %add;
    %ix/vec4/s 4;
    %store/vec4a v0x55556dd1ee50, 4, 0;
    %pushi/vec4 0, 0, 256;
    %load/vec4 v0x55556dd1ed70_0;
    %muli 16, 0, 32;
    %part/s 16;
    %pushi/vec4 16, 0, 32;
    %load/vec4 v0x55556dd1ed70_0;
    %add;
    %ix/vec4/s 4;
    %store/vec4a v0x55556dd1ee50, 4, 0;
    %pushi/vec4 0, 0, 256;
    %load/vec4 v0x55556dd1ed70_0;
    %muli 16, 0, 32;
    %part/s 16;
    %pushi/vec4 32, 0, 32;
    %load/vec4 v0x55556dd1ed70_0;
    %add;
    %ix/vec4/s 4;
    %store/vec4a v0x55556dd1ee50, 4, 0;
    %pushi/vec4 0, 0, 256;
    %load/vec4 v0x55556dd1ed70_0;
    %muli 16, 0, 32;
    %part/s 16;
    %pushi/vec4 48, 0, 32;
    %load/vec4 v0x55556dd1ed70_0;
    %add;
    %ix/vec4/s 4;
    %store/vec4a v0x55556dd1ee50, 4, 0;
    %pushi/vec4 0, 0, 256;
    %load/vec4 v0x55556dd1ed70_0;
    %muli 16, 0, 32;
    %part/s 16;
    %pushi/vec4 64, 0, 32;
    %load/vec4 v0x55556dd1ed70_0;
    %add;
    %ix/vec4/s 4;
    %store/vec4a v0x55556dd1ee50, 4, 0;
    %pushi/vec4 0, 0, 256;
    %load/vec4 v0x55556dd1ed70_0;
    %muli 16, 0, 32;
    %part/s 16;
    %pushi/vec4 80, 0, 32;
    %load/vec4 v0x55556dd1ed70_0;
    %add;
    %ix/vec4/s 4;
    %store/vec4a v0x55556dd1ee50, 4, 0;
    %pushi/vec4 0, 0, 256;
    %load/vec4 v0x55556dd1ed70_0;
    %muli 16, 0, 32;
    %part/s 16;
    %pushi/vec4 96, 0, 32;
    %load/vec4 v0x55556dd1ed70_0;
    %add;
    %ix/vec4/s 4;
    %store/vec4a v0x55556dd1ee50, 4, 0;
    %pushi/vec4 0, 0, 256;
    %load/vec4 v0x55556dd1ed70_0;
    %muli 16, 0, 32;
    %part/s 16;
    %pushi/vec4 112, 0, 32;
    %load/vec4 v0x55556dd1ed70_0;
    %add;
    %ix/vec4/s 4;
    %store/vec4a v0x55556dd1ee50, 4, 0;
    %pushi/vec4 0, 0, 256;
    %load/vec4 v0x55556dd1ed70_0;
    %muli 16, 0, 32;
    %part/s 16;
    %pushi/vec4 128, 0, 32;
    %load/vec4 v0x55556dd1ed70_0;
    %add;
    %ix/vec4/s 4;
    %store/vec4a v0x55556dd1ee50, 4, 0;
    %pushi/vec4 0, 0, 256;
    %load/vec4 v0x55556dd1ed70_0;
    %muli 16, 0, 32;
    %part/s 16;
    %pushi/vec4 144, 0, 32;
    %load/vec4 v0x55556dd1ed70_0;
    %add;
    %ix/vec4/s 4;
    %store/vec4a v0x55556dd1ee50, 4, 0;
    %pushi/vec4 0, 0, 256;
    %load/vec4 v0x55556dd1ed70_0;
    %muli 16, 0, 32;
    %part/s 16;
    %pushi/vec4 160, 0, 32;
    %load/vec4 v0x55556dd1ed70_0;
    %add;
    %ix/vec4/s 4;
    %store/vec4a v0x55556dd1ee50, 4, 0;
    %pushi/vec4 0, 0, 256;
    %load/vec4 v0x55556dd1ed70_0;
    %muli 16, 0, 32;
    %part/s 16;
    %pushi/vec4 176, 0, 32;
    %load/vec4 v0x55556dd1ed70_0;
    %add;
    %ix/vec4/s 4;
    %store/vec4a v0x55556dd1ee50, 4, 0;
    %pushi/vec4 0, 0, 256;
    %load/vec4 v0x55556dd1ed70_0;
    %muli 16, 0, 32;
    %part/s 16;
    %pushi/vec4 192, 0, 32;
    %load/vec4 v0x55556dd1ed70_0;
    %add;
    %ix/vec4/s 4;
    %store/vec4a v0x55556dd1ee50, 4, 0;
    %pushi/vec4 0, 0, 256;
    %load/vec4 v0x55556dd1ed70_0;
    %muli 16, 0, 32;
    %part/s 16;
    %pushi/vec4 208, 0, 32;
    %load/vec4 v0x55556dd1ed70_0;
    %add;
    %ix/vec4/s 4;
    %store/vec4a v0x55556dd1ee50, 4, 0;
    %pushi/vec4 0, 0, 256;
    %load/vec4 v0x55556dd1ed70_0;
    %muli 16, 0, 32;
    %part/s 16;
    %pushi/vec4 224, 0, 32;
    %load/vec4 v0x55556dd1ed70_0;
    %add;
    %ix/vec4/s 4;
    %store/vec4a v0x55556dd1ee50, 4, 0;
    %pushi/vec4 0, 0, 256;
    %load/vec4 v0x55556dd1ed70_0;
    %muli 16, 0, 32;
    %part/s 16;
    %pushi/vec4 240, 0, 32;
    %load/vec4 v0x55556dd1ed70_0;
    %add;
    %ix/vec4/s 4;
    %store/vec4a v0x55556dd1ee50, 4, 0;
T_87.2 ; for-loop step statement
    %load/vec4 v0x55556dd1ed70_0;
    %addi 1, 0, 32;
    %store/vec4 v0x55556dd1ed70_0, 0, 32;
    %jmp T_87.0;
T_87.1 ; for-loop exit label
    %end;
    .thread T_87;
    .scope S_0x55556dd1b980;
T_88 ;
    %wait E_0x55556dd1d880;
    %load/vec4 v0x55556dd1ebd0_0;
    %flag_set/vec4 9;
    %flag_get/vec4 9;
    %jmp/0 T_88.2, 9;
    %load/vec4 v0x55556dd1e950_0;
    %and;
T_88.2;
    %flag_set/vec4 8;
    %jmp/0xz  T_88.0, 8;
    %load/vec4 v0x55556dd1ec90_0;
    %parti/s 1, 0, 2;
    %nor/r;
    %flag_set/vec4 8;
    %jmp/0xz  T_88.3, 8;
    %load/vec4 v0x55556dd1eaf0_0;
    %parti/s 1, 0, 2;
    %load/vec4 v0x55556dd1e7b0_0;
    %parti/s 8, 0, 2;
    %pad/u 10;
    %ix/vec4 3;
    %ix/load 4, 0, 0; Constant delay
    %assign/vec4/a/d v0x55556dd1ee50, 0, 4;
T_88.3 ;
    %load/vec4 v0x55556dd1ec90_0;
    %parti/s 1, 1, 2;
    %nor/r;
    %flag_set/vec4 8;
    %jmp/0xz  T_88.5, 8;
    %load/vec4 v0x55556dd1eaf0_0;
    %parti/s 1, 1, 2;
    %load/vec4 v0x55556dd1e7b0_0;
    %parti/s 8, 0, 2;
    %pad/u 10;
    %ix/vec4 3;
    %ix/load 4, 1, 0; part off
    %ix/load 5, 0, 0; Constant delay
    %assign/vec4/a/d v0x55556dd1ee50, 4, 5;
T_88.5 ;
    %load/vec4 v0x55556dd1ec90_0;
    %parti/s 1, 2, 3;
    %nor/r;
    %flag_set/vec4 8;
    %jmp/0xz  T_88.7, 8;
    %load/vec4 v0x55556dd1eaf0_0;
    %parti/s 1, 2, 3;
    %load/vec4 v0x55556dd1e7b0_0;
    %parti/s 8, 0, 2;
    %pad/u 10;
    %ix/vec4 3;
    %ix/load 4, 2, 0; part off
    %ix/load 5, 0, 0; Constant delay
    %assign/vec4/a/d v0x55556dd1ee50, 4, 5;
T_88.7 ;
    %load/vec4 v0x55556dd1ec90_0;
    %parti/s 1, 3, 3;
    %nor/r;
    %flag_set/vec4 8;
    %jmp/0xz  T_88.9, 8;
    %load/vec4 v0x55556dd1eaf0_0;
    %parti/s 1, 3, 3;
    %load/vec4 v0x55556dd1e7b0_0;
    %parti/s 8, 0, 2;
    %pad/u 10;
    %ix/vec4 3;
    %ix/load 4, 3, 0; part off
    %ix/load 5, 0, 0; Constant delay
    %assign/vec4/a/d v0x55556dd1ee50, 4, 5;
T_88.9 ;
    %load/vec4 v0x55556dd1ec90_0;
    %parti/s 1, 4, 4;
    %nor/r;
    %flag_set/vec4 8;
    %jmp/0xz  T_88.11, 8;
    %load/vec4 v0x55556dd1eaf0_0;
    %parti/s 1, 4, 4;
    %load/vec4 v0x55556dd1e7b0_0;
    %parti/s 8, 0, 2;
    %pad/u 10;
    %ix/vec4 3;
    %ix/load 4, 4, 0; part off
    %ix/load 5, 0, 0; Constant delay
    %assign/vec4/a/d v0x55556dd1ee50, 4, 5;
T_88.11 ;
    %load/vec4 v0x55556dd1ec90_0;
    %parti/s 1, 5, 4;
    %nor/r;
    %flag_set/vec4 8;
    %jmp/0xz  T_88.13, 8;
    %load/vec4 v0x55556dd1eaf0_0;
    %parti/s 1, 5, 4;
    %load/vec4 v0x55556dd1e7b0_0;
    %parti/s 8, 0, 2;
    %pad/u 10;
    %ix/vec4 3;
    %ix/load 4, 5, 0; part off
    %ix/load 5, 0, 0; Constant delay
    %assign/vec4/a/d v0x55556dd1ee50, 4, 5;
T_88.13 ;
    %load/vec4 v0x55556dd1ec90_0;
    %parti/s 1, 6, 4;
    %nor/r;
    %flag_set/vec4 8;
    %jmp/0xz  T_88.15, 8;
    %load/vec4 v0x55556dd1eaf0_0;
    %parti/s 1, 6, 4;
    %load/vec4 v0x55556dd1e7b0_0;
    %parti/s 8, 0, 2;
    %pad/u 10;
    %ix/vec4 3;
    %ix/load 4, 6, 0; part off
    %ix/load 5, 0, 0; Constant delay
    %assign/vec4/a/d v0x55556dd1ee50, 4, 5;
T_88.15 ;
    %load/vec4 v0x55556dd1ec90_0;
    %parti/s 1, 7, 4;
    %nor/r;
    %flag_set/vec4 8;
    %jmp/0xz  T_88.17, 8;
    %load/vec4 v0x55556dd1eaf0_0;
    %parti/s 1, 7, 4;
    %load/vec4 v0x55556dd1e7b0_0;
    %parti/s 8, 0, 2;
    %pad/u 10;
    %ix/vec4 3;
    %ix/load 4, 7, 0; part off
    %ix/load 5, 0, 0; Constant delay
    %assign/vec4/a/d v0x55556dd1ee50, 4, 5;
T_88.17 ;
    %load/vec4 v0x55556dd1ec90_0;
    %parti/s 1, 8, 5;
    %nor/r;
    %flag_set/vec4 8;
    %jmp/0xz  T_88.19, 8;
    %load/vec4 v0x55556dd1eaf0_0;
    %parti/s 1, 8, 5;
    %load/vec4 v0x55556dd1e7b0_0;
    %parti/s 8, 0, 2;
    %pad/u 10;
    %ix/vec4 3;
    %ix/load 4, 8, 0; part off
    %ix/load 5, 0, 0; Constant delay
    %assign/vec4/a/d v0x55556dd1ee50, 4, 5;
T_88.19 ;
    %load/vec4 v0x55556dd1ec90_0;
    %parti/s 1, 9, 5;
    %nor/r;
    %flag_set/vec4 8;
    %jmp/0xz  T_88.21, 8;
    %load/vec4 v0x55556dd1eaf0_0;
    %parti/s 1, 9, 5;
    %load/vec4 v0x55556dd1e7b0_0;
    %parti/s 8, 0, 2;
    %pad/u 10;
    %ix/vec4 3;
    %ix/load 4, 9, 0; part off
    %ix/load 5, 0, 0; Constant delay
    %assign/vec4/a/d v0x55556dd1ee50, 4, 5;
T_88.21 ;
    %load/vec4 v0x55556dd1ec90_0;
    %parti/s 1, 10, 5;
    %nor/r;
    %flag_set/vec4 8;
    %jmp/0xz  T_88.23, 8;
    %load/vec4 v0x55556dd1eaf0_0;
    %parti/s 1, 10, 5;
    %load/vec4 v0x55556dd1e7b0_0;
    %parti/s 8, 0, 2;
    %pad/u 10;
    %ix/vec4 3;
    %ix/load 4, 10, 0; part off
    %ix/load 5, 0, 0; Constant delay
    %assign/vec4/a/d v0x55556dd1ee50, 4, 5;
T_88.23 ;
    %load/vec4 v0x55556dd1ec90_0;
    %parti/s 1, 11, 5;
    %nor/r;
    %flag_set/vec4 8;
    %jmp/0xz  T_88.25, 8;
    %load/vec4 v0x55556dd1eaf0_0;
    %parti/s 1, 11, 5;
    %load/vec4 v0x55556dd1e7b0_0;
    %parti/s 8, 0, 2;
    %pad/u 10;
    %ix/vec4 3;
    %ix/load 4, 11, 0; part off
    %ix/load 5, 0, 0; Constant delay
    %assign/vec4/a/d v0x55556dd1ee50, 4, 5;
T_88.25 ;
    %load/vec4 v0x55556dd1ec90_0;
    %parti/s 1, 12, 5;
    %nor/r;
    %flag_set/vec4 8;
    %jmp/0xz  T_88.27, 8;
    %load/vec4 v0x55556dd1eaf0_0;
    %parti/s 1, 12, 5;
    %load/vec4 v0x55556dd1e7b0_0;
    %parti/s 8, 0, 2;
    %pad/u 10;
    %ix/vec4 3;
    %ix/load 4, 12, 0; part off
    %ix/load 5, 0, 0; Constant delay
    %assign/vec4/a/d v0x55556dd1ee50, 4, 5;
T_88.27 ;
    %load/vec4 v0x55556dd1ec90_0;
    %parti/s 1, 13, 5;
    %nor/r;
    %flag_set/vec4 8;
    %jmp/0xz  T_88.29, 8;
    %load/vec4 v0x55556dd1eaf0_0;
    %parti/s 1, 13, 5;
    %load/vec4 v0x55556dd1e7b0_0;
    %parti/s 8, 0, 2;
    %pad/u 10;
    %ix/vec4 3;
    %ix/load 4, 13, 0; part off
    %ix/load 5, 0, 0; Constant delay
    %assign/vec4/a/d v0x55556dd1ee50, 4, 5;
T_88.29 ;
    %load/vec4 v0x55556dd1ec90_0;
    %parti/s 1, 14, 5;
    %nor/r;
    %flag_set/vec4 8;
    %jmp/0xz  T_88.31, 8;
    %load/vec4 v0x55556dd1eaf0_0;
    %parti/s 1, 14, 5;
    %load/vec4 v0x55556dd1e7b0_0;
    %parti/s 8, 0, 2;
    %pad/u 10;
    %ix/vec4 3;
    %ix/load 4, 14, 0; part off
    %ix/load 5, 0, 0; Constant delay
    %assign/vec4/a/d v0x55556dd1ee50, 4, 5;
T_88.31 ;
    %load/vec4 v0x55556dd1ec90_0;
    %parti/s 1, 15, 5;
    %nor/r;
    %flag_set/vec4 8;
    %jmp/0xz  T_88.33, 8;
    %load/vec4 v0x55556dd1eaf0_0;
    %parti/s 1, 15, 5;
    %load/vec4 v0x55556dd1e7b0_0;
    %parti/s 8, 0, 2;
    %pad/u 10;
    %ix/vec4 3;
    %ix/load 4, 15, 0; part off
    %ix/load 5, 0, 0; Constant delay
    %assign/vec4/a/d v0x55556dd1ee50, 4, 5;
T_88.33 ;
T_88.0 ;
    %jmp T_88;
    .thread T_88;
    .scope S_0x55556dd1b980;
T_89 ;
    %wait E_0x55556dd1d800;
    %load/vec4 v0x55556dd1e610_0;
    %flag_set/vec4 9;
    %flag_get/vec4 9;
    %jmp/0 T_89.2, 9;
    %load/vec4 v0x55556dd1e340_0;
    %and;
T_89.2;
    %flag_set/vec4 8;
    %jmp/0xz  T_89.0, 8;
    %load/vec4 v0x55556dd1e190_0;
    %parti/s 8, 0, 2;
    %pad/u 10;
    %ix/vec4 4;
    %load/vec4a v0x55556dd1ee50, 4;
    %load/vec4 v0x55556dd1e6d0_0;
    %inv;
    %and;
    %assign/vec4 v0x55556dd1e530_0, 0;
T_89.0 ;
    %jmp T_89;
    .thread T_89;
    .scope S_0x55556dd1fb60;
T_90 ;
    %pushi/vec4 0, 0, 32;
    %store/vec4 v0x55556dd230c0_0, 0, 32;
T_90.0 ; Top of for-loop
    %load/vec4 v0x55556dd230c0_0;
    %cmpi/s 16, 0, 32;
	  %jmp/0xz T_90.1, 5;
    %pushi/vec4 0, 0, 256;
    %load/vec4 v0x55556dd230c0_0;
    %muli 16, 0, 32;
    %part/s 16;
    %pushi/vec4 0, 0, 32;
    %load/vec4 v0x55556dd230c0_0;
    %add;
    %ix/vec4/s 4;
    %store/vec4a v0x55556dd231a0, 4, 0;
    %pushi/vec4 0, 0, 256;
    %load/vec4 v0x55556dd230c0_0;
    %muli 16, 0, 32;
    %part/s 16;
    %pushi/vec4 16, 0, 32;
    %load/vec4 v0x55556dd230c0_0;
    %add;
    %ix/vec4/s 4;
    %store/vec4a v0x55556dd231a0, 4, 0;
    %pushi/vec4 0, 0, 256;
    %load/vec4 v0x55556dd230c0_0;
    %muli 16, 0, 32;
    %part/s 16;
    %pushi/vec4 32, 0, 32;
    %load/vec4 v0x55556dd230c0_0;
    %add;
    %ix/vec4/s 4;
    %store/vec4a v0x55556dd231a0, 4, 0;
    %pushi/vec4 0, 0, 256;
    %load/vec4 v0x55556dd230c0_0;
    %muli 16, 0, 32;
    %part/s 16;
    %pushi/vec4 48, 0, 32;
    %load/vec4 v0x55556dd230c0_0;
    %add;
    %ix/vec4/s 4;
    %store/vec4a v0x55556dd231a0, 4, 0;
    %pushi/vec4 0, 0, 256;
    %load/vec4 v0x55556dd230c0_0;
    %muli 16, 0, 32;
    %part/s 16;
    %pushi/vec4 64, 0, 32;
    %load/vec4 v0x55556dd230c0_0;
    %add;
    %ix/vec4/s 4;
    %store/vec4a v0x55556dd231a0, 4, 0;
    %pushi/vec4 0, 0, 256;
    %load/vec4 v0x55556dd230c0_0;
    %muli 16, 0, 32;
    %part/s 16;
    %pushi/vec4 80, 0, 32;
    %load/vec4 v0x55556dd230c0_0;
    %add;
    %ix/vec4/s 4;
    %store/vec4a v0x55556dd231a0, 4, 0;
    %pushi/vec4 0, 0, 256;
    %load/vec4 v0x55556dd230c0_0;
    %muli 16, 0, 32;
    %part/s 16;
    %pushi/vec4 96, 0, 32;
    %load/vec4 v0x55556dd230c0_0;
    %add;
    %ix/vec4/s 4;
    %store/vec4a v0x55556dd231a0, 4, 0;
    %pushi/vec4 0, 0, 256;
    %load/vec4 v0x55556dd230c0_0;
    %muli 16, 0, 32;
    %part/s 16;
    %pushi/vec4 112, 0, 32;
    %load/vec4 v0x55556dd230c0_0;
    %add;
    %ix/vec4/s 4;
    %store/vec4a v0x55556dd231a0, 4, 0;
    %pushi/vec4 0, 0, 256;
    %load/vec4 v0x55556dd230c0_0;
    %muli 16, 0, 32;
    %part/s 16;
    %pushi/vec4 128, 0, 32;
    %load/vec4 v0x55556dd230c0_0;
    %add;
    %ix/vec4/s 4;
    %store/vec4a v0x55556dd231a0, 4, 0;
    %pushi/vec4 0, 0, 256;
    %load/vec4 v0x55556dd230c0_0;
    %muli 16, 0, 32;
    %part/s 16;
    %pushi/vec4 144, 0, 32;
    %load/vec4 v0x55556dd230c0_0;
    %add;
    %ix/vec4/s 4;
    %store/vec4a v0x55556dd231a0, 4, 0;
    %pushi/vec4 0, 0, 256;
    %load/vec4 v0x55556dd230c0_0;
    %muli 16, 0, 32;
    %part/s 16;
    %pushi/vec4 160, 0, 32;
    %load/vec4 v0x55556dd230c0_0;
    %add;
    %ix/vec4/s 4;
    %store/vec4a v0x55556dd231a0, 4, 0;
    %pushi/vec4 0, 0, 256;
    %load/vec4 v0x55556dd230c0_0;
    %muli 16, 0, 32;
    %part/s 16;
    %pushi/vec4 176, 0, 32;
    %load/vec4 v0x55556dd230c0_0;
    %add;
    %ix/vec4/s 4;
    %store/vec4a v0x55556dd231a0, 4, 0;
    %pushi/vec4 0, 0, 256;
    %load/vec4 v0x55556dd230c0_0;
    %muli 16, 0, 32;
    %part/s 16;
    %pushi/vec4 192, 0, 32;
    %load/vec4 v0x55556dd230c0_0;
    %add;
    %ix/vec4/s 4;
    %store/vec4a v0x55556dd231a0, 4, 0;
    %pushi/vec4 0, 0, 256;
    %load/vec4 v0x55556dd230c0_0;
    %muli 16, 0, 32;
    %part/s 16;
    %pushi/vec4 208, 0, 32;
    %load/vec4 v0x55556dd230c0_0;
    %add;
    %ix/vec4/s 4;
    %store/vec4a v0x55556dd231a0, 4, 0;
    %pushi/vec4 0, 0, 256;
    %load/vec4 v0x55556dd230c0_0;
    %muli 16, 0, 32;
    %part/s 16;
    %pushi/vec4 224, 0, 32;
    %load/vec4 v0x55556dd230c0_0;
    %add;
    %ix/vec4/s 4;
    %store/vec4a v0x55556dd231a0, 4, 0;
    %pushi/vec4 0, 0, 256;
    %load/vec4 v0x55556dd230c0_0;
    %muli 16, 0, 32;
    %part/s 16;
    %pushi/vec4 240, 0, 32;
    %load/vec4 v0x55556dd230c0_0;
    %add;
    %ix/vec4/s 4;
    %store/vec4a v0x55556dd231a0, 4, 0;
T_90.2 ; for-loop step statement
    %load/vec4 v0x55556dd230c0_0;
    %addi 1, 0, 32;
    %store/vec4 v0x55556dd230c0_0, 0, 32;
    %jmp T_90.0;
T_90.1 ; for-loop exit label
    %end;
    .thread T_90;
    .scope S_0x55556dd1fb60;
T_91 ;
    %wait E_0x55556dd21bd0;
    %load/vec4 v0x55556dd22f20_0;
    %flag_set/vec4 9;
    %flag_get/vec4 9;
    %jmp/0 T_91.2, 9;
    %load/vec4 v0x55556dd22ca0_0;
    %and;
T_91.2;
    %flag_set/vec4 8;
    %jmp/0xz  T_91.0, 8;
    %load/vec4 v0x55556dd22fe0_0;
    %parti/s 1, 0, 2;
    %nor/r;
    %flag_set/vec4 8;
    %jmp/0xz  T_91.3, 8;
    %load/vec4 v0x55556dd22e40_0;
    %parti/s 1, 0, 2;
    %load/vec4 v0x55556dd22b00_0;
    %parti/s 8, 0, 2;
    %pad/u 10;
    %ix/vec4 3;
    %ix/load 4, 0, 0; Constant delay
    %assign/vec4/a/d v0x55556dd231a0, 0, 4;
T_91.3 ;
    %load/vec4 v0x55556dd22fe0_0;
    %parti/s 1, 1, 2;
    %nor/r;
    %flag_set/vec4 8;
    %jmp/0xz  T_91.5, 8;
    %load/vec4 v0x55556dd22e40_0;
    %parti/s 1, 1, 2;
    %load/vec4 v0x55556dd22b00_0;
    %parti/s 8, 0, 2;
    %pad/u 10;
    %ix/vec4 3;
    %ix/load 4, 1, 0; part off
    %ix/load 5, 0, 0; Constant delay
    %assign/vec4/a/d v0x55556dd231a0, 4, 5;
T_91.5 ;
    %load/vec4 v0x55556dd22fe0_0;
    %parti/s 1, 2, 3;
    %nor/r;
    %flag_set/vec4 8;
    %jmp/0xz  T_91.7, 8;
    %load/vec4 v0x55556dd22e40_0;
    %parti/s 1, 2, 3;
    %load/vec4 v0x55556dd22b00_0;
    %parti/s 8, 0, 2;
    %pad/u 10;
    %ix/vec4 3;
    %ix/load 4, 2, 0; part off
    %ix/load 5, 0, 0; Constant delay
    %assign/vec4/a/d v0x55556dd231a0, 4, 5;
T_91.7 ;
    %load/vec4 v0x55556dd22fe0_0;
    %parti/s 1, 3, 3;
    %nor/r;
    %flag_set/vec4 8;
    %jmp/0xz  T_91.9, 8;
    %load/vec4 v0x55556dd22e40_0;
    %parti/s 1, 3, 3;
    %load/vec4 v0x55556dd22b00_0;
    %parti/s 8, 0, 2;
    %pad/u 10;
    %ix/vec4 3;
    %ix/load 4, 3, 0; part off
    %ix/load 5, 0, 0; Constant delay
    %assign/vec4/a/d v0x55556dd231a0, 4, 5;
T_91.9 ;
    %load/vec4 v0x55556dd22fe0_0;
    %parti/s 1, 4, 4;
    %nor/r;
    %flag_set/vec4 8;
    %jmp/0xz  T_91.11, 8;
    %load/vec4 v0x55556dd22e40_0;
    %parti/s 1, 4, 4;
    %load/vec4 v0x55556dd22b00_0;
    %parti/s 8, 0, 2;
    %pad/u 10;
    %ix/vec4 3;
    %ix/load 4, 4, 0; part off
    %ix/load 5, 0, 0; Constant delay
    %assign/vec4/a/d v0x55556dd231a0, 4, 5;
T_91.11 ;
    %load/vec4 v0x55556dd22fe0_0;
    %parti/s 1, 5, 4;
    %nor/r;
    %flag_set/vec4 8;
    %jmp/0xz  T_91.13, 8;
    %load/vec4 v0x55556dd22e40_0;
    %parti/s 1, 5, 4;
    %load/vec4 v0x55556dd22b00_0;
    %parti/s 8, 0, 2;
    %pad/u 10;
    %ix/vec4 3;
    %ix/load 4, 5, 0; part off
    %ix/load 5, 0, 0; Constant delay
    %assign/vec4/a/d v0x55556dd231a0, 4, 5;
T_91.13 ;
    %load/vec4 v0x55556dd22fe0_0;
    %parti/s 1, 6, 4;
    %nor/r;
    %flag_set/vec4 8;
    %jmp/0xz  T_91.15, 8;
    %load/vec4 v0x55556dd22e40_0;
    %parti/s 1, 6, 4;
    %load/vec4 v0x55556dd22b00_0;
    %parti/s 8, 0, 2;
    %pad/u 10;
    %ix/vec4 3;
    %ix/load 4, 6, 0; part off
    %ix/load 5, 0, 0; Constant delay
    %assign/vec4/a/d v0x55556dd231a0, 4, 5;
T_91.15 ;
    %load/vec4 v0x55556dd22fe0_0;
    %parti/s 1, 7, 4;
    %nor/r;
    %flag_set/vec4 8;
    %jmp/0xz  T_91.17, 8;
    %load/vec4 v0x55556dd22e40_0;
    %parti/s 1, 7, 4;
    %load/vec4 v0x55556dd22b00_0;
    %parti/s 8, 0, 2;
    %pad/u 10;
    %ix/vec4 3;
    %ix/load 4, 7, 0; part off
    %ix/load 5, 0, 0; Constant delay
    %assign/vec4/a/d v0x55556dd231a0, 4, 5;
T_91.17 ;
    %load/vec4 v0x55556dd22fe0_0;
    %parti/s 1, 8, 5;
    %nor/r;
    %flag_set/vec4 8;
    %jmp/0xz  T_91.19, 8;
    %load/vec4 v0x55556dd22e40_0;
    %parti/s 1, 8, 5;
    %load/vec4 v0x55556dd22b00_0;
    %parti/s 8, 0, 2;
    %pad/u 10;
    %ix/vec4 3;
    %ix/load 4, 8, 0; part off
    %ix/load 5, 0, 0; Constant delay
    %assign/vec4/a/d v0x55556dd231a0, 4, 5;
T_91.19 ;
    %load/vec4 v0x55556dd22fe0_0;
    %parti/s 1, 9, 5;
    %nor/r;
    %flag_set/vec4 8;
    %jmp/0xz  T_91.21, 8;
    %load/vec4 v0x55556dd22e40_0;
    %parti/s 1, 9, 5;
    %load/vec4 v0x55556dd22b00_0;
    %parti/s 8, 0, 2;
    %pad/u 10;
    %ix/vec4 3;
    %ix/load 4, 9, 0; part off
    %ix/load 5, 0, 0; Constant delay
    %assign/vec4/a/d v0x55556dd231a0, 4, 5;
T_91.21 ;
    %load/vec4 v0x55556dd22fe0_0;
    %parti/s 1, 10, 5;
    %nor/r;
    %flag_set/vec4 8;
    %jmp/0xz  T_91.23, 8;
    %load/vec4 v0x55556dd22e40_0;
    %parti/s 1, 10, 5;
    %load/vec4 v0x55556dd22b00_0;
    %parti/s 8, 0, 2;
    %pad/u 10;
    %ix/vec4 3;
    %ix/load 4, 10, 0; part off
    %ix/load 5, 0, 0; Constant delay
    %assign/vec4/a/d v0x55556dd231a0, 4, 5;
T_91.23 ;
    %load/vec4 v0x55556dd22fe0_0;
    %parti/s 1, 11, 5;
    %nor/r;
    %flag_set/vec4 8;
    %jmp/0xz  T_91.25, 8;
    %load/vec4 v0x55556dd22e40_0;
    %parti/s 1, 11, 5;
    %load/vec4 v0x55556dd22b00_0;
    %parti/s 8, 0, 2;
    %pad/u 10;
    %ix/vec4 3;
    %ix/load 4, 11, 0; part off
    %ix/load 5, 0, 0; Constant delay
    %assign/vec4/a/d v0x55556dd231a0, 4, 5;
T_91.25 ;
    %load/vec4 v0x55556dd22fe0_0;
    %parti/s 1, 12, 5;
    %nor/r;
    %flag_set/vec4 8;
    %jmp/0xz  T_91.27, 8;
    %load/vec4 v0x55556dd22e40_0;
    %parti/s 1, 12, 5;
    %load/vec4 v0x55556dd22b00_0;
    %parti/s 8, 0, 2;
    %pad/u 10;
    %ix/vec4 3;
    %ix/load 4, 12, 0; part off
    %ix/load 5, 0, 0; Constant delay
    %assign/vec4/a/d v0x55556dd231a0, 4, 5;
T_91.27 ;
    %load/vec4 v0x55556dd22fe0_0;
    %parti/s 1, 13, 5;
    %nor/r;
    %flag_set/vec4 8;
    %jmp/0xz  T_91.29, 8;
    %load/vec4 v0x55556dd22e40_0;
    %parti/s 1, 13, 5;
    %load/vec4 v0x55556dd22b00_0;
    %parti/s 8, 0, 2;
    %pad/u 10;
    %ix/vec4 3;
    %ix/load 4, 13, 0; part off
    %ix/load 5, 0, 0; Constant delay
    %assign/vec4/a/d v0x55556dd231a0, 4, 5;
T_91.29 ;
    %load/vec4 v0x55556dd22fe0_0;
    %parti/s 1, 14, 5;
    %nor/r;
    %flag_set/vec4 8;
    %jmp/0xz  T_91.31, 8;
    %load/vec4 v0x55556dd22e40_0;
    %parti/s 1, 14, 5;
    %load/vec4 v0x55556dd22b00_0;
    %parti/s 8, 0, 2;
    %pad/u 10;
    %ix/vec4 3;
    %ix/load 4, 14, 0; part off
    %ix/load 5, 0, 0; Constant delay
    %assign/vec4/a/d v0x55556dd231a0, 4, 5;
T_91.31 ;
    %load/vec4 v0x55556dd22fe0_0;
    %parti/s 1, 15, 5;
    %nor/r;
    %flag_set/vec4 8;
    %jmp/0xz  T_91.33, 8;
    %load/vec4 v0x55556dd22e40_0;
    %parti/s 1, 15, 5;
    %load/vec4 v0x55556dd22b00_0;
    %parti/s 8, 0, 2;
    %pad/u 10;
    %ix/vec4 3;
    %ix/load 4, 15, 0; part off
    %ix/load 5, 0, 0; Constant delay
    %assign/vec4/a/d v0x55556dd231a0, 4, 5;
T_91.33 ;
T_91.0 ;
    %jmp T_91;
    .thread T_91;
    .scope S_0x55556dd1fb60;
T_92 ;
    %wait E_0x55556dd21b50;
    %load/vec4 v0x55556dd22960_0;
    %flag_set/vec4 9;
    %flag_get/vec4 9;
    %jmp/0 T_92.2, 9;
    %load/vec4 v0x55556dd22690_0;
    %and;
T_92.2;
    %flag_set/vec4 8;
    %jmp/0xz  T_92.0, 8;
    %load/vec4 v0x55556dd224e0_0;
    %parti/s 8, 0, 2;
    %pad/u 10;
    %ix/vec4 4;
    %load/vec4a v0x55556dd231a0, 4;
    %load/vec4 v0x55556dd22a20_0;
    %inv;
    %and;
    %assign/vec4 v0x55556dd22880_0, 0;
T_92.0 ;
    %jmp T_92;
    .thread T_92;
    .scope S_0x55556db54910;
T_93 ;
    %wait E_0x55556dd27b20;
    %pushi/vec4 0, 0, 32;
    %store/vec4 v0x55556dd28440_0, 0, 32;
T_93.0 ; Top of for-loop
    %load/vec4 v0x55556dd28440_0;
    %cmpi/s 16383, 0, 32;
    %flag_or 5, 4;
	  %jmp/0xz T_93.1, 5;
    %pushi/vec4 65535, 65535, 16;
    %ix/getv/s 4, v0x55556dd28440_0;
    %store/vec4a v0x55556dd28520, 4, 0;
T_93.2 ; for-loop step statement
    %load/vec4 v0x55556dd28440_0;
    %addi 1, 0, 32;
    %store/vec4 v0x55556dd28440_0, 0, 32;
    %jmp T_93.0;
T_93.1 ; for-loop exit label
    %jmp T_93;
    .thread T_93;
    .scope S_0x55556db54910;
T_94 ;
    %wait E_0x55556dd27aa0;
    %load/vec4 v0x55556dd285e0_0;
    %flag_set/vec4 8;
    %jmp/0xz  T_94.0, 8;
    %pushi/vec4 0, 0, 16;
    %assign/vec4 v0x55556dd27ec0_0, 0;
    %jmp T_94.1;
T_94.0 ;
    %load/vec4 v0x55556dd28200_0;
    %flag_set/vec4 8;
    %jmp/0xz  T_94.2, 8;
    %pushi/vec4 65535, 65535, 16;
    %assign/vec4 v0x55556dd27ec0_0, 0;
    %jmp T_94.3;
T_94.2 ;
    %load/vec4 v0x55556dd27c80_0;
    %flag_set/vec4 8;
    %jmp/0xz  T_94.4, 8;
    %load/vec4 v0x55556dd282c0_0;
    %nor/r;
    %flag_set/vec4 8;
    %jmp/0xz  T_94.6, 8;
    %load/vec4 v0x55556dd27b80_0;
    %pad/u 16;
    %ix/vec4 4;
    %load/vec4a v0x55556dd28520, 4;
    %assign/vec4 v0x55556dd27ec0_0, 0;
    %jmp T_94.7;
T_94.6 ;
    %load/vec4 v0x55556dd27fa0_0;
    %parti/s 1, 0, 2;
    %flag_set/vec4 8;
    %jmp/0xz  T_94.8, 8;
    %load/vec4 v0x55556dd27de0_0;
    %parti/s 4, 0, 2;
    %load/vec4 v0x55556dd27b80_0;
    %pad/u 16;
    %ix/vec4 3;
    %ix/load 4, 0, 0; Constant delay
    %assign/vec4/a/d v0x55556dd28520, 0, 4;
T_94.8 ;
    %load/vec4 v0x55556dd27fa0_0;
    %parti/s 1, 1, 2;
    %flag_set/vec4 8;
    %jmp/0xz  T_94.10, 8;
    %load/vec4 v0x55556dd27de0_0;
    %parti/s 4, 4, 4;
    %load/vec4 v0x55556dd27b80_0;
    %pad/u 16;
    %ix/vec4 3;
    %ix/load 4, 4, 0; part off
    %ix/load 5, 0, 0; Constant delay
    %assign/vec4/a/d v0x55556dd28520, 4, 5;
T_94.10 ;
    %load/vec4 v0x55556dd27fa0_0;
    %parti/s 1, 2, 3;
    %flag_set/vec4 8;
    %jmp/0xz  T_94.12, 8;
    %load/vec4 v0x55556dd27de0_0;
    %parti/s 4, 8, 5;
    %load/vec4 v0x55556dd27b80_0;
    %pad/u 16;
    %ix/vec4 3;
    %ix/load 4, 8, 0; part off
    %ix/load 5, 0, 0; Constant delay
    %assign/vec4/a/d v0x55556dd28520, 4, 5;
T_94.12 ;
    %load/vec4 v0x55556dd27fa0_0;
    %parti/s 1, 3, 3;
    %flag_set/vec4 8;
    %jmp/0xz  T_94.14, 8;
    %load/vec4 v0x55556dd27de0_0;
    %parti/s 4, 12, 5;
    %load/vec4 v0x55556dd27b80_0;
    %pad/u 16;
    %ix/vec4 3;
    %ix/load 4, 12, 0; part off
    %ix/load 5, 0, 0; Constant delay
    %assign/vec4/a/d v0x55556dd28520, 4, 5;
T_94.14 ;
    %pushi/vec4 65535, 65535, 16;
    %assign/vec4 v0x55556dd27ec0_0, 0;
T_94.7 ;
T_94.4 ;
T_94.3 ;
T_94.1 ;
    %jmp T_94;
    .thread T_94;
    .scope S_0x55556db472f0;
T_95 ;
    %vpi_call/w 6 15 "$dumpvars", 32'sb00000000000000000000000000000000, S_0x55556db472f0 {0 0 0};
    %pushi/vec4 0, 0, 4;
    %store/vec4 v0x55556dd294a0_0, 0, 4;
    %delay 5000, 0;
    %pushi/vec4 1, 0, 4;
    %store/vec4 v0x55556dd294a0_0, 0, 4;
    %delay 5000, 0;
    %pushi/vec4 2, 0, 4;
    %store/vec4 v0x55556dd294a0_0, 0, 4;
    %delay 5000, 0;
    %pushi/vec4 3, 0, 4;
    %store/vec4 v0x55556dd294a0_0, 0, 4;
    %delay 5000, 0;
    %pushi/vec4 4, 0, 4;
    %store/vec4 v0x55556dd294a0_0, 0, 4;
    %delay 5000, 0;
    %pushi/vec4 5, 0, 4;
    %store/vec4 v0x55556dd294a0_0, 0, 4;
    %delay 5000, 0;
    %pushi/vec4 6, 0, 4;
    %store/vec4 v0x55556dd294a0_0, 0, 4;
    %delay 5000, 0;
    %pushi/vec4 7, 0, 4;
    %store/vec4 v0x55556dd294a0_0, 0, 4;
    %delay 5000, 0;
    %pushi/vec4 8, 0, 4;
    %store/vec4 v0x55556dd294a0_0, 0, 4;
    %delay 5000, 0;
    %pushi/vec4 9, 0, 4;
    %store/vec4 v0x55556dd294a0_0, 0, 4;
    %delay 5000, 0;
    %pushi/vec4 10, 0, 4;
    %store/vec4 v0x55556dd294a0_0, 0, 4;
    %delay 5000, 0;
    %pushi/vec4 11, 0, 4;
    %store/vec4 v0x55556dd294a0_0, 0, 4;
    %delay 5000, 0;
    %pushi/vec4 12, 0, 4;
    %store/vec4 v0x55556dd294a0_0, 0, 4;
    %delay 5000, 0;
    %pushi/vec4 13, 0, 4;
    %store/vec4 v0x55556dd294a0_0, 0, 4;
    %delay 5000, 0;
    %pushi/vec4 14, 0, 4;
    %store/vec4 v0x55556dd294a0_0, 0, 4;
    %delay 5000, 0;
    %pushi/vec4 15, 0, 4;
    %store/vec4 v0x55556dd294a0_0, 0, 4;
    %delay 5000, 0;
    %end;
    .thread T_95;
# The file index is used to find the file name in the following table.
:file_names 7;
    "N/A";
    "<interactive>";
    "-";
    "/home/abdrhmn/.apio/packages/oss-cad-suite/share/yosys/ice40/cells_sim.v";
    "Lab2.v";
    "MuseumSecurity.v";
    "lab2_tb.v";
