#! /Users/katrinalin/.apio/packages/oss-cad-suite/bin/vvp
:ivl_version "14.0 (devel)" "(s20251012-140-g5c6cdec6a)";
:ivl_delay_selection "TYPICAL";
:vpi_time_precision - 12;
:vpi_module "/Users/katrinalin/.apio/packages/oss-cad-suite/lib/ivl/system.vpi";
:vpi_module "/Users/katrinalin/.apio/packages/oss-cad-suite/lib/ivl/vhdl_sys.vpi";
:vpi_module "/Users/katrinalin/.apio/packages/oss-cad-suite/lib/ivl/vhdl_textio.vpi";
:vpi_module "/Users/katrinalin/.apio/packages/oss-cad-suite/lib/ivl/v2005_math.vpi";
:vpi_module "/Users/katrinalin/.apio/packages/oss-cad-suite/lib/ivl/va_math.vpi";
:vpi_module "/Users/katrinalin/.apio/packages/oss-cad-suite/lib/ivl/v2009.vpi";
S_0x122f101d0 .scope package, "$unit" "$unit" 2 1;
 .timescale 0 0;
S_0x122f0f7e0 .scope module, "ICESTORM_LC" "ICESTORM_LC" 3 2136;
 .timescale -12 -12;
    .port_info 0 /INPUT 1 "I0";
    .port_info 1 /INPUT 1 "I1";
    .port_info 2 /INPUT 1 "I2";
    .port_info 3 /INPUT 1 "I3";
    .port_info 4 /INPUT 1 "CIN";
    .port_info 5 /INPUT 1 "CLK";
    .port_info 6 /INPUT 1 "CEN";
    .port_info 7 /INPUT 1 "SR";
    .port_info 8 /OUTPUT 1 "LO";
    .port_info 9 /OUTPUT 1 "O";
    .port_info 10 /OUTPUT 1 "COUT";
P_0x122f10ac0 .param/l "ASYNC_SR" 0 3 2148, C4<0>;
P_0x122f10b00 .param/l "CARRY_ENABLE" 0 3 2145, C4<0>;
P_0x122f10b40 .param/l "CIN_CONST" 0 3 2150, C4<0>;
P_0x122f10b80 .param/l "CIN_SET" 0 3 2151, C4<0>;
P_0x122f10bc0 .param/l "DFF_ENABLE" 0 3 2146, C4<0>;
P_0x122f10c00 .param/l "LUT_INIT" 0 3 2142, C4<0000000000000000>;
P_0x122f10c40 .param/l "NEG_CLK" 0 3 2144, C4<0>;
P_0x122f10c80 .param/l "SET_NORESET" 0 3 2147, C4<0>;
o0x108008070 .functor BUFZ 1, c4<z>; HiZ drive
L_0x123988e50 .functor BUFZ 1, o0x108008070, C4<0>, C4<0>, C4<0>;
L_0x123991ff0 .functor BUFZ 1, L_0x113830490, C4<0>, C4<0>, C4<0>;
o0x1080080a0 .functor BUFZ 1, c4<z>; HiZ drive
L_0x128018298 .functor BUFT 1, C4<0>, C4<0>, C4<0>, C4<0>;
L_0x12399aaf0 .functor XOR 1, o0x1080080a0, L_0x128018298, C4<0>, C4<0>;
L_0x123948960 .functor BUFZ 1, L_0x113830490, C4<0>, C4<0>, C4<0>;
o0x108008010 .functor BUFZ 1, c4<z>; HiZ drive
v0x122f20970_0 .net "CEN", 0 0, o0x108008010;  0 drivers
v0x1239d4970_0 .net "CEN_pu", 0 0, L_0x11382ff00;  1 drivers
v0x12397a8a0_0 .net "CIN", 0 0, o0x108008070;  0 drivers
v0x1239789f0_0 .net "CLK", 0 0, o0x1080080a0;  0 drivers
L_0x1280181c0 .functor BUFT 1, C4<x>, C4<0>, C4<0>, C4<0>;
v0x123965540_0 .net "COUT", 0 0, L_0x1280181c0;  1 drivers
o0x108008100 .functor BUFZ 1, c4<z>; HiZ drive
v0x123965430_0 .net "I0", 0 0, o0x108008100;  0 drivers
v0x123962a70_0 .net "I0_pd", 0 0, L_0x11382f8c0;  1 drivers
o0x108008160 .functor BUFZ 1, c4<z>; HiZ drive
v0x123962960_0 .net "I1", 0 0, o0x108008160;  0 drivers
v0x123967d40_0 .net "I1_pd", 0 0, L_0x11382fa00;  1 drivers
o0x1080081c0 .functor BUFZ 1, c4<z>; HiZ drive
v0x12390ee30_0 .net "I2", 0 0, o0x1080081c0;  0 drivers
v0x1239c19e0_0 .net "I2_pd", 0 0, L_0x11382fb40;  1 drivers
o0x108008220 .functor BUFZ 1, c4<z>; HiZ drive
v0x123993370_0 .net "I3", 0 0, o0x108008220;  0 drivers
v0x1239647a0_0 .net "I3_pd", 0 0, L_0x11382fc80;  1 drivers
v0x123961cd0_0 .net "LO", 0 0, L_0x123991ff0;  1 drivers
v0x1239684f0_0 .net "O", 0 0, L_0x123948960;  1 drivers
o0x1080082e0 .functor BUFZ 1, c4<z>; HiZ drive
v0x12396e650_0 .net "SR", 0 0, o0x1080082e0;  0 drivers
v0x12398a580_0 .net "SR_pd", 0 0, L_0x11382fdc0;  1 drivers
o0x108008340 .functor BUFZ 1, c4<z>; HiZ drive
; Elide local net with no drivers, v0x1239097a0_0 name=_ivl_0
v0x123958f90_0 .net *"_ivl_10", 0 0, L_0x11382f960;  1 drivers
L_0x128018058 .functor BUFT 1, C4<0>, C4<0>, C4<0>, C4<0>;
v0x123967630_0 .net/2u *"_ivl_12", 0 0, L_0x128018058;  1 drivers
o0x1080083d0 .functor BUFZ 1, c4<z>; HiZ drive
; Elide local net with no drivers, v0x12396d690_0 name=_ivl_16
v0x12396a5f0_0 .net *"_ivl_18", 0 0, L_0x11382faa0;  1 drivers
v0x123976b60_0 .net *"_ivl_2", 0 0, L_0x11382f820;  1 drivers
L_0x1280180a0 .functor BUFT 1, C4<0>, C4<0>, C4<0>, C4<0>;
v0x1239f7f80_0 .net/2u *"_ivl_20", 0 0, L_0x1280180a0;  1 drivers
o0x108008490 .functor BUFZ 1, c4<z>; HiZ drive
; Elide local net with no drivers, v0x1239f8010_0 name=_ivl_24
v0x1239f0a60_0 .net *"_ivl_26", 0 0, L_0x11382fbe0;  1 drivers
L_0x1280180e8 .functor BUFT 1, C4<0>, C4<0>, C4<0>, C4<0>;
v0x1239f0af0_0 .net/2u *"_ivl_28", 0 0, L_0x1280180e8;  1 drivers
o0x108008520 .functor BUFZ 1, c4<z>; HiZ drive
; Elide local net with no drivers, v0x11380bf00_0 name=_ivl_32
v0x11380bf90_0 .net *"_ivl_34", 0 0, L_0x11382fd20;  1 drivers
L_0x128018130 .functor BUFT 1, C4<0>, C4<0>, C4<0>, C4<0>;
v0x1239e1610_0 .net/2u *"_ivl_36", 0 0, L_0x128018130;  1 drivers
L_0x128018010 .functor BUFT 1, C4<0>, C4<0>, C4<0>, C4<0>;
v0x1239e16a0_0 .net/2u *"_ivl_4", 0 0, L_0x128018010;  1 drivers
o0x1080085e0 .functor BUFZ 1, c4<z>; HiZ drive
; Elide local net with no drivers, v0x1239f1c30_0 name=_ivl_40
v0x1239f1cc0_0 .net *"_ivl_42", 0 0, L_0x11382fe60;  1 drivers
L_0x128018178 .functor BUFT 1, C4<1>, C4<0>, C4<0>, C4<0>;
v0x1239c1660_0 .net/2u *"_ivl_44", 0 0, L_0x128018178;  1 drivers
L_0x128018208 .functor BUFT 1, C4<00000000>, C4<0>, C4<0>, C4<0>;
v0x1239fd0e0_0 .net/2u *"_ivl_52", 7 0, L_0x128018208;  1 drivers
L_0x128018250 .functor BUFT 1, C4<00000000>, C4<0>, C4<0>, C4<0>;
v0x1239f2820_0 .net/2u *"_ivl_54", 7 0, L_0x128018250;  1 drivers
v0x1239f28b0_0 .net *"_ivl_59", 3 0, L_0x113830040;  1 drivers
v0x12399e270_0 .net *"_ivl_61", 3 0, L_0x1138300e0;  1 drivers
v0x12399e300_0 .net *"_ivl_65", 1 0, L_0x113830220;  1 drivers
v0x1239fd2e0_0 .net *"_ivl_67", 1 0, L_0x113830350;  1 drivers
v0x1239fd370_0 .net *"_ivl_71", 0 0, L_0x113830530;  1 drivers
v0x1239f9e60_0 .net *"_ivl_73", 0 0, L_0x1138305d0;  1 drivers
v0x1239f9ef0_0 .net/2u *"_ivl_78", 0 0, L_0x128018298;  1 drivers
o0x108008820 .functor BUFZ 1, c4<z>; HiZ drive
; Elide local net with no drivers, v0x1239fcbe0_0 name=_ivl_8
v0x1239fcc70_0 .net "lut_o", 0 0, L_0x113830490;  1 drivers
v0x1239f9720_0 .net "lut_s1", 1 0, L_0x1138303f0;  1 drivers
v0x1239f97b0_0 .net "lut_s2", 3 0, L_0x113830180;  1 drivers
v0x1138043f0_0 .net "lut_s3", 7 0, L_0x11382ffa0;  1 drivers
v0x113804480_0 .net "mux_cin", 0 0, L_0x123988e50;  1 drivers
v0x11380b840_0 .var "o_reg", 0 0;
v0x11380b8d0_0 .var "o_reg_async", 0 0;
v0x113807fa0_0 .net "polarized_clk", 0 0, L_0x12399aaf0;  1 drivers
E_0x122f07b50 .event posedge, v0x12398a580_0, v0x113807fa0_0;
E_0x122f105f0 .event posedge, v0x113807fa0_0;
L_0x11382f820 .cmp/eeq 1, o0x108008100, o0x108008340;
L_0x11382f8c0 .functor MUXZ 1, o0x108008100, L_0x128018010, L_0x11382f820, C4<>;
L_0x11382f960 .cmp/eeq 1, o0x108008160, o0x108008820;
L_0x11382fa00 .functor MUXZ 1, o0x108008160, L_0x128018058, L_0x11382f960, C4<>;
L_0x11382faa0 .cmp/eeq 1, o0x1080081c0, o0x1080083d0;
L_0x11382fb40 .functor MUXZ 1, o0x1080081c0, L_0x1280180a0, L_0x11382faa0, C4<>;
L_0x11382fbe0 .cmp/eeq 1, o0x108008220, o0x108008490;
L_0x11382fc80 .functor MUXZ 1, o0x108008220, L_0x1280180e8, L_0x11382fbe0, C4<>;
L_0x11382fd20 .cmp/eeq 1, o0x1080082e0, o0x108008520;
L_0x11382fdc0 .functor MUXZ 1, o0x1080082e0, L_0x128018130, L_0x11382fd20, C4<>;
L_0x11382fe60 .cmp/eeq 1, o0x108008010, o0x1080085e0;
L_0x11382ff00 .functor MUXZ 1, o0x108008010, L_0x128018178, L_0x11382fe60, C4<>;
L_0x11382ffa0 .functor MUXZ 8, L_0x128018250, L_0x128018208, L_0x11382fc80, C4<>;
L_0x113830040 .part L_0x11382ffa0, 4, 4;
L_0x1138300e0 .part L_0x11382ffa0, 0, 4;
L_0x113830180 .functor MUXZ 4, L_0x1138300e0, L_0x113830040, L_0x11382fb40, C4<>;
L_0x113830220 .part L_0x113830180, 2, 2;
L_0x113830350 .part L_0x113830180, 0, 2;
L_0x1138303f0 .functor MUXZ 2, L_0x113830350, L_0x113830220, L_0x11382fa00, C4<>;
L_0x113830530 .part L_0x1138303f0, 1, 1;
L_0x1138305d0 .part L_0x1138303f0, 0, 1;
L_0x113830490 .functor MUXZ 1, L_0x1138305d0, L_0x113830530, L_0x11382f8c0, C4<>;
S_0x122f0eb60 .scope module, "ICESTORM_RAM" "ICESTORM_RAM" 3 3167;
 .timescale -12 -12;
    .port_info 0 /OUTPUT 1 "RDATA_15";
    .port_info 1 /OUTPUT 1 "RDATA_14";
    .port_info 2 /OUTPUT 1 "RDATA_13";
    .port_info 3 /OUTPUT 1 "RDATA_12";
    .port_info 4 /OUTPUT 1 "RDATA_11";
    .port_info 5 /OUTPUT 1 "RDATA_10";
    .port_info 6 /OUTPUT 1 "RDATA_9";
    .port_info 7 /OUTPUT 1 "RDATA_8";
    .port_info 8 /OUTPUT 1 "RDATA_7";
    .port_info 9 /OUTPUT 1 "RDATA_6";
    .port_info 10 /OUTPUT 1 "RDATA_5";
    .port_info 11 /OUTPUT 1 "RDATA_4";
    .port_info 12 /OUTPUT 1 "RDATA_3";
    .port_info 13 /OUTPUT 1 "RDATA_2";
    .port_info 14 /OUTPUT 1 "RDATA_1";
    .port_info 15 /OUTPUT 1 "RDATA_0";
    .port_info 16 /INPUT 1 "RCLK";
    .port_info 17 /INPUT 1 "RCLKE";
    .port_info 18 /INPUT 1 "RE";
    .port_info 19 /INPUT 1 "RADDR_10";
    .port_info 20 /INPUT 1 "RADDR_9";
    .port_info 21 /INPUT 1 "RADDR_8";
    .port_info 22 /INPUT 1 "RADDR_7";
    .port_info 23 /INPUT 1 "RADDR_6";
    .port_info 24 /INPUT 1 "RADDR_5";
    .port_info 25 /INPUT 1 "RADDR_4";
    .port_info 26 /INPUT 1 "RADDR_3";
    .port_info 27 /INPUT 1 "RADDR_2";
    .port_info 28 /INPUT 1 "RADDR_1";
    .port_info 29 /INPUT 1 "RADDR_0";
    .port_info 30 /INPUT 1 "WCLK";
    .port_info 31 /INPUT 1 "WCLKE";
    .port_info 32 /INPUT 1 "WE";
    .port_info 33 /INPUT 1 "WADDR_10";
    .port_info 34 /INPUT 1 "WADDR_9";
    .port_info 35 /INPUT 1 "WADDR_8";
    .port_info 36 /INPUT 1 "WADDR_7";
    .port_info 37 /INPUT 1 "WADDR_6";
    .port_info 38 /INPUT 1 "WADDR_5";
    .port_info 39 /INPUT 1 "WADDR_4";
    .port_info 40 /INPUT 1 "WADDR_3";
    .port_info 41 /INPUT 1 "WADDR_2";
    .port_info 42 /INPUT 1 "WADDR_1";
    .port_info 43 /INPUT 1 "WADDR_0";
    .port_info 44 /INPUT 1 "MASK_15";
    .port_info 45 /INPUT 1 "MASK_14";
    .port_info 46 /INPUT 1 "MASK_13";
    .port_info 47 /INPUT 1 "MASK_12";
    .port_info 48 /INPUT 1 "MASK_11";
    .port_info 49 /INPUT 1 "MASK_10";
    .port_info 50 /INPUT 1 "MASK_9";
    .port_info 51 /INPUT 1 "MASK_8";
    .port_info 52 /INPUT 1 "MASK_7";
    .port_info 53 /INPUT 1 "MASK_6";
    .port_info 54 /INPUT 1 "MASK_5";
    .port_info 55 /INPUT 1 "MASK_4";
    .port_info 56 /INPUT 1 "MASK_3";
    .port_info 57 /INPUT 1 "MASK_2";
    .port_info 58 /INPUT 1 "MASK_1";
    .port_info 59 /INPUT 1 "MASK_0";
    .port_info 60 /INPUT 1 "WDATA_15";
    .port_info 61 /INPUT 1 "WDATA_14";
    .port_info 62 /INPUT 1 "WDATA_13";
    .port_info 63 /INPUT 1 "WDATA_12";
    .port_info 64 /INPUT 1 "WDATA_11";
    .port_info 65 /INPUT 1 "WDATA_10";
    .port_info 66 /INPUT 1 "WDATA_9";
    .port_info 67 /INPUT 1 "WDATA_8";
    .port_info 68 /INPUT 1 "WDATA_7";
    .port_info 69 /INPUT 1 "WDATA_6";
    .port_info 70 /INPUT 1 "WDATA_5";
    .port_info 71 /INPUT 1 "WDATA_4";
    .port_info 72 /INPUT 1 "WDATA_3";
    .port_info 73 /INPUT 1 "WDATA_2";
    .port_info 74 /INPUT 1 "WDATA_1";
    .port_info 75 /INPUT 1 "WDATA_0";
P_0x114008200 .param/l "INIT_0" 0 3 3182, C4<0000000000000000000000000000000000000000000000000000000000000000000000000000000000000000000000000000000000000000000000000000000000000000000000000000000000000000000000000000000000000000000000000000000000000000000000000000000000000000000000000000000000000000>;
P_0x114008240 .param/l "INIT_1" 0 3 3183, C4<0000000000000000000000000000000000000000000000000000000000000000000000000000000000000000000000000000000000000000000000000000000000000000000000000000000000000000000000000000000000000000000000000000000000000000000000000000000000000000000000000000000000000000>;
P_0x114008280 .param/l "INIT_2" 0 3 3184, C4<0000000000000000000000000000000000000000000000000000000000000000000000000000000000000000000000000000000000000000000000000000000000000000000000000000000000000000000000000000000000000000000000000000000000000000000000000000000000000000000000000000000000000000>;
P_0x1140082c0 .param/l "INIT_3" 0 3 3185, C4<0000000000000000000000000000000000000000000000000000000000000000000000000000000000000000000000000000000000000000000000000000000000000000000000000000000000000000000000000000000000000000000000000000000000000000000000000000000000000000000000000000000000000000>;
P_0x114008300 .param/l "INIT_4" 0 3 3186, C4<0000000000000000000000000000000000000000000000000000000000000000000000000000000000000000000000000000000000000000000000000000000000000000000000000000000000000000000000000000000000000000000000000000000000000000000000000000000000000000000000000000000000000000>;
P_0x114008340 .param/l "INIT_5" 0 3 3187, C4<0000000000000000000000000000000000000000000000000000000000000000000000000000000000000000000000000000000000000000000000000000000000000000000000000000000000000000000000000000000000000000000000000000000000000000000000000000000000000000000000000000000000000000>;
P_0x114008380 .param/l "INIT_6" 0 3 3188, C4<0000000000000000000000000000000000000000000000000000000000000000000000000000000000000000000000000000000000000000000000000000000000000000000000000000000000000000000000000000000000000000000000000000000000000000000000000000000000000000000000000000000000000000>;
P_0x1140083c0 .param/l "INIT_7" 0 3 3189, C4<0000000000000000000000000000000000000000000000000000000000000000000000000000000000000000000000000000000000000000000000000000000000000000000000000000000000000000000000000000000000000000000000000000000000000000000000000000000000000000000000000000000000000000>;
P_0x114008400 .param/l "INIT_8" 0 3 3190, C4<0000000000000000000000000000000000000000000000000000000000000000000000000000000000000000000000000000000000000000000000000000000000000000000000000000000000000000000000000000000000000000000000000000000000000000000000000000000000000000000000000000000000000000>;
P_0x114008440 .param/l "INIT_9" 0 3 3191, C4<0000000000000000000000000000000000000000000000000000000000000000000000000000000000000000000000000000000000000000000000000000000000000000000000000000000000000000000000000000000000000000000000000000000000000000000000000000000000000000000000000000000000000000>;
P_0x114008480 .param/l "INIT_A" 0 3 3192, C4<0000000000000000000000000000000000000000000000000000000000000000000000000000000000000000000000000000000000000000000000000000000000000000000000000000000000000000000000000000000000000000000000000000000000000000000000000000000000000000000000000000000000000000>;
P_0x1140084c0 .param/l "INIT_B" 0 3 3193, C4<0000000000000000000000000000000000000000000000000000000000000000000000000000000000000000000000000000000000000000000000000000000000000000000000000000000000000000000000000000000000000000000000000000000000000000000000000000000000000000000000000000000000000000>;
P_0x114008500 .param/l "INIT_C" 0 3 3194, C4<0000000000000000000000000000000000000000000000000000000000000000000000000000000000000000000000000000000000000000000000000000000000000000000000000000000000000000000000000000000000000000000000000000000000000000000000000000000000000000000000000000000000000000>;
P_0x114008540 .param/l "INIT_D" 0 3 3195, C4<0000000000000000000000000000000000000000000000000000000000000000000000000000000000000000000000000000000000000000000000000000000000000000000000000000000000000000000000000000000000000000000000000000000000000000000000000000000000000000000000000000000000000000>;
P_0x114008580 .param/l "INIT_E" 0 3 3196, C4<0000000000000000000000000000000000000000000000000000000000000000000000000000000000000000000000000000000000000000000000000000000000000000000000000000000000000000000000000000000000000000000000000000000000000000000000000000000000000000000000000000000000000000>;
P_0x1140085c0 .param/l "INIT_F" 0 3 3197, C4<0000000000000000000000000000000000000000000000000000000000000000000000000000000000000000000000000000000000000000000000000000000000000000000000000000000000000000000000000000000000000000000000000000000000000000000000000000000000000000000000000000000000000000>;
P_0x114008600 .param/l "NEG_CLK_R" 0 3 3179, C4<0>;
P_0x114008640 .param/l "NEG_CLK_W" 0 3 3180, C4<0>;
P_0x114008680 .param/l "READ_MODE" 0 3 3177, +C4<00000000000000000000000000000000>;
P_0x1140086c0 .param/l "WRITE_MODE" 0 3 3176, +C4<00000000000000000000000000000000>;
L_0x128018328 .functor BUFT 1, C4<0>, C4<0>, C4<0>, C4<0>;
L_0x113829610 .functor XOR 1, L_0x113831380, L_0x128018328, C4<0>, C4<0>;
L_0x128018370 .functor BUFT 1, C4<0>, C4<0>, C4<0>, C4<0>;
L_0x113819de0 .functor XOR 1, L_0x113831f70, L_0x128018370, C4<0>, C4<0>;
o0x1080091b0 .functor BUFZ 1, c4<z>; HiZ drive
v0x12399a820_0 .net "MASK_0", 0 0, o0x1080091b0;  0 drivers
o0x1080091e0 .functor BUFZ 1, c4<z>; HiZ drive
v0x12399a8b0_0 .net "MASK_1", 0 0, o0x1080091e0;  0 drivers
o0x108009210 .functor BUFZ 1, c4<z>; HiZ drive
v0x12399a940_0 .net "MASK_10", 0 0, o0x108009210;  0 drivers
o0x108009240 .functor BUFZ 1, c4<z>; HiZ drive
v0x12399a9d0_0 .net "MASK_11", 0 0, o0x108009240;  0 drivers
o0x108009270 .functor BUFZ 1, c4<z>; HiZ drive
v0x12399aa60_0 .net "MASK_12", 0 0, o0x108009270;  0 drivers
o0x1080092a0 .functor BUFZ 1, c4<z>; HiZ drive
v0x123991d20_0 .net "MASK_13", 0 0, o0x1080092a0;  0 drivers
o0x1080092d0 .functor BUFZ 1, c4<z>; HiZ drive
v0x123991db0_0 .net "MASK_14", 0 0, o0x1080092d0;  0 drivers
o0x108009300 .functor BUFZ 1, c4<z>; HiZ drive
v0x123991e40_0 .net "MASK_15", 0 0, o0x108009300;  0 drivers
o0x108009330 .functor BUFZ 1, c4<z>; HiZ drive
v0x123991ed0_0 .net "MASK_2", 0 0, o0x108009330;  0 drivers
o0x108009360 .functor BUFZ 1, c4<z>; HiZ drive
v0x123991f60_0 .net "MASK_3", 0 0, o0x108009360;  0 drivers
o0x108009390 .functor BUFZ 1, c4<z>; HiZ drive
v0x123988b80_0 .net "MASK_4", 0 0, o0x108009390;  0 drivers
o0x1080093c0 .functor BUFZ 1, c4<z>; HiZ drive
v0x123988c10_0 .net "MASK_5", 0 0, o0x1080093c0;  0 drivers
o0x1080093f0 .functor BUFZ 1, c4<z>; HiZ drive
v0x123988ca0_0 .net "MASK_6", 0 0, o0x1080093f0;  0 drivers
o0x108009420 .functor BUFZ 1, c4<z>; HiZ drive
v0x123988d30_0 .net "MASK_7", 0 0, o0x108009420;  0 drivers
o0x108009450 .functor BUFZ 1, c4<z>; HiZ drive
v0x123988dc0_0 .net "MASK_8", 0 0, o0x108009450;  0 drivers
o0x108009480 .functor BUFZ 1, c4<z>; HiZ drive
v0x123907f50_0 .net "MASK_9", 0 0, o0x108009480;  0 drivers
o0x1080094b0 .functor BUFZ 1, c4<z>; HiZ drive
v0x123907fe0_0 .net "RADDR_0", 0 0, o0x1080094b0;  0 drivers
o0x1080094e0 .functor BUFZ 1, c4<z>; HiZ drive
v0x123908170_0 .net "RADDR_1", 0 0, o0x1080094e0;  0 drivers
o0x108009510 .functor BUFZ 1, c4<z>; HiZ drive
v0x123908200_0 .net "RADDR_10", 0 0, o0x108009510;  0 drivers
o0x108009540 .functor BUFZ 1, c4<z>; HiZ drive
v0x12390b090_0 .net "RADDR_2", 0 0, o0x108009540;  0 drivers
o0x108009570 .functor BUFZ 1, c4<z>; HiZ drive
v0x12390b120_0 .net "RADDR_3", 0 0, o0x108009570;  0 drivers
o0x1080095a0 .functor BUFZ 1, c4<z>; HiZ drive
v0x12390b1b0_0 .net "RADDR_4", 0 0, o0x1080095a0;  0 drivers
o0x1080095d0 .functor BUFZ 1, c4<z>; HiZ drive
v0x12390b240_0 .net "RADDR_5", 0 0, o0x1080095d0;  0 drivers
o0x108009600 .functor BUFZ 1, c4<z>; HiZ drive
v0x12390b2d0_0 .net "RADDR_6", 0 0, o0x108009600;  0 drivers
o0x108009630 .functor BUFZ 1, c4<z>; HiZ drive
v0x1239d0760_0 .net "RADDR_7", 0 0, o0x108009630;  0 drivers
o0x108009660 .functor BUFZ 1, c4<z>; HiZ drive
v0x1239d07f0_0 .net "RADDR_8", 0 0, o0x108009660;  0 drivers
o0x108009690 .functor BUFZ 1, c4<z>; HiZ drive
v0x1239d0880_0 .net "RADDR_9", 0 0, o0x108009690;  0 drivers
o0x1080096c0 .functor BUFZ 1, c4<z>; HiZ drive
v0x1239d0910_0 .net "RCLK", 0 0, o0x1080096c0;  0 drivers
o0x1080096f0 .functor BUFZ 1, c4<z>; HiZ drive
v0x1239d09a0_0 .net "RCLKE", 0 0, o0x1080096f0;  0 drivers
v0x1239b82f0_0 .net "RDATA_0", 0 0, L_0x113830b80;  1 drivers
v0x1239b8380_0 .net "RDATA_1", 0 0, L_0x1138310e0;  1 drivers
v0x1239b8410_0 .net "RDATA_10", 0 0, L_0x113830a40;  1 drivers
v0x1239b84a0_0 .net "RDATA_11", 0 0, L_0x1138309a0;  1 drivers
v0x123908070_0 .net "RDATA_12", 0 0, L_0x113830900;  1 drivers
v0x1239b8530_0 .net "RDATA_13", 0 0, L_0x113830860;  1 drivers
v0x1239579f0_0 .net "RDATA_14", 0 0, L_0x1138307c0;  1 drivers
v0x123957a80_0 .net "RDATA_15", 0 0, L_0x113830720;  1 drivers
v0x12396e8c0_0 .net "RDATA_2", 0 0, L_0x113831040;  1 drivers
v0x12396e950_0 .net "RDATA_3", 0 0, L_0x113830fa0;  1 drivers
v0x12396e9e0_0 .net "RDATA_4", 0 0, L_0x113830f00;  1 drivers
v0x12396ea70_0 .net "RDATA_5", 0 0, L_0x113830e60;  1 drivers
v0x12396eb00_0 .net "RDATA_6", 0 0, L_0x113830dc0;  1 drivers
v0x12396eb90_0 .net "RDATA_7", 0 0, L_0x113830d20;  1 drivers
v0x1239796a0_0 .net "RDATA_8", 0 0, L_0x113830c80;  1 drivers
v0x123979730_0 .net "RDATA_9", 0 0, L_0x113830ae0;  1 drivers
o0x108009a20 .functor BUFZ 1, c4<z>; HiZ drive
v0x1239797c0_0 .net "RE", 0 0, o0x108009a20;  0 drivers
o0x108009a50 .functor BUFZ 1, c4<z>; HiZ drive
v0x123979850_0 .net "WADDR_0", 0 0, o0x108009a50;  0 drivers
o0x108009a80 .functor BUFZ 1, c4<z>; HiZ drive
v0x1239798e0_0 .net "WADDR_1", 0 0, o0x108009a80;  0 drivers
o0x108009ab0 .functor BUFZ 1, c4<z>; HiZ drive
v0x123979970_0 .net "WADDR_10", 0 0, o0x108009ab0;  0 drivers
o0x108009ae0 .functor BUFZ 1, c4<z>; HiZ drive
v0x123977810_0 .net "WADDR_2", 0 0, o0x108009ae0;  0 drivers
o0x108009b10 .functor BUFZ 1, c4<z>; HiZ drive
v0x1239778a0_0 .net "WADDR_3", 0 0, o0x108009b10;  0 drivers
o0x108009b40 .functor BUFZ 1, c4<z>; HiZ drive
v0x123977930_0 .net "WADDR_4", 0 0, o0x108009b40;  0 drivers
o0x108009b70 .functor BUFZ 1, c4<z>; HiZ drive
v0x1239779c0_0 .net "WADDR_5", 0 0, o0x108009b70;  0 drivers
o0x108009ba0 .functor BUFZ 1, c4<z>; HiZ drive
v0x123977a50_0 .net "WADDR_6", 0 0, o0x108009ba0;  0 drivers
o0x108009bd0 .functor BUFZ 1, c4<z>; HiZ drive
v0x123977ae0_0 .net "WADDR_7", 0 0, o0x108009bd0;  0 drivers
o0x108009c00 .functor BUFZ 1, c4<z>; HiZ drive
v0x123962c80_0 .net "WADDR_8", 0 0, o0x108009c00;  0 drivers
o0x108009c30 .functor BUFZ 1, c4<z>; HiZ drive
v0x123962d10_0 .net "WADDR_9", 0 0, o0x108009c30;  0 drivers
o0x108009c60 .functor BUFZ 1, c4<z>; HiZ drive
v0x123962da0_0 .net "WCLK", 0 0, o0x108009c60;  0 drivers
o0x108009c90 .functor BUFZ 1, c4<z>; HiZ drive
v0x123962e30_0 .net "WCLKE", 0 0, o0x108009c90;  0 drivers
o0x108009cc0 .functor BUFZ 1, c4<z>; HiZ drive
v0x123962ec0_0 .net "WDATA_0", 0 0, o0x108009cc0;  0 drivers
o0x108009cf0 .functor BUFZ 1, c4<z>; HiZ drive
v0x123962f50_0 .net "WDATA_1", 0 0, o0x108009cf0;  0 drivers
o0x108009d20 .functor BUFZ 1, c4<z>; HiZ drive
v0x1239601c0_0 .net "WDATA_10", 0 0, o0x108009d20;  0 drivers
o0x108009d50 .functor BUFZ 1, c4<z>; HiZ drive
v0x123960250_0 .net "WDATA_11", 0 0, o0x108009d50;  0 drivers
o0x108009d80 .functor BUFZ 1, c4<z>; HiZ drive
v0x1239602e0_0 .net "WDATA_12", 0 0, o0x108009d80;  0 drivers
o0x108009db0 .functor BUFZ 1, c4<z>; HiZ drive
v0x123960370_0 .net "WDATA_13", 0 0, o0x108009db0;  0 drivers
o0x108009de0 .functor BUFZ 1, c4<z>; HiZ drive
v0x123960400_0 .net "WDATA_14", 0 0, o0x108009de0;  0 drivers
o0x108009e10 .functor BUFZ 1, c4<z>; HiZ drive
v0x123960490_0 .net "WDATA_15", 0 0, o0x108009e10;  0 drivers
o0x108009e40 .functor BUFZ 1, c4<z>; HiZ drive
v0x1239577f0_0 .net "WDATA_2", 0 0, o0x108009e40;  0 drivers
o0x108009e70 .functor BUFZ 1, c4<z>; HiZ drive
v0x123957880_0 .net "WDATA_3", 0 0, o0x108009e70;  0 drivers
o0x108009ea0 .functor BUFZ 1, c4<z>; HiZ drive
v0x123957910_0 .net "WDATA_4", 0 0, o0x108009ea0;  0 drivers
o0x108009ed0 .functor BUFZ 1, c4<z>; HiZ drive
v0x123965750_0 .net "WDATA_5", 0 0, o0x108009ed0;  0 drivers
o0x108009f00 .functor BUFZ 1, c4<z>; HiZ drive
v0x1239657e0_0 .net "WDATA_6", 0 0, o0x108009f00;  0 drivers
o0x108009f30 .functor BUFZ 1, c4<z>; HiZ drive
v0x123965870_0 .net "WDATA_7", 0 0, o0x108009f30;  0 drivers
o0x108009f60 .functor BUFZ 1, c4<z>; HiZ drive
v0x123965900_0 .net "WDATA_8", 0 0, o0x108009f60;  0 drivers
o0x108009f90 .functor BUFZ 1, c4<z>; HiZ drive
v0x123965990_0 .net "WDATA_9", 0 0, o0x108009f90;  0 drivers
o0x108009fc0 .functor BUFZ 1, c4<z>; HiZ drive
v0x123965a20_0 .net "WE", 0 0, o0x108009fc0;  0 drivers
v0x12396b7e0_0 .net *"_ivl_100", 0 0, L_0x113832c90;  1 drivers
v0x12396b870_0 .net *"_ivl_102", 0 0, L_0x113832d30;  1 drivers
v0x12396b900_0 .net *"_ivl_104", 0 0, L_0x113833130;  1 drivers
v0x12396b990_0 .net *"_ivl_106", 0 0, L_0x1138331d0;  1 drivers
v0x12396ba20_0 .net *"_ivl_108", 0 0, L_0x113832f70;  1 drivers
v0x12396bab0_0 .net *"_ivl_110", 0 0, L_0x113833010;  1 drivers
v0x12390ba40_0 .net *"_ivl_112", 0 0, L_0x113833450;  1 drivers
v0x12390bad0_0 .net *"_ivl_114", 0 0, L_0x1138334f0;  1 drivers
v0x12390bb60_0 .net *"_ivl_116", 0 0, L_0x113833270;  1 drivers
v0x12390bbf0_0 .net *"_ivl_120", 0 0, L_0x1138333b0;  1 drivers
v0x12390bc80_0 .net *"_ivl_122", 0 0, L_0x113833790;  1 drivers
v0x12390bd10_0 .net *"_ivl_124", 0 0, L_0x113833590;  1 drivers
v0x123974fe0_0 .net *"_ivl_126", 0 0, L_0x113833630;  1 drivers
v0x123975070_0 .net *"_ivl_128", 0 0, L_0x1138336d0;  1 drivers
v0x123975100_0 .net *"_ivl_130", 0 0, L_0x113833a50;  1 drivers
v0x123975190_0 .net *"_ivl_132", 0 0, L_0x113833830;  1 drivers
v0x123975220_0 .net *"_ivl_134", 0 0, L_0x1138338d0;  1 drivers
v0x1239752b0_0 .net *"_ivl_136", 0 0, L_0x113833970;  1 drivers
v0x123914c90_0 .net *"_ivl_138", 0 0, L_0x113833d30;  1 drivers
v0x123914d20_0 .net *"_ivl_140", 0 0, L_0x113833af0;  1 drivers
v0x123914db0_0 .net *"_ivl_142", 0 0, L_0x113833b90;  1 drivers
v0x123914e40_0 .net *"_ivl_144", 0 0, L_0x113833c30;  1 drivers
v0x123914ed0_0 .net *"_ivl_146", 0 0, L_0x113834030;  1 drivers
v0x123914f60_0 .net *"_ivl_148", 0 0, L_0x113833dd0;  1 drivers
v0x1239126c0_0 .net *"_ivl_150", 0 0, L_0x113833e70;  1 drivers
v0x123912750_0 .net *"_ivl_18", 0 0, L_0x113831380;  1 drivers
v0x1239127e0_0 .net/2u *"_ivl_19", 0 0, L_0x128018328;  1 drivers
v0x123912870_0 .net *"_ivl_28", 0 0, L_0x113831600;  1 drivers
v0x123912900_0 .net *"_ivl_30", 0 0, L_0x1138316a0;  1 drivers
v0x123912990_0 .net *"_ivl_32", 0 0, L_0x113831560;  1 drivers
v0x123921300_0 .net *"_ivl_34", 0 0, L_0x1138317f0;  1 drivers
v0x123921390_0 .net *"_ivl_36", 0 0, L_0x113831950;  1 drivers
v0x123921420_0 .net *"_ivl_38", 0 0, L_0x113831740;  1 drivers
v0x1239214b0_0 .net *"_ivl_40", 0 0, L_0x113831ac0;  1 drivers
v0x123921540_0 .net *"_ivl_42", 0 0, L_0x113831890;  1 drivers
v0x1239215d0_0 .net *"_ivl_44", 0 0, L_0x113831c40;  1 drivers
v0x12391ed30_0 .net *"_ivl_46", 0 0, L_0x1138319f0;  1 drivers
v0x12391edc0_0 .net *"_ivl_48", 0 0, L_0x113831dd0;  1 drivers
v0x12391ee50_0 .net *"_ivl_52", 0 0, L_0x113831f70;  1 drivers
v0x12391eee0_0 .net/2u *"_ivl_53", 0 0, L_0x128018370;  1 drivers
v0x12391ef70_0 .net *"_ivl_62", 0 0, L_0x113832120;  1 drivers
v0x12391f000_0 .net *"_ivl_64", 0 0, L_0x113832010;  1 drivers
v0x12390f470_0 .net *"_ivl_66", 0 0, L_0x1138322e0;  1 drivers
v0x12390f500_0 .net *"_ivl_68", 0 0, L_0x1138321c0;  1 drivers
v0x12390f590_0 .net *"_ivl_70", 0 0, L_0x1138324b0;  1 drivers
v0x12390f620_0 .net *"_ivl_72", 0 0, L_0x113832380;  1 drivers
v0x12390f6b0_0 .net *"_ivl_74", 0 0, L_0x113832690;  1 drivers
v0x12390f740_0 .net *"_ivl_76", 0 0, L_0x113832550;  1 drivers
v0x12390e3f0_0 .net *"_ivl_78", 0 0, L_0x1138325f0;  1 drivers
v0x12390e480_0 .net *"_ivl_80", 0 0, L_0x113832890;  1 drivers
v0x12390e510_0 .net *"_ivl_82", 0 0, L_0x113832930;  1 drivers
v0x12390e5a0_0 .net *"_ivl_86", 0 0, L_0x1138327d0;  1 drivers
v0x12390e630_0 .net *"_ivl_88", 0 0, L_0x113832b50;  1 drivers
v0x12390e6c0_0 .net *"_ivl_90", 0 0, L_0x113832bf0;  1 drivers
v0x12397ad90_0 .net *"_ivl_92", 0 0, L_0x1138329d0;  1 drivers
v0x12397ae20_0 .net *"_ivl_94", 0 0, L_0x113832a70;  1 drivers
v0x12397aeb0_0 .net *"_ivl_96", 0 0, L_0x113832e30;  1 drivers
v0x12397af40_0 .net *"_ivl_98", 0 0, L_0x113832ed0;  1 drivers
L_0x113830720 .part v0x12394d910_0, 15, 1;
L_0x1138307c0 .part v0x12394d910_0, 14, 1;
L_0x113830860 .part v0x12394d910_0, 13, 1;
L_0x113830900 .part v0x12394d910_0, 12, 1;
L_0x1138309a0 .part v0x12394d910_0, 11, 1;
L_0x113830a40 .part v0x12394d910_0, 10, 1;
L_0x113830ae0 .part v0x12394d910_0, 9, 1;
L_0x113830c80 .part v0x12394d910_0, 8, 1;
L_0x113830d20 .part v0x12394d910_0, 7, 1;
L_0x113830dc0 .part v0x12394d910_0, 6, 1;
L_0x113830e60 .part v0x12394d910_0, 5, 1;
L_0x113830f00 .part v0x12394d910_0, 4, 1;
L_0x113830fa0 .part v0x12394d910_0, 3, 1;
L_0x113831040 .part v0x12394d910_0, 2, 1;
L_0x1138310e0 .part v0x12394d910_0, 1, 1;
L_0x113830b80 .part v0x12394d910_0, 0, 1;
L_0x113831380 .ufunc/vec4 TD_ICESTORM_RAM.pd, 1, o0x1080096c0 (v0x123968720_0) S_0x123928160;
L_0x113831420 .ufunc/vec4 TD_ICESTORM_RAM.pu, 1, o0x1080096f0 (v0x1239689b0_0) S_0x1239687b0;
L_0x1138314c0 .ufunc/vec4 TD_ICESTORM_RAM.pd, 1, o0x108009a20 (v0x123968720_0) S_0x123928160;
L_0x113831600 .ufunc/vec4 TD_ICESTORM_RAM.pd, 1, o0x108009510 (v0x123968720_0) S_0x123928160;
L_0x1138316a0 .ufunc/vec4 TD_ICESTORM_RAM.pd, 1, o0x108009690 (v0x123968720_0) S_0x123928160;
L_0x113831560 .ufunc/vec4 TD_ICESTORM_RAM.pd, 1, o0x108009660 (v0x123968720_0) S_0x123928160;
L_0x1138317f0 .ufunc/vec4 TD_ICESTORM_RAM.pd, 1, o0x108009630 (v0x123968720_0) S_0x123928160;
L_0x113831950 .ufunc/vec4 TD_ICESTORM_RAM.pd, 1, o0x108009600 (v0x123968720_0) S_0x123928160;
L_0x113831740 .ufunc/vec4 TD_ICESTORM_RAM.pd, 1, o0x1080095d0 (v0x123968720_0) S_0x123928160;
L_0x113831ac0 .ufunc/vec4 TD_ICESTORM_RAM.pd, 1, o0x1080095a0 (v0x123968720_0) S_0x123928160;
L_0x113831890 .ufunc/vec4 TD_ICESTORM_RAM.pd, 1, o0x108009570 (v0x123968720_0) S_0x123928160;
L_0x113831c40 .ufunc/vec4 TD_ICESTORM_RAM.pd, 1, o0x108009540 (v0x123968720_0) S_0x123928160;
L_0x1138319f0 .ufunc/vec4 TD_ICESTORM_RAM.pd, 1, o0x1080094e0 (v0x123968720_0) S_0x123928160;
L_0x113831dd0 .ufunc/vec4 TD_ICESTORM_RAM.pd, 1, o0x1080094b0 (v0x123968720_0) S_0x123928160;
LS_0x113831b60_0_0 .concat [ 1 1 1 1], L_0x113831dd0, L_0x1138319f0, L_0x113831c40, L_0x113831890;
LS_0x113831b60_0_4 .concat [ 1 1 1 1], L_0x113831ac0, L_0x113831740, L_0x113831950, L_0x1138317f0;
LS_0x113831b60_0_8 .concat [ 1 1 1 0], L_0x113831560, L_0x1138316a0, L_0x113831600;
L_0x113831b60 .concat [ 4 4 3 0], LS_0x113831b60_0_0, LS_0x113831b60_0_4, LS_0x113831b60_0_8;
L_0x113831f70 .ufunc/vec4 TD_ICESTORM_RAM.pd, 1, o0x108009c60 (v0x123968720_0) S_0x123928160;
L_0x113831ce0 .ufunc/vec4 TD_ICESTORM_RAM.pu, 1, o0x108009c90 (v0x1239689b0_0) S_0x1239687b0;
L_0x113831e70 .ufunc/vec4 TD_ICESTORM_RAM.pd, 1, o0x108009fc0 (v0x123968720_0) S_0x123928160;
L_0x113832120 .ufunc/vec4 TD_ICESTORM_RAM.pd, 1, o0x108009ab0 (v0x123968720_0) S_0x123928160;
L_0x113832010 .ufunc/vec4 TD_ICESTORM_RAM.pd, 1, o0x108009c30 (v0x123968720_0) S_0x123928160;
L_0x1138322e0 .ufunc/vec4 TD_ICESTORM_RAM.pd, 1, o0x108009c00 (v0x123968720_0) S_0x123928160;
L_0x1138321c0 .ufunc/vec4 TD_ICESTORM_RAM.pd, 1, o0x108009bd0 (v0x123968720_0) S_0x123928160;
L_0x1138324b0 .ufunc/vec4 TD_ICESTORM_RAM.pd, 1, o0x108009ba0 (v0x123968720_0) S_0x123928160;
L_0x113832380 .ufunc/vec4 TD_ICESTORM_RAM.pd, 1, o0x108009b70 (v0x123968720_0) S_0x123928160;
L_0x113832690 .ufunc/vec4 TD_ICESTORM_RAM.pd, 1, o0x108009b40 (v0x123968720_0) S_0x123928160;
L_0x113832550 .ufunc/vec4 TD_ICESTORM_RAM.pd, 1, o0x108009b10 (v0x123968720_0) S_0x123928160;
L_0x1138325f0 .ufunc/vec4 TD_ICESTORM_RAM.pd, 1, o0x108009ae0 (v0x123968720_0) S_0x123928160;
L_0x113832890 .ufunc/vec4 TD_ICESTORM_RAM.pd, 1, o0x108009a80 (v0x123968720_0) S_0x123928160;
L_0x113832930 .ufunc/vec4 TD_ICESTORM_RAM.pd, 1, o0x108009a50 (v0x123968720_0) S_0x123928160;
LS_0x113832730_0_0 .concat [ 1 1 1 1], L_0x113832930, L_0x113832890, L_0x1138325f0, L_0x113832550;
LS_0x113832730_0_4 .concat [ 1 1 1 1], L_0x113832690, L_0x113832380, L_0x1138324b0, L_0x1138321c0;
LS_0x113832730_0_8 .concat [ 1 1 1 0], L_0x1138322e0, L_0x113832010, L_0x113832120;
L_0x113832730 .concat [ 4 4 3 0], LS_0x113832730_0_0, LS_0x113832730_0_4, LS_0x113832730_0_8;
L_0x1138327d0 .ufunc/vec4 TD_ICESTORM_RAM.pd, 1, o0x108009300 (v0x123968720_0) S_0x123928160;
L_0x113832b50 .ufunc/vec4 TD_ICESTORM_RAM.pd, 1, o0x1080092d0 (v0x123968720_0) S_0x123928160;
L_0x113832bf0 .ufunc/vec4 TD_ICESTORM_RAM.pd, 1, o0x1080092a0 (v0x123968720_0) S_0x123928160;
L_0x1138329d0 .ufunc/vec4 TD_ICESTORM_RAM.pd, 1, o0x108009270 (v0x123968720_0) S_0x123928160;
L_0x113832a70 .ufunc/vec4 TD_ICESTORM_RAM.pd, 1, o0x108009240 (v0x123968720_0) S_0x123928160;
L_0x113832e30 .ufunc/vec4 TD_ICESTORM_RAM.pd, 1, o0x108009210 (v0x123968720_0) S_0x123928160;
L_0x113832ed0 .ufunc/vec4 TD_ICESTORM_RAM.pd, 1, o0x108009480 (v0x123968720_0) S_0x123928160;
L_0x113832c90 .ufunc/vec4 TD_ICESTORM_RAM.pd, 1, o0x108009450 (v0x123968720_0) S_0x123928160;
L_0x113832d30 .ufunc/vec4 TD_ICESTORM_RAM.pd, 1, o0x108009420 (v0x123968720_0) S_0x123928160;
L_0x113833130 .ufunc/vec4 TD_ICESTORM_RAM.pd, 1, o0x1080093f0 (v0x123968720_0) S_0x123928160;
L_0x1138331d0 .ufunc/vec4 TD_ICESTORM_RAM.pd, 1, o0x1080093c0 (v0x123968720_0) S_0x123928160;
L_0x113832f70 .ufunc/vec4 TD_ICESTORM_RAM.pd, 1, o0x108009390 (v0x123968720_0) S_0x123928160;
L_0x113833010 .ufunc/vec4 TD_ICESTORM_RAM.pd, 1, o0x108009360 (v0x123968720_0) S_0x123928160;
L_0x113833450 .ufunc/vec4 TD_ICESTORM_RAM.pd, 1, o0x108009330 (v0x123968720_0) S_0x123928160;
L_0x1138334f0 .ufunc/vec4 TD_ICESTORM_RAM.pd, 1, o0x1080091e0 (v0x123968720_0) S_0x123928160;
L_0x113833270 .ufunc/vec4 TD_ICESTORM_RAM.pd, 1, o0x1080091b0 (v0x123968720_0) S_0x123928160;
LS_0x113833310_0_0 .concat [ 1 1 1 1], L_0x113833270, L_0x1138334f0, L_0x113833450, L_0x113833010;
LS_0x113833310_0_4 .concat [ 1 1 1 1], L_0x113832f70, L_0x1138331d0, L_0x113833130, L_0x113832d30;
LS_0x113833310_0_8 .concat [ 1 1 1 1], L_0x113832c90, L_0x113832ed0, L_0x113832e30, L_0x113832a70;
LS_0x113833310_0_12 .concat [ 1 1 1 1], L_0x1138329d0, L_0x113832bf0, L_0x113832b50, L_0x1138327d0;
L_0x113833310 .concat [ 4 4 4 4], LS_0x113833310_0_0, LS_0x113833310_0_4, LS_0x113833310_0_8, LS_0x113833310_0_12;
L_0x1138333b0 .ufunc/vec4 TD_ICESTORM_RAM.pd, 1, o0x108009e10 (v0x123968720_0) S_0x123928160;
L_0x113833790 .ufunc/vec4 TD_ICESTORM_RAM.pd, 1, o0x108009de0 (v0x123968720_0) S_0x123928160;
L_0x113833590 .ufunc/vec4 TD_ICESTORM_RAM.pd, 1, o0x108009db0 (v0x123968720_0) S_0x123928160;
L_0x113833630 .ufunc/vec4 TD_ICESTORM_RAM.pd, 1, o0x108009d80 (v0x123968720_0) S_0x123928160;
L_0x1138336d0 .ufunc/vec4 TD_ICESTORM_RAM.pd, 1, o0x108009d50 (v0x123968720_0) S_0x123928160;
L_0x113833a50 .ufunc/vec4 TD_ICESTORM_RAM.pd, 1, o0x108009d20 (v0x123968720_0) S_0x123928160;
L_0x113833830 .ufunc/vec4 TD_ICESTORM_RAM.pd, 1, o0x108009f90 (v0x123968720_0) S_0x123928160;
L_0x1138338d0 .ufunc/vec4 TD_ICESTORM_RAM.pd, 1, o0x108009f60 (v0x123968720_0) S_0x123928160;
L_0x113833970 .ufunc/vec4 TD_ICESTORM_RAM.pd, 1, o0x108009f30 (v0x123968720_0) S_0x123928160;
L_0x113833d30 .ufunc/vec4 TD_ICESTORM_RAM.pd, 1, o0x108009f00 (v0x123968720_0) S_0x123928160;
L_0x113833af0 .ufunc/vec4 TD_ICESTORM_RAM.pd, 1, o0x108009ed0 (v0x123968720_0) S_0x123928160;
L_0x113833b90 .ufunc/vec4 TD_ICESTORM_RAM.pd, 1, o0x108009ea0 (v0x123968720_0) S_0x123928160;
L_0x113833c30 .ufunc/vec4 TD_ICESTORM_RAM.pd, 1, o0x108009e70 (v0x123968720_0) S_0x123928160;
L_0x113834030 .ufunc/vec4 TD_ICESTORM_RAM.pd, 1, o0x108009e40 (v0x123968720_0) S_0x123928160;
L_0x113833dd0 .ufunc/vec4 TD_ICESTORM_RAM.pd, 1, o0x108009cf0 (v0x123968720_0) S_0x123928160;
L_0x113833e70 .ufunc/vec4 TD_ICESTORM_RAM.pd, 1, o0x108009cc0 (v0x123968720_0) S_0x123928160;
LS_0x113833f10_0_0 .concat [ 1 1 1 1], L_0x113833e70, L_0x113833dd0, L_0x113834030, L_0x113833c30;
LS_0x113833f10_0_4 .concat [ 1 1 1 1], L_0x113833b90, L_0x113833af0, L_0x113833d30, L_0x113833970;
LS_0x113833f10_0_8 .concat [ 1 1 1 1], L_0x1138338d0, L_0x113833830, L_0x113833a50, L_0x1138336d0;
LS_0x113833f10_0_12 .concat [ 1 1 1 1], L_0x113833630, L_0x113833590, L_0x113833790, L_0x1138333b0;
L_0x113833f10 .concat [ 4 4 4 4], LS_0x113833f10_0_0, LS_0x113833f10_0_4, LS_0x113833f10_0_8, LS_0x113833f10_0_12;
S_0x1239fd5b0 .scope module, "RAM" "SB_RAM40_4K" 3 3233, 3 1487 0, S_0x122f0eb60;
 .timescale -12 -12;
    .port_info 0 /OUTPUT 16 "RDATA";
    .port_info 1 /INPUT 1 "RCLK";
    .port_info 2 /INPUT 1 "RCLKE";
    .port_info 3 /INPUT 1 "RE";
    .port_info 4 /INPUT 11 "RADDR";
    .port_info 5 /INPUT 1 "WCLK";
    .port_info 6 /INPUT 1 "WCLKE";
    .port_info 7 /INPUT 1 "WE";
    .port_info 8 /INPUT 11 "WADDR";
    .port_info 9 /INPUT 16 "MASK";
    .port_info 10 /INPUT 16 "WDATA";
P_0x113020400 .param/l "INIT_0" 0 3 1507, C4<0000000000000000000000000000000000000000000000000000000000000000000000000000000000000000000000000000000000000000000000000000000000000000000000000000000000000000000000000000000000000000000000000000000000000000000000000000000000000000000000000000000000000000>;
P_0x113020440 .param/l "INIT_1" 0 3 1508, C4<0000000000000000000000000000000000000000000000000000000000000000000000000000000000000000000000000000000000000000000000000000000000000000000000000000000000000000000000000000000000000000000000000000000000000000000000000000000000000000000000000000000000000000>;
P_0x113020480 .param/l "INIT_2" 0 3 1509, C4<0000000000000000000000000000000000000000000000000000000000000000000000000000000000000000000000000000000000000000000000000000000000000000000000000000000000000000000000000000000000000000000000000000000000000000000000000000000000000000000000000000000000000000>;
P_0x1130204c0 .param/l "INIT_3" 0 3 1510, C4<0000000000000000000000000000000000000000000000000000000000000000000000000000000000000000000000000000000000000000000000000000000000000000000000000000000000000000000000000000000000000000000000000000000000000000000000000000000000000000000000000000000000000000>;
P_0x113020500 .param/l "INIT_4" 0 3 1511, C4<0000000000000000000000000000000000000000000000000000000000000000000000000000000000000000000000000000000000000000000000000000000000000000000000000000000000000000000000000000000000000000000000000000000000000000000000000000000000000000000000000000000000000000>;
P_0x113020540 .param/l "INIT_5" 0 3 1512, C4<0000000000000000000000000000000000000000000000000000000000000000000000000000000000000000000000000000000000000000000000000000000000000000000000000000000000000000000000000000000000000000000000000000000000000000000000000000000000000000000000000000000000000000>;
P_0x113020580 .param/l "INIT_6" 0 3 1513, C4<0000000000000000000000000000000000000000000000000000000000000000000000000000000000000000000000000000000000000000000000000000000000000000000000000000000000000000000000000000000000000000000000000000000000000000000000000000000000000000000000000000000000000000>;
P_0x1130205c0 .param/l "INIT_7" 0 3 1514, C4<0000000000000000000000000000000000000000000000000000000000000000000000000000000000000000000000000000000000000000000000000000000000000000000000000000000000000000000000000000000000000000000000000000000000000000000000000000000000000000000000000000000000000000>;
P_0x113020600 .param/l "INIT_8" 0 3 1515, C4<0000000000000000000000000000000000000000000000000000000000000000000000000000000000000000000000000000000000000000000000000000000000000000000000000000000000000000000000000000000000000000000000000000000000000000000000000000000000000000000000000000000000000000>;
P_0x113020640 .param/l "INIT_9" 0 3 1516, C4<0000000000000000000000000000000000000000000000000000000000000000000000000000000000000000000000000000000000000000000000000000000000000000000000000000000000000000000000000000000000000000000000000000000000000000000000000000000000000000000000000000000000000000>;
P_0x113020680 .param/l "INIT_A" 0 3 1517, C4<0000000000000000000000000000000000000000000000000000000000000000000000000000000000000000000000000000000000000000000000000000000000000000000000000000000000000000000000000000000000000000000000000000000000000000000000000000000000000000000000000000000000000000>;
P_0x1130206c0 .param/l "INIT_B" 0 3 1518, C4<0000000000000000000000000000000000000000000000000000000000000000000000000000000000000000000000000000000000000000000000000000000000000000000000000000000000000000000000000000000000000000000000000000000000000000000000000000000000000000000000000000000000000000>;
P_0x113020700 .param/l "INIT_C" 0 3 1519, C4<0000000000000000000000000000000000000000000000000000000000000000000000000000000000000000000000000000000000000000000000000000000000000000000000000000000000000000000000000000000000000000000000000000000000000000000000000000000000000000000000000000000000000000>;
P_0x113020740 .param/l "INIT_D" 0 3 1520, C4<0000000000000000000000000000000000000000000000000000000000000000000000000000000000000000000000000000000000000000000000000000000000000000000000000000000000000000000000000000000000000000000000000000000000000000000000000000000000000000000000000000000000000000>;
P_0x113020780 .param/l "INIT_E" 0 3 1521, C4<0000000000000000000000000000000000000000000000000000000000000000000000000000000000000000000000000000000000000000000000000000000000000000000000000000000000000000000000000000000000000000000000000000000000000000000000000000000000000000000000000000000000000000>;
P_0x1130207c0 .param/l "INIT_F" 0 3 1522, C4<0000000000000000000000000000000000000000000000000000000000000000000000000000000000000000000000000000000000000000000000000000000000000000000000000000000000000000000000000000000000000000000000000000000000000000000000000000000000000000000000000000000000000000>;
P_0x113020800 .param/str "INIT_FILE" 0 3 1524, "\000";
P_0x113020840 .param/l "READ_MODE" 0 3 1505, +C4<00000000000000000000000000000000>;
P_0x113020880 .param/l "WRITE_MODE" 0 3 1504, +C4<00000000000000000000000000000000>;
v0x1239d70c0_0 .net "MASK", 15 0, L_0x113833310;  1 drivers
v0x113808030_0 .net "RADDR", 10 0, L_0x113831b60;  1 drivers
v0x12394d760_0 .net "RCLK", 0 0, L_0x113829610;  1 drivers
v0x12394d7f0_0 .net "RCLKE", 0 0, L_0x113831420;  1 drivers
v0x12394d880_0 .net "RDATA", 15 0, v0x12394d910_0;  1 drivers
v0x12394d910_0 .var "RDATA_I", 15 0;
v0x12394d9a0_0 .net "RE", 0 0, L_0x1138314c0;  1 drivers
L_0x1280182e0 .functor BUFT 1, C4<0000000000000000>, C4<0>, C4<0>, C4<0>;
v0x123952790_0 .net "RMASK_I", 15 0, L_0x1280182e0;  1 drivers
v0x123952820_0 .net "WADDR", 10 0, L_0x113832730;  1 drivers
v0x1239528b0_0 .net "WCLK", 0 0, L_0x113819de0;  1 drivers
v0x123952940_0 .net "WCLKE", 0 0, L_0x113831ce0;  1 drivers
v0x1239529d0_0 .net "WDATA", 15 0, L_0x113833f10;  1 drivers
v0x123948690_0 .net "WDATA_I", 15 0, L_0x12394da30;  1 drivers
v0x123948720_0 .net "WE", 0 0, L_0x113831e70;  1 drivers
v0x1239487b0_0 .net "WMASK_I", 15 0, L_0x123952a60;  1 drivers
v0x123948840_0 .var/i "i", 31 0;
v0x1239488d0 .array "memory", 255 0, 15 0;
E_0x12396a700 .event posedge, v0x12394d760_0;
E_0x11380b960 .event posedge, v0x1239528b0_0;
S_0x12396f1c0 .scope generate, "genblk1" "genblk1" 3 1534, 3 1534 0, S_0x1239fd5b0;
 .timescale -12 -12;
L_0x123952a60 .functor BUFZ 16, L_0x113833310, C4<0000000000000000>, C4<0000000000000000>, C4<0000000000000000>;
S_0x12396f330 .scope generate, "genblk2" "genblk2" 3 1555, 3 1555 0, S_0x1239fd5b0;
 .timescale -12 -12;
S_0x12397f810 .scope generate, "genblk3" "genblk3" 3 1576, 3 1576 0, S_0x1239fd5b0;
 .timescale -12 -12;
L_0x12394da30 .functor BUFZ 16, L_0x113833f10, C4<0000000000000000>, C4<0000000000000000>, C4<0000000000000000>;
S_0x12397f980 .scope generate, "genblk4" "genblk4" 3 1595, 3 1595 0, S_0x1239fd5b0;
 .timescale -12 -12;
S_0x123928160 .scope function.vec4.s1, "pd" "pd" 3 3200, 3 3200 0, S_0x122f0eb60;
 .timescale -12 -12;
; Variable pd is vec4 return value of scope S_0x123928160
v0x123968720_0 .var "x", 0 0;
TD_ICESTORM_RAM.pd ;
    %load/vec4 v0x123968720_0;
    %cmpi/e 0, 1, 1;
    %flag_mov 8, 6;
    %jmp/0 T_0.0, 8;
    %pushi/vec4 0, 0, 1;
    %jmp/1 T_0.1, 8;
T_0.0 ; End of true expr.
    %load/vec4 v0x123968720_0;
    %jmp/0 T_0.1, 8;
 ; End of false expr.
    %blend;
T_0.1;
    %ret/vec4 0, 0, 1;  Assign to pd (store_vec4_to_lval)
    %end;
S_0x1239687b0 .scope function.vec4.s1, "pu" "pu" 3 3207, 3 3207 0, S_0x122f0eb60;
 .timescale -12 -12;
; Variable pu is vec4 return value of scope S_0x1239687b0
v0x1239689b0_0 .var "x", 0 0;
TD_ICESTORM_RAM.pu ;
    %load/vec4 v0x1239689b0_0;
    %cmpi/e 0, 1, 1;
    %flag_mov 8, 6;
    %jmp/0 T_1.2, 8;
    %pushi/vec4 1, 0, 1;
    %jmp/1 T_1.3, 8;
T_1.2 ; End of true expr.
    %load/vec4 v0x1239689b0_0;
    %jmp/0 T_1.3, 8;
 ; End of false expr.
    %blend;
T_1.3;
    %ret/vec4 0, 0, 1;  Assign to pu (store_vec4_to_lval)
    %end;
S_0x122f114a0 .scope module, "SB_CARRY" "SB_CARRY" 3 228;
 .timescale -12 -12;
    .port_info 0 /OUTPUT 1 "CO";
    .port_info 1 /INPUT 1 "I0";
    .port_info 2 /INPUT 1 "I1";
    .port_info 3 /INPUT 1 "CI";
o0x10800b970 .functor BUFZ 1, c4<z>; HiZ drive
o0x10800b9a0 .functor BUFZ 1, c4<z>; HiZ drive
L_0x1138320b0 .functor AND 1, o0x10800b970, o0x10800b9a0, C4<1>, C4<1>;
L_0x113815040 .functor OR 1, o0x10800b970, o0x10800b9a0, C4<0>, C4<0>;
o0x10800b910 .functor BUFZ 1, c4<z>; HiZ drive
L_0x123950170 .functor AND 1, L_0x113815040, o0x10800b910, C4<1>, C4<1>;
L_0x12394fc70 .functor OR 1, L_0x1138320b0, L_0x123950170, C4<0>, C4<0>;
v0x1239770a0_0 .net "CI", 0 0, o0x10800b910;  0 drivers
v0x123977130_0 .net "CO", 0 0, L_0x12394fc70;  1 drivers
v0x12397afd0_0 .net "I0", 0 0, o0x10800b970;  0 drivers
v0x12397b060_0 .net "I1", 0 0, o0x10800b9a0;  0 drivers
v0x123926b20_0 .net *"_ivl_1", 0 0, L_0x1138320b0;  1 drivers
v0x123926bb0_0 .net *"_ivl_3", 0 0, L_0x113815040;  1 drivers
v0x123926c40_0 .net *"_ivl_5", 0 0, L_0x123950170;  1 drivers
S_0x122f11610 .scope module, "SB_DFF" "SB_DFF" 3 265;
 .timescale -12 -12;
    .port_info 0 /OUTPUT 1 "Q";
    .port_info 1 /INPUT 1 "C";
    .port_info 2 /INPUT 1 "D";
o0x10800bb20 .functor BUFZ 1, c4<z>; HiZ drive
v0x123926cd0_0 .net "C", 0 0, o0x10800bb20;  0 drivers
o0x10800bb50 .functor BUFZ 1, c4<z>; HiZ drive
v0x123926d60_0 .net "D", 0 0, o0x10800bb50;  0 drivers
v0x123926df0_0 .var "Q", 0 0;
E_0x1239d7150 .event posedge, v0x123926cd0_0;
S_0x122f117e0 .scope module, "SB_DFFE" "SB_DFFE" 3 303;
 .timescale -12 -12;
    .port_info 0 /OUTPUT 1 "Q";
    .port_info 1 /INPUT 1 "C";
    .port_info 2 /INPUT 1 "E";
    .port_info 3 /INPUT 1 "D";
o0x10800bc40 .functor BUFZ 1, c4<z>; HiZ drive
v0x1239139f0_0 .net "C", 0 0, o0x10800bc40;  0 drivers
o0x10800bc70 .functor BUFZ 1, c4<z>; HiZ drive
v0x123913a80_0 .net "D", 0 0, o0x10800bc70;  0 drivers
o0x10800bca0 .functor BUFZ 1, c4<z>; HiZ drive
v0x123913b10_0 .net "E", 0 0, o0x10800bca0;  0 drivers
v0x123913ba0_0 .var "Q", 0 0;
E_0x1239579a0 .event posedge, v0x1239139f0_0;
S_0x122f11a10 .scope module, "SB_DFFER" "SB_DFFER" 3 653;
 .timescale -12 -12;
    .port_info 0 /OUTPUT 1 "Q";
    .port_info 1 /INPUT 1 "C";
    .port_info 2 /INPUT 1 "E";
    .port_info 3 /INPUT 1 "R";
    .port_info 4 /INPUT 1 "D";
o0x10800bdc0 .functor BUFZ 1, c4<z>; HiZ drive
v0x123913c30_0 .net "C", 0 0, o0x10800bdc0;  0 drivers
o0x10800bdf0 .functor BUFZ 1, c4<z>; HiZ drive
v0x123913cc0_0 .net "D", 0 0, o0x10800bdf0;  0 drivers
o0x10800be20 .functor BUFZ 1, c4<z>; HiZ drive
v0x123911420_0 .net "E", 0 0, o0x10800be20;  0 drivers
v0x1239114b0_0 .var "Q", 0 0;
o0x10800be80 .functor BUFZ 1, c4<z>; HiZ drive
v0x123911540_0 .net "R", 0 0, o0x10800be80;  0 drivers
E_0x1239d4750 .event posedge, v0x123911540_0, v0x123913c30_0;
S_0x122f11c20 .scope module, "SB_DFFES" "SB_DFFES" 3 794;
 .timescale -12 -12;
    .port_info 0 /OUTPUT 1 "Q";
    .port_info 1 /INPUT 1 "C";
    .port_info 2 /INPUT 1 "E";
    .port_info 3 /INPUT 1 "S";
    .port_info 4 /INPUT 1 "D";
o0x10800bfa0 .functor BUFZ 1, c4<z>; HiZ drive
v0x1239115d0_0 .net "C", 0 0, o0x10800bfa0;  0 drivers
o0x10800bfd0 .functor BUFZ 1, c4<z>; HiZ drive
v0x123911660_0 .net "D", 0 0, o0x10800bfd0;  0 drivers
o0x10800c000 .functor BUFZ 1, c4<z>; HiZ drive
v0x1239116f0_0 .net "E", 0 0, o0x10800c000;  0 drivers
v0x1239102d0_0 .var "Q", 0 0;
o0x10800c060 .functor BUFZ 1, c4<z>; HiZ drive
v0x123910360_0 .net "S", 0 0, o0x10800c060;  0 drivers
E_0x1239d4430 .event posedge, v0x123910360_0, v0x1239115d0_0;
S_0x122f11e30 .scope module, "SB_DFFESR" "SB_DFFESR" 3 592;
 .timescale -12 -12;
    .port_info 0 /OUTPUT 1 "Q";
    .port_info 1 /INPUT 1 "C";
    .port_info 2 /INPUT 1 "E";
    .port_info 3 /INPUT 1 "R";
    .port_info 4 /INPUT 1 "D";
o0x10800c180 .functor BUFZ 1, c4<z>; HiZ drive
v0x1239103f0_0 .net "C", 0 0, o0x10800c180;  0 drivers
o0x10800c1b0 .functor BUFZ 1, c4<z>; HiZ drive
v0x123910480_0 .net "D", 0 0, o0x10800c1b0;  0 drivers
o0x10800c1e0 .functor BUFZ 1, c4<z>; HiZ drive
v0x123910510_0 .net "E", 0 0, o0x10800c1e0;  0 drivers
v0x1239105a0_0 .var "Q", 0 0;
o0x10800c240 .functor BUFZ 1, c4<z>; HiZ drive
v0x123920060_0 .net "R", 0 0, o0x10800c240;  0 drivers
E_0x1239cf7e0 .event posedge, v0x1239103f0_0;
S_0x122f120a0 .scope module, "SB_DFFESS" "SB_DFFESS" 3 733;
 .timescale -12 -12;
    .port_info 0 /OUTPUT 1 "Q";
    .port_info 1 /INPUT 1 "C";
    .port_info 2 /INPUT 1 "E";
    .port_info 3 /INPUT 1 "S";
    .port_info 4 /INPUT 1 "D";
o0x10800c360 .functor BUFZ 1, c4<z>; HiZ drive
v0x1239200f0_0 .net "C", 0 0, o0x10800c360;  0 drivers
o0x10800c390 .functor BUFZ 1, c4<z>; HiZ drive
v0x123920180_0 .net "D", 0 0, o0x10800c390;  0 drivers
o0x10800c3c0 .functor BUFZ 1, c4<z>; HiZ drive
v0x123920210_0 .net "E", 0 0, o0x10800c3c0;  0 drivers
v0x1239202a0_0 .var "Q", 0 0;
o0x10800c420 .functor BUFZ 1, c4<z>; HiZ drive
v0x123920330_0 .net "S", 0 0, o0x10800c420;  0 drivers
E_0x1239cfba0 .event posedge, v0x1239200f0_0;
S_0x122f12390 .scope module, "SB_DFFN" "SB_DFFN" 3 876;
 .timescale -12 -12;
    .port_info 0 /OUTPUT 1 "Q";
    .port_info 1 /INPUT 1 "C";
    .port_info 2 /INPUT 1 "D";
o0x10800c540 .functor BUFZ 1, c4<z>; HiZ drive
v0x12391da90_0 .net "C", 0 0, o0x10800c540;  0 drivers
o0x10800c570 .functor BUFZ 1, c4<z>; HiZ drive
v0x12391db20_0 .net "D", 0 0, o0x10800c570;  0 drivers
v0x12391dbb0_0 .var "Q", 0 0;
E_0x1239cf610 .event negedge, v0x12391da90_0;
S_0x122f12590 .scope module, "SB_DFFNE" "SB_DFFNE" 3 914;
 .timescale -12 -12;
    .port_info 0 /OUTPUT 1 "Q";
    .port_info 1 /INPUT 1 "C";
    .port_info 2 /INPUT 1 "E";
    .port_info 3 /INPUT 1 "D";
o0x10800c660 .functor BUFZ 1, c4<z>; HiZ drive
v0x12391dc40_0 .net "C", 0 0, o0x10800c660;  0 drivers
o0x10800c690 .functor BUFZ 1, c4<z>; HiZ drive
v0x12391dcd0_0 .net "D", 0 0, o0x10800c690;  0 drivers
o0x10800c6c0 .functor BUFZ 1, c4<z>; HiZ drive
v0x12391dd60_0 .net "E", 0 0, o0x10800c6c0;  0 drivers
v0x12391c940_0 .var "Q", 0 0;
E_0x1239cbd90 .event negedge, v0x12391dc40_0;
S_0x122f127b0 .scope module, "SB_DFFNER" "SB_DFFNER" 3 1264;
 .timescale -12 -12;
    .port_info 0 /OUTPUT 1 "Q";
    .port_info 1 /INPUT 1 "C";
    .port_info 2 /INPUT 1 "E";
    .port_info 3 /INPUT 1 "R";
    .port_info 4 /INPUT 1 "D";
o0x10800c7e0 .functor BUFZ 1, c4<z>; HiZ drive
v0x12391c9d0_0 .net "C", 0 0, o0x10800c7e0;  0 drivers
o0x10800c810 .functor BUFZ 1, c4<z>; HiZ drive
v0x12391ca60_0 .net "D", 0 0, o0x10800c810;  0 drivers
o0x10800c840 .functor BUFZ 1, c4<z>; HiZ drive
v0x12391caf0_0 .net "E", 0 0, o0x10800c840;  0 drivers
v0x12391cb80_0 .var "Q", 0 0;
o0x10800c8a0 .functor BUFZ 1, c4<z>; HiZ drive
v0x12391cc10_0 .net "R", 0 0, o0x10800c8a0;  0 drivers
E_0x1239cc5c0/0 .event negedge, v0x12391c9d0_0;
E_0x1239cc5c0/1 .event posedge, v0x12391cc10_0;
E_0x1239cc5c0 .event/or E_0x1239cc5c0/0, E_0x1239cc5c0/1;
S_0x122f12a20 .scope module, "SB_DFFNES" "SB_DFFNES" 3 1405;
 .timescale -12 -12;
    .port_info 0 /OUTPUT 1 "Q";
    .port_info 1 /INPUT 1 "C";
    .port_info 2 /INPUT 1 "E";
    .port_info 3 /INPUT 1 "S";
    .port_info 4 /INPUT 1 "D";
o0x10800c9c0 .functor BUFZ 1, c4<z>; HiZ drive
v0x1239253a0_0 .net "C", 0 0, o0x10800c9c0;  0 drivers
o0x10800c9f0 .functor BUFZ 1, c4<z>; HiZ drive
v0x123925430_0 .net "D", 0 0, o0x10800c9f0;  0 drivers
o0x10800ca20 .functor BUFZ 1, c4<z>; HiZ drive
v0x1239254c0_0 .net "E", 0 0, o0x10800ca20;  0 drivers
v0x123925550_0 .var "Q", 0 0;
o0x10800ca80 .functor BUFZ 1, c4<z>; HiZ drive
v0x1239255e0_0 .net "S", 0 0, o0x10800ca80;  0 drivers
E_0x1239cd200/0 .event negedge, v0x1239253a0_0;
E_0x1239cd200/1 .event posedge, v0x1239255e0_0;
E_0x1239cd200 .event/or E_0x1239cd200/0, E_0x1239cd200/1;
S_0x122f12c90 .scope module, "SB_DFFNESR" "SB_DFFNESR" 3 1203;
 .timescale -12 -12;
    .port_info 0 /OUTPUT 1 "Q";
    .port_info 1 /INPUT 1 "C";
    .port_info 2 /INPUT 1 "E";
    .port_info 3 /INPUT 1 "R";
    .port_info 4 /INPUT 1 "D";
o0x10800cba0 .functor BUFZ 1, c4<z>; HiZ drive
v0x123925670_0 .net "C", 0 0, o0x10800cba0;  0 drivers
o0x10800cbd0 .functor BUFZ 1, c4<z>; HiZ drive
v0x123923db0_0 .net "D", 0 0, o0x10800cbd0;  0 drivers
o0x10800cc00 .functor BUFZ 1, c4<z>; HiZ drive
v0x123923e40_0 .net "E", 0 0, o0x10800cc00;  0 drivers
v0x123923ed0_0 .var "Q", 0 0;
o0x10800cc60 .functor BUFZ 1, c4<z>; HiZ drive
v0x123923f60_0 .net "R", 0 0, o0x10800cc60;  0 drivers
E_0x1239ccfd0 .event negedge, v0x123925670_0;
S_0x122f12f00 .scope module, "SB_DFFNESS" "SB_DFFNESS" 3 1344;
 .timescale -12 -12;
    .port_info 0 /OUTPUT 1 "Q";
    .port_info 1 /INPUT 1 "C";
    .port_info 2 /INPUT 1 "E";
    .port_info 3 /INPUT 1 "S";
    .port_info 4 /INPUT 1 "D";
o0x10800cd80 .functor BUFZ 1, c4<z>; HiZ drive
v0x123923ff0_0 .net "C", 0 0, o0x10800cd80;  0 drivers
o0x10800cdb0 .functor BUFZ 1, c4<z>; HiZ drive
v0x123924080_0 .net "D", 0 0, o0x10800cdb0;  0 drivers
o0x10800cde0 .functor BUFZ 1, c4<z>; HiZ drive
v0x123922630_0 .net "E", 0 0, o0x10800cde0;  0 drivers
v0x1239226c0_0 .var "Q", 0 0;
o0x10800ce40 .functor BUFZ 1, c4<z>; HiZ drive
v0x123922750_0 .net "S", 0 0, o0x10800ce40;  0 drivers
E_0x1239ccb60 .event negedge, v0x123923ff0_0;
S_0x122f13170 .scope module, "SB_DFFNR" "SB_DFFNR" 3 1011;
 .timescale -12 -12;
    .port_info 0 /OUTPUT 1 "Q";
    .port_info 1 /INPUT 1 "C";
    .port_info 2 /INPUT 1 "R";
    .port_info 3 /INPUT 1 "D";
o0x10800cf60 .functor BUFZ 1, c4<z>; HiZ drive
v0x1239227e0_0 .net "C", 0 0, o0x10800cf60;  0 drivers
o0x10800cf90 .functor BUFZ 1, c4<z>; HiZ drive
v0x123922870_0 .net "D", 0 0, o0x10800cf90;  0 drivers
v0x123922900_0 .var "Q", 0 0;
o0x10800cff0 .functor BUFZ 1, c4<z>; HiZ drive
v0x12391baa0_0 .net "R", 0 0, o0x10800cff0;  0 drivers
E_0x1239ccda0/0 .event negedge, v0x1239227e0_0;
E_0x1239ccda0/1 .event posedge, v0x12391baa0_0;
E_0x1239ccda0 .event/or E_0x1239ccda0/0, E_0x1239ccda0/1;
S_0x122f133b0 .scope module, "SB_DFFNS" "SB_DFFNS" 3 1132;
 .timescale -12 -12;
    .port_info 0 /OUTPUT 1 "Q";
    .port_info 1 /INPUT 1 "C";
    .port_info 2 /INPUT 1 "S";
    .port_info 3 /INPUT 1 "D";
o0x10800d0e0 .functor BUFZ 1, c4<z>; HiZ drive
v0x12391bb30_0 .net "C", 0 0, o0x10800d0e0;  0 drivers
o0x10800d110 .functor BUFZ 1, c4<z>; HiZ drive
v0x12391bbc0_0 .net "D", 0 0, o0x10800d110;  0 drivers
v0x12391bc50_0 .var "Q", 0 0;
o0x10800d170 .functor BUFZ 1, c4<z>; HiZ drive
v0x12391bce0_0 .net "S", 0 0, o0x10800d170;  0 drivers
E_0x1239cba90/0 .event negedge, v0x12391bb30_0;
E_0x1239cba90/1 .event posedge, v0x12391bce0_0;
E_0x1239cba90 .event/or E_0x1239cba90/0, E_0x1239cba90/1;
S_0x122f136f0 .scope module, "SB_DFFNSR" "SB_DFFNSR" 3 961;
 .timescale -12 -12;
    .port_info 0 /OUTPUT 1 "Q";
    .port_info 1 /INPUT 1 "C";
    .port_info 2 /INPUT 1 "R";
    .port_info 3 /INPUT 1 "D";
o0x10800d260 .functor BUFZ 1, c4<z>; HiZ drive
v0x12391bd70_0 .net "C", 0 0, o0x10800d260;  0 drivers
o0x10800d290 .functor BUFZ 1, c4<z>; HiZ drive
v0x12391a4b0_0 .net "D", 0 0, o0x10800d290;  0 drivers
v0x12391a540_0 .var "Q", 0 0;
o0x10800d2f0 .functor BUFZ 1, c4<z>; HiZ drive
v0x12391a5d0_0 .net "R", 0 0, o0x10800d2f0;  0 drivers
E_0x1239d7630 .event negedge, v0x12391bd70_0;
S_0x122f13910 .scope module, "SB_DFFNSS" "SB_DFFNSS" 3 1082;
 .timescale -12 -12;
    .port_info 0 /OUTPUT 1 "Q";
    .port_info 1 /INPUT 1 "C";
    .port_info 2 /INPUT 1 "S";
    .port_info 3 /INPUT 1 "D";
o0x10800d3e0 .functor BUFZ 1, c4<z>; HiZ drive
v0x12391a660_0 .net "C", 0 0, o0x10800d3e0;  0 drivers
o0x10800d410 .functor BUFZ 1, c4<z>; HiZ drive
v0x12391a6f0_0 .net "D", 0 0, o0x10800d410;  0 drivers
v0x12391a780_0 .var "Q", 0 0;
o0x10800d470 .functor BUFZ 1, c4<z>; HiZ drive
v0x123918d30_0 .net "S", 0 0, o0x10800d470;  0 drivers
E_0x1239d7430 .event negedge, v0x12391a660_0;
S_0x122f13b00 .scope module, "SB_DFFR" "SB_DFFR" 3 400;
 .timescale -12 -12;
    .port_info 0 /OUTPUT 1 "Q";
    .port_info 1 /INPUT 1 "C";
    .port_info 2 /INPUT 1 "R";
    .port_info 3 /INPUT 1 "D";
o0x10800d560 .functor BUFZ 1, c4<z>; HiZ drive
v0x123918dc0_0 .net "C", 0 0, o0x10800d560;  0 drivers
o0x10800d590 .functor BUFZ 1, c4<z>; HiZ drive
v0x123918e50_0 .net "D", 0 0, o0x10800d590;  0 drivers
v0x123918ee0_0 .var "Q", 0 0;
o0x10800d5f0 .functor BUFZ 1, c4<z>; HiZ drive
v0x123918f70_0 .net "R", 0 0, o0x10800d5f0;  0 drivers
E_0x1239d7b10 .event posedge, v0x123918f70_0, v0x123918dc0_0;
S_0x122f13d40 .scope module, "SB_DFFS" "SB_DFFS" 3 521;
 .timescale -12 -12;
    .port_info 0 /OUTPUT 1 "Q";
    .port_info 1 /INPUT 1 "C";
    .port_info 2 /INPUT 1 "S";
    .port_info 3 /INPUT 1 "D";
o0x10800d6e0 .functor BUFZ 1, c4<z>; HiZ drive
v0x123919000_0 .net "C", 0 0, o0x10800d6e0;  0 drivers
o0x10800d710 .functor BUFZ 1, c4<z>; HiZ drive
v0x123917740_0 .net "D", 0 0, o0x10800d710;  0 drivers
v0x1239177d0_0 .var "Q", 0 0;
o0x10800d770 .functor BUFZ 1, c4<z>; HiZ drive
v0x123917860_0 .net "S", 0 0, o0x10800d770;  0 drivers
E_0x1239d78a0 .event posedge, v0x123917860_0, v0x123919000_0;
S_0x122f13f80 .scope module, "SB_DFFSR" "SB_DFFSR" 3 350;
 .timescale -12 -12;
    .port_info 0 /OUTPUT 1 "Q";
    .port_info 1 /INPUT 1 "C";
    .port_info 2 /INPUT 1 "R";
    .port_info 3 /INPUT 1 "D";
o0x10800d860 .functor BUFZ 1, c4<z>; HiZ drive
v0x1239178f0_0 .net "C", 0 0, o0x10800d860;  0 drivers
o0x10800d890 .functor BUFZ 1, c4<z>; HiZ drive
v0x123917980_0 .net "D", 0 0, o0x10800d890;  0 drivers
v0x123917a10_0 .var "Q", 0 0;
o0x10800d8f0 .functor BUFZ 1, c4<z>; HiZ drive
v0x123915fc0_0 .net "R", 0 0, o0x10800d8f0;  0 drivers
E_0x12396ef40 .event posedge, v0x1239178f0_0;
S_0x122f141c0 .scope module, "SB_DFFSS" "SB_DFFSS" 3 471;
 .timescale -12 -12;
    .port_info 0 /OUTPUT 1 "Q";
    .port_info 1 /INPUT 1 "C";
    .port_info 2 /INPUT 1 "S";
    .port_info 3 /INPUT 1 "D";
o0x10800d9e0 .functor BUFZ 1, c4<z>; HiZ drive
v0x123916050_0 .net "C", 0 0, o0x10800d9e0;  0 drivers
o0x10800da10 .functor BUFZ 1, c4<z>; HiZ drive
v0x1239160e0_0 .net "D", 0 0, o0x10800da10;  0 drivers
v0x123916170_0 .var "Q", 0 0;
o0x10800da70 .functor BUFZ 1, c4<z>; HiZ drive
v0x123916200_0 .net "S", 0 0, o0x10800da70;  0 drivers
E_0x12396ed70 .event posedge, v0x123916050_0;
S_0x122f14400 .scope module, "SB_FILTER_50NS" "SB_FILTER_50NS" 3 2856;
 .timescale -12 -12;
    .port_info 0 /INPUT 1 "FILTERIN";
    .port_info 1 /OUTPUT 1 "FILTEROUT";
o0x10800db60 .functor BUFZ 1, c4<z>; HiZ drive
v0x123916290_0 .net "FILTERIN", 0 0, o0x10800db60;  0 drivers
o0x10800db90 .functor BUFZ 1, c4<z>; HiZ drive
v0x123978ed0_0 .net "FILTEROUT", 0 0, o0x10800db90;  0 drivers
S_0x122f145d0 .scope module, "SB_GB" "SB_GB" 3 162;
 .timescale -12 -12;
    .port_info 0 /INPUT 1 "USER_SIGNAL_TO_GLOBAL_BUFFER";
    .port_info 1 /OUTPUT 1 "GLOBAL_BUFFER_OUTPUT";
o0x10800dc50 .functor BUFZ 1, c4<z>; HiZ drive
L_0x12394fe70 .functor BUFZ 1, o0x10800dc50, C4<0>, C4<0>, C4<0>;
v0x123978f60_0 .net "GLOBAL_BUFFER_OUTPUT", 0 0, L_0x12394fe70;  1 drivers
v0x123978ff0_0 .net "USER_SIGNAL_TO_GLOBAL_BUFFER", 0 0, o0x10800dc50;  0 drivers
S_0x122f14780 .scope module, "SB_GB_IO" "SB_GB_IO" 3 123;
 .timescale -12 -12;
    .port_info 0 /INOUT 1 "PACKAGE_PIN";
    .port_info 1 /OUTPUT 1 "GLOBAL_BUFFER_OUTPUT";
    .port_info 2 /INPUT 1 "LATCH_INPUT_VALUE";
    .port_info 3 /INPUT 1 "CLOCK_ENABLE";
    .port_info 4 /INPUT 1 "INPUT_CLK";
    .port_info 5 /INPUT 1 "OUTPUT_CLK";
    .port_info 6 /INPUT 1 "OUTPUT_ENABLE";
    .port_info 7 /INPUT 1 "D_OUT_0";
    .port_info 8 /INPUT 1 "D_OUT_1";
    .port_info 9 /OUTPUT 1 "D_IN_0";
    .port_info 10 /OUTPUT 1 "D_IN_1";
P_0x122f148f0 .param/str "IO_STANDARD" 0 3 139, "SB_LVCMOS";
P_0x122f14930 .param/l "NEG_TRIGGER" 0 3 138, C4<0>;
P_0x122f14970 .param/l "PIN_TYPE" 0 3 136, C4<000000>;
P_0x122f149b0 .param/l "PULLUP" 0 3 137, C4<0>;
o0x10800de90 .functor BUFZ 1, c4<z>; HiZ drive
L_0x12394ff70 .functor BUFZ 1, o0x10800de90, C4<0>, C4<0>, C4<0>;
o0x10800dce0 .functor BUFZ 1, c4<z>; HiZ drive
v0x1138138a0_0 .net "CLOCK_ENABLE", 0 0, o0x10800dce0;  0 drivers
v0x113813930_0 .net "D_IN_0", 0 0, L_0x12394fa70;  1 drivers
v0x1138139c0_0 .net "D_IN_1", 0 0, L_0x12394fb70;  1 drivers
o0x10800dd70 .functor BUFZ 1, c4<z>; HiZ drive
v0x113813a50_0 .net "D_OUT_0", 0 0, o0x10800dd70;  0 drivers
o0x10800dda0 .functor BUFZ 1, c4<z>; HiZ drive
v0x113813ae0_0 .net "D_OUT_1", 0 0, o0x10800dda0;  0 drivers
v0x113813b70_0 .net "GLOBAL_BUFFER_OUTPUT", 0 0, L_0x12394ff70;  1 drivers
o0x10800ddd0 .functor BUFZ 1, c4<z>; HiZ drive
v0x113813c00_0 .net "INPUT_CLK", 0 0, o0x10800ddd0;  0 drivers
o0x10800de00 .functor BUFZ 1, c4<z>; HiZ drive
v0x113813c90_0 .net "LATCH_INPUT_VALUE", 0 0, o0x10800de00;  0 drivers
o0x10800de30 .functor BUFZ 1, c4<z>; HiZ drive
v0x113813d20_0 .net "OUTPUT_CLK", 0 0, o0x10800de30;  0 drivers
o0x10800de60 .functor BUFZ 1, c4<z>; HiZ drive
v0x113813db0_0 .net "OUTPUT_ENABLE", 0 0, o0x10800de60;  0 drivers
v0x113813e40_0 .net "PACKAGE_PIN", 0 0, o0x10800de90;  0 drivers
S_0x123979080 .scope module, "IO" "SB_IO" 3 148, 3 17 0, S_0x122f14780;
 .timescale -12 -12;
    .port_info 0 /INOUT 1 "PACKAGE_PIN";
    .port_info 1 /INPUT 1 "LATCH_INPUT_VALUE";
    .port_info 2 /INPUT 1 "CLOCK_ENABLE";
    .port_info 3 /INPUT 1 "INPUT_CLK";
    .port_info 4 /INPUT 1 "OUTPUT_CLK";
    .port_info 5 /INPUT 1 "OUTPUT_ENABLE";
    .port_info 6 /INPUT 1 "D_OUT_0";
    .port_info 7 /INPUT 1 "D_OUT_1";
    .port_info 8 /OUTPUT 1 "D_IN_0";
    .port_info 9 /OUTPUT 1 "D_IN_1";
P_0x1239856e0 .param/str "IO_STANDARD" 0 3 32, "SB_LVCMOS";
P_0x123985720 .param/l "NEG_TRIGGER" 0 3 31, C4<0>;
P_0x123985760 .param/l "PIN_TYPE" 0 3 29, C4<000000>;
P_0x1239857a0 .param/l "PULLUP" 0 3 30, C4<0>;
L_0x12394fd70 .functor OR 1, o0x10800dce0, L_0x113834350, C4<0>, C4<0>;
L_0x12394fa70 .functor BUFZ 1, v0x113813200_0, C4<0>, C4<0>, C4<0>;
L_0x12394fb70 .functor BUFZ 1, v0x113813290_0, C4<0>, C4<0>, C4<0>;
v0x123985a90_0 .net "CLOCK_ENABLE", 0 0, o0x10800dce0;  alias, 0 drivers
v0x123985b20_0 .net "D_IN_0", 0 0, L_0x12394fa70;  alias, 1 drivers
v0x123988390_0 .net "D_IN_1", 0 0, L_0x12394fb70;  alias, 1 drivers
v0x123988420_0 .net "D_OUT_0", 0 0, o0x10800dd70;  alias, 0 drivers
v0x1239884b0_0 .net "D_OUT_1", 0 0, o0x10800dda0;  alias, 0 drivers
v0x123988540_0 .net "INPUT_CLK", 0 0, o0x10800ddd0;  alias, 0 drivers
v0x1239885d0_0 .net "LATCH_INPUT_VALUE", 0 0, o0x10800de00;  alias, 0 drivers
v0x123988660_0 .net "OUTPUT_CLK", 0 0, o0x10800de30;  alias, 0 drivers
v0x1239886f0_0 .net "OUTPUT_ENABLE", 0 0, o0x10800de60;  alias, 0 drivers
v0x113812ea0_0 .net "PACKAGE_PIN", 0 0, o0x10800de90;  alias, 0 drivers
o0x10800dec0 .functor BUFZ 1, c4<z>; HiZ drive
; Elide local net with no drivers, v0x113812f30_0 name=_ivl_0
v0x113812fc0_0 .net *"_ivl_2", 0 0, L_0x113834350;  1 drivers
v0x113813050_0 .net "clken_pulled", 0 0, L_0x12394fd70;  1 drivers
v0x1138130e0_0 .var "clken_pulled_ri", 0 0;
v0x113813170_0 .var "clken_pulled_ro", 0 0;
v0x113813200_0 .var "din_0", 0 0;
v0x113813290_0 .var "din_1", 0 0;
v0x113813420_0 .var "din_q_0", 0 0;
v0x1138134b0_0 .var "din_q_1", 0 0;
v0x113813540_0 .var "dout", 0 0;
v0x1138135d0_0 .var "dout_q_0", 0 0;
v0x113813660_0 .var "dout_q_1", 0 0;
v0x1138136f0_0 .var "outclk_delayed_1", 0 0;
v0x113813780_0 .var "outclk_delayed_2", 0 0;
v0x113813810_0 .var "outena_q", 0 0;
E_0x12396fb30 .event anyedge, v0x113813780_0, v0x1138135d0_0, v0x113813660_0;
E_0x12396fe80 .event anyedge, v0x1138136f0_0;
E_0x123970d90 .event anyedge, v0x123988660_0;
E_0x123970290 .event anyedge, v0x113813420_0, v0x1138134b0_0;
L_0x113834350 .cmp/eeq 1, o0x10800dce0, o0x10800dec0;
S_0x123985920 .scope generate, "genblk1" "genblk1" 3 45, 3 45 0, S_0x123979080;
 .timescale -12 -12;
E_0x12396f7a0 .event posedge, v0x123988660_0;
E_0x1239813c0 .event negedge, v0x123988660_0;
E_0x12397feb0 .event negedge, v0x123988540_0;
E_0x123982340 .event posedge, v0x123988540_0;
S_0x122f14cd0 .scope module, "SB_HFOSC" "SB_HFOSC" 3 2664;
 .timescale -12 -12;
    .port_info 0 /INPUT 1 "TRIM0";
    .port_info 1 /INPUT 1 "TRIM1";
    .port_info 2 /INPUT 1 "TRIM2";
    .port_info 3 /INPUT 1 "TRIM3";
    .port_info 4 /INPUT 1 "TRIM4";
    .port_info 5 /INPUT 1 "TRIM5";
    .port_info 6 /INPUT 1 "TRIM6";
    .port_info 7 /INPUT 1 "TRIM7";
    .port_info 8 /INPUT 1 "TRIM8";
    .port_info 9 /INPUT 1 "TRIM9";
    .port_info 10 /INPUT 1 "CLKHFPU";
    .port_info 11 /INPUT 1 "CLKHFEN";
    .port_info 12 /OUTPUT 1 "CLKHF";
P_0x122f14e40 .param/str "CLKHF_DIV" 0 3 2680, "0b00";
P_0x122f14e80 .param/str "TRIM_EN" 0 3 2679, "0b0";
o0x10800e5b0 .functor BUFZ 1, c4<z>; HiZ drive
v0x113813ed0_0 .net "CLKHF", 0 0, o0x10800e5b0;  0 drivers
o0x10800e5e0 .functor BUFZ 1, c4<z>; HiZ drive
v0x113813f60_0 .net "CLKHFEN", 0 0, o0x10800e5e0;  0 drivers
o0x10800e610 .functor BUFZ 1, c4<z>; HiZ drive
v0x113813ff0_0 .net "CLKHFPU", 0 0, o0x10800e610;  0 drivers
o0x10800e640 .functor BUFZ 1, c4<z>; HiZ drive
v0x113814080_0 .net "TRIM0", 0 0, o0x10800e640;  0 drivers
o0x10800e670 .functor BUFZ 1, c4<z>; HiZ drive
v0x113814110_0 .net "TRIM1", 0 0, o0x10800e670;  0 drivers
o0x10800e6a0 .functor BUFZ 1, c4<z>; HiZ drive
v0x1138141a0_0 .net "TRIM2", 0 0, o0x10800e6a0;  0 drivers
o0x10800e6d0 .functor BUFZ 1, c4<z>; HiZ drive
v0x113814230_0 .net "TRIM3", 0 0, o0x10800e6d0;  0 drivers
o0x10800e700 .functor BUFZ 1, c4<z>; HiZ drive
v0x1138142c0_0 .net "TRIM4", 0 0, o0x10800e700;  0 drivers
o0x10800e730 .functor BUFZ 1, c4<z>; HiZ drive
v0x113814350_0 .net "TRIM5", 0 0, o0x10800e730;  0 drivers
o0x10800e760 .functor BUFZ 1, c4<z>; HiZ drive
v0x1138143e0_0 .net "TRIM6", 0 0, o0x10800e760;  0 drivers
o0x10800e790 .functor BUFZ 1, c4<z>; HiZ drive
v0x113814470_0 .net "TRIM7", 0 0, o0x10800e790;  0 drivers
o0x10800e7c0 .functor BUFZ 1, c4<z>; HiZ drive
v0x113814500_0 .net "TRIM8", 0 0, o0x10800e7c0;  0 drivers
o0x10800e7f0 .functor BUFZ 1, c4<z>; HiZ drive
v0x113814590_0 .net "TRIM9", 0 0, o0x10800e7f0;  0 drivers
S_0x122f15150 .scope module, "SB_I2C" "SB_I2C" 3 2733;
 .timescale -12 -12;
    .port_info 0 /INPUT 1 "SBCLKI";
    .port_info 1 /INPUT 1 "SBRWI";
    .port_info 2 /INPUT 1 "SBSTBI";
    .port_info 3 /INPUT 1 "SBADRI7";
    .port_info 4 /INPUT 1 "SBADRI6";
    .port_info 5 /INPUT 1 "SBADRI5";
    .port_info 6 /INPUT 1 "SBADRI4";
    .port_info 7 /INPUT 1 "SBADRI3";
    .port_info 8 /INPUT 1 "SBADRI2";
    .port_info 9 /INPUT 1 "SBADRI1";
    .port_info 10 /INPUT 1 "SBADRI0";
    .port_info 11 /INPUT 1 "SBDATI7";
    .port_info 12 /INPUT 1 "SBDATI6";
    .port_info 13 /INPUT 1 "SBDATI5";
    .port_info 14 /INPUT 1 "SBDATI4";
    .port_info 15 /INPUT 1 "SBDATI3";
    .port_info 16 /INPUT 1 "SBDATI2";
    .port_info 17 /INPUT 1 "SBDATI1";
    .port_info 18 /INPUT 1 "SBDATI0";
    .port_info 19 /INPUT 1 "SCLI";
    .port_info 20 /INPUT 1 "SDAI";
    .port_info 21 /OUTPUT 1 "SBDATO7";
    .port_info 22 /OUTPUT 1 "SBDATO6";
    .port_info 23 /OUTPUT 1 "SBDATO5";
    .port_info 24 /OUTPUT 1 "SBDATO4";
    .port_info 25 /OUTPUT 1 "SBDATO3";
    .port_info 26 /OUTPUT 1 "SBDATO2";
    .port_info 27 /OUTPUT 1 "SBDATO1";
    .port_info 28 /OUTPUT 1 "SBDATO0";
    .port_info 29 /OUTPUT 1 "SBACKO";
    .port_info 30 /OUTPUT 1 "I2CIRQ";
    .port_info 31 /OUTPUT 1 "I2CWKUP";
    .port_info 32 /OUTPUT 1 "SCLO";
    .port_info 33 /OUTPUT 1 "SCLOE";
    .port_info 34 /OUTPUT 1 "SDAO";
    .port_info 35 /OUTPUT 1 "SDAOE";
P_0x122f152c0 .param/str "BUS_ADDR74" 0 3 2772, "0b0001";
P_0x122f15300 .param/str "I2C_SLAVE_INIT_ADDR" 0 3 2771, "0b1111100001";
o0x10800ea90 .functor BUFZ 1, c4<z>; HiZ drive
v0x113814620_0 .net "I2CIRQ", 0 0, o0x10800ea90;  0 drivers
o0x10800eac0 .functor BUFZ 1, c4<z>; HiZ drive
v0x1138146b0_0 .net "I2CWKUP", 0 0, o0x10800eac0;  0 drivers
o0x10800eaf0 .functor BUFZ 1, c4<z>; HiZ drive
v0x113814740_0 .net "SBACKO", 0 0, o0x10800eaf0;  0 drivers
o0x10800eb20 .functor BUFZ 1, c4<z>; HiZ drive
v0x1138147d0_0 .net "SBADRI0", 0 0, o0x10800eb20;  0 drivers
o0x10800eb50 .functor BUFZ 1, c4<z>; HiZ drive
v0x113814860_0 .net "SBADRI1", 0 0, o0x10800eb50;  0 drivers
o0x10800eb80 .functor BUFZ 1, c4<z>; HiZ drive
v0x1138148f0_0 .net "SBADRI2", 0 0, o0x10800eb80;  0 drivers
o0x10800ebb0 .functor BUFZ 1, c4<z>; HiZ drive
v0x113814980_0 .net "SBADRI3", 0 0, o0x10800ebb0;  0 drivers
o0x10800ebe0 .functor BUFZ 1, c4<z>; HiZ drive
v0x113814a10_0 .net "SBADRI4", 0 0, o0x10800ebe0;  0 drivers
o0x10800ec10 .functor BUFZ 1, c4<z>; HiZ drive
v0x113814aa0_0 .net "SBADRI5", 0 0, o0x10800ec10;  0 drivers
o0x10800ec40 .functor BUFZ 1, c4<z>; HiZ drive
v0x113814b30_0 .net "SBADRI6", 0 0, o0x10800ec40;  0 drivers
o0x10800ec70 .functor BUFZ 1, c4<z>; HiZ drive
v0x113814bc0_0 .net "SBADRI7", 0 0, o0x10800ec70;  0 drivers
o0x10800eca0 .functor BUFZ 1, c4<z>; HiZ drive
v0x113814c50_0 .net "SBCLKI", 0 0, o0x10800eca0;  0 drivers
o0x10800ecd0 .functor BUFZ 1, c4<z>; HiZ drive
v0x113814ce0_0 .net "SBDATI0", 0 0, o0x10800ecd0;  0 drivers
o0x10800ed00 .functor BUFZ 1, c4<z>; HiZ drive
v0x113814d70_0 .net "SBDATI1", 0 0, o0x10800ed00;  0 drivers
o0x10800ed30 .functor BUFZ 1, c4<z>; HiZ drive
v0x113814e00_0 .net "SBDATI2", 0 0, o0x10800ed30;  0 drivers
o0x10800ed60 .functor BUFZ 1, c4<z>; HiZ drive
v0x113814e90_0 .net "SBDATI3", 0 0, o0x10800ed60;  0 drivers
o0x10800ed90 .functor BUFZ 1, c4<z>; HiZ drive
v0x113814f20_0 .net "SBDATI4", 0 0, o0x10800ed90;  0 drivers
o0x10800edc0 .functor BUFZ 1, c4<z>; HiZ drive
v0x1138150b0_0 .net "SBDATI5", 0 0, o0x10800edc0;  0 drivers
o0x10800edf0 .functor BUFZ 1, c4<z>; HiZ drive
v0x113815140_0 .net "SBDATI6", 0 0, o0x10800edf0;  0 drivers
o0x10800ee20 .functor BUFZ 1, c4<z>; HiZ drive
v0x1138151d0_0 .net "SBDATI7", 0 0, o0x10800ee20;  0 drivers
o0x10800ee50 .functor BUFZ 1, c4<z>; HiZ drive
v0x113815260_0 .net "SBDATO0", 0 0, o0x10800ee50;  0 drivers
o0x10800ee80 .functor BUFZ 1, c4<z>; HiZ drive
v0x1138152f0_0 .net "SBDATO1", 0 0, o0x10800ee80;  0 drivers
o0x10800eeb0 .functor BUFZ 1, c4<z>; HiZ drive
v0x113815380_0 .net "SBDATO2", 0 0, o0x10800eeb0;  0 drivers
o0x10800eee0 .functor BUFZ 1, c4<z>; HiZ drive
v0x113815410_0 .net "SBDATO3", 0 0, o0x10800eee0;  0 drivers
o0x10800ef10 .functor BUFZ 1, c4<z>; HiZ drive
v0x1138154a0_0 .net "SBDATO4", 0 0, o0x10800ef10;  0 drivers
o0x10800ef40 .functor BUFZ 1, c4<z>; HiZ drive
v0x113815530_0 .net "SBDATO5", 0 0, o0x10800ef40;  0 drivers
o0x10800ef70 .functor BUFZ 1, c4<z>; HiZ drive
v0x1138155c0_0 .net "SBDATO6", 0 0, o0x10800ef70;  0 drivers
o0x10800efa0 .functor BUFZ 1, c4<z>; HiZ drive
v0x113815650_0 .net "SBDATO7", 0 0, o0x10800efa0;  0 drivers
o0x10800efd0 .functor BUFZ 1, c4<z>; HiZ drive
v0x1138156e0_0 .net "SBRWI", 0 0, o0x10800efd0;  0 drivers
o0x10800f000 .functor BUFZ 1, c4<z>; HiZ drive
v0x113815770_0 .net "SBSTBI", 0 0, o0x10800f000;  0 drivers
o0x10800f030 .functor BUFZ 1, c4<z>; HiZ drive
v0x113815800_0 .net "SCLI", 0 0, o0x10800f030;  0 drivers
o0x10800f060 .functor BUFZ 1, c4<z>; HiZ drive
v0x113815890_0 .net "SCLO", 0 0, o0x10800f060;  0 drivers
o0x10800f090 .functor BUFZ 1, c4<z>; HiZ drive
v0x113815920_0 .net "SCLOE", 0 0, o0x10800f090;  0 drivers
o0x10800f0c0 .functor BUFZ 1, c4<z>; HiZ drive
v0x113814fb0_0 .net "SDAI", 0 0, o0x10800f0c0;  0 drivers
o0x10800f0f0 .functor BUFZ 1, c4<z>; HiZ drive
v0x113815bb0_0 .net "SDAO", 0 0, o0x10800f0f0;  0 drivers
o0x10800f120 .functor BUFZ 1, c4<z>; HiZ drive
v0x113815c40_0 .net "SDAOE", 0 0, o0x10800f120;  0 drivers
S_0x122f15500 .scope module, "SB_IO_I3C" "SB_IO_I3C" 3 2862;
 .timescale -12 -12;
    .port_info 0 /INOUT 1 "PACKAGE_PIN";
    .port_info 1 /INPUT 1 "LATCH_INPUT_VALUE";
    .port_info 2 /INPUT 1 "CLOCK_ENABLE";
    .port_info 3 /INPUT 1 "INPUT_CLK";
    .port_info 4 /INPUT 1 "OUTPUT_CLK";
    .port_info 5 /INPUT 1 "OUTPUT_ENABLE";
    .port_info 6 /INPUT 1 "D_OUT_0";
    .port_info 7 /INPUT 1 "D_OUT_1";
    .port_info 8 /OUTPUT 1 "D_IN_0";
    .port_info 9 /OUTPUT 1 "D_IN_1";
    .port_info 10 /INPUT 1 "PU_ENB";
    .port_info 11 /INPUT 1 "WEAK_PU_ENB";
P_0x122f15670 .param/str "IO_STANDARD" 0 3 2880, "SB_LVCMOS";
P_0x122f156b0 .param/l "NEG_TRIGGER" 0 3 2879, C4<0>;
P_0x122f156f0 .param/l "PIN_TYPE" 0 3 2876, C4<000000>;
P_0x122f15730 .param/l "PULLUP" 0 3 2877, C4<0>;
P_0x122f15770 .param/l "WEAK_PULLUP" 0 3 2878, C4<0>;
L_0x12394f970 .functor BUFZ 1, v0x113816620_0, C4<0>, C4<0>, C4<0>;
L_0x1239550a0 .functor BUFZ 1, v0x1138166b0_0, C4<0>, C4<0>, C4<0>;
o0x10800f810 .functor BUFZ 1, c4<z>; HiZ drive
v0x113815f60_0 .net "CLOCK_ENABLE", 0 0, o0x10800f810;  0 drivers
v0x113815ff0_0 .net "D_IN_0", 0 0, L_0x12394f970;  1 drivers
v0x113816080_0 .net "D_IN_1", 0 0, L_0x1239550a0;  1 drivers
o0x10800f8a0 .functor BUFZ 1, c4<z>; HiZ drive
v0x113816110_0 .net "D_OUT_0", 0 0, o0x10800f8a0;  0 drivers
o0x10800f8d0 .functor BUFZ 1, c4<z>; HiZ drive
v0x1138161a0_0 .net "D_OUT_1", 0 0, o0x10800f8d0;  0 drivers
o0x10800f900 .functor BUFZ 1, c4<z>; HiZ drive
v0x113816230_0 .net "INPUT_CLK", 0 0, o0x10800f900;  0 drivers
o0x10800f930 .functor BUFZ 1, c4<z>; HiZ drive
v0x1138162c0_0 .net "LATCH_INPUT_VALUE", 0 0, o0x10800f930;  0 drivers
o0x10800f960 .functor BUFZ 1, c4<z>; HiZ drive
v0x113816350_0 .net "OUTPUT_CLK", 0 0, o0x10800f960;  0 drivers
o0x10800f990 .functor BUFZ 1, c4<z>; HiZ drive
v0x1138163e0_0 .net "OUTPUT_ENABLE", 0 0, o0x10800f990;  0 drivers
o0x10800f9c0 .functor BUFZ 1, c4<z>; HiZ drive
v0x113816470_0 .net "PACKAGE_PIN", 0 0, o0x10800f9c0;  0 drivers
o0x10800f9f0 .functor BUFZ 1, c4<z>; HiZ drive
v0x113816500_0 .net "PU_ENB", 0 0, o0x10800f9f0;  0 drivers
o0x10800fa20 .functor BUFZ 1, c4<z>; HiZ drive
v0x113816590_0 .net "WEAK_PU_ENB", 0 0, o0x10800fa20;  0 drivers
v0x113816620_0 .var "din_0", 0 0;
v0x1138166b0_0 .var "din_1", 0 0;
v0x113816740_0 .var "din_q_0", 0 0;
v0x1138167d0_0 .var "din_q_1", 0 0;
v0x113816860_0 .var "dout", 0 0;
v0x1138169f0_0 .var "dout_q_0", 0 0;
v0x113816a80_0 .var "dout_q_1", 0 0;
v0x113816b10_0 .var "outclk_delayed_1", 0 0;
v0x113816ba0_0 .var "outclk_delayed_2", 0 0;
v0x113816c30_0 .var "outena_q", 0 0;
E_0x123985bb0 .event anyedge, v0x113816ba0_0, v0x1138169f0_0, v0x113816a80_0;
E_0x123970850 .event anyedge, v0x113816b10_0;
E_0x123983e80 .event anyedge, v0x113816350_0;
E_0x123984060 .event anyedge, v0x113816740_0, v0x1138167d0_0;
S_0x113815df0 .scope generate, "genblk1" "genblk1" 3 2888, 3 2888 0, S_0x122f15500;
 .timescale -12 -12;
E_0x1239847e0 .event posedge, v0x113816350_0;
E_0x123982700 .event negedge, v0x113816350_0;
E_0x123984600 .event negedge, v0x113816230_0;
E_0x123980090 .event posedge, v0x113816230_0;
S_0x122f15af0 .scope module, "SB_IO_OD" "SB_IO_OD" 3 2931;
 .timescale -12 -12;
    .port_info 0 /INOUT 1 "PACKAGEPIN";
    .port_info 1 /INPUT 1 "LATCHINPUTVALUE";
    .port_info 2 /INPUT 1 "CLOCKENABLE";
    .port_info 3 /INPUT 1 "INPUTCLK";
    .port_info 4 /INPUT 1 "OUTPUTCLK";
    .port_info 5 /INPUT 1 "OUTPUTENABLE";
    .port_info 6 /INPUT 1 "DOUT1";
    .port_info 7 /INPUT 1 "DOUT0";
    .port_info 8 /OUTPUT 1 "DIN1";
    .port_info 9 /OUTPUT 1 "DIN0";
P_0x122f15c60 .param/l "NEG_TRIGGER" 0 3 2944, C4<0>;
P_0x122f15ca0 .param/l "PIN_TYPE" 0 3 2943, C4<000000>;
L_0x1239554a0 .functor BUFZ 1, v0x1138173d0_0, C4<0>, C4<0>, C4<0>;
L_0x1239556a0 .functor BUFZ 1, v0x113817460_0, C4<0>, C4<0>, C4<0>;
o0x10800fe70 .functor BUFZ 1, c4<z>; HiZ drive
v0x113816e30_0 .net "CLOCKENABLE", 0 0, o0x10800fe70;  0 drivers
v0x113816ec0_0 .net "DIN0", 0 0, L_0x1239554a0;  1 drivers
v0x113816f50_0 .net "DIN1", 0 0, L_0x1239556a0;  1 drivers
o0x10800ff00 .functor BUFZ 1, c4<z>; HiZ drive
v0x113816fe0_0 .net "DOUT0", 0 0, o0x10800ff00;  0 drivers
o0x10800ff30 .functor BUFZ 1, c4<z>; HiZ drive
v0x113817070_0 .net "DOUT1", 0 0, o0x10800ff30;  0 drivers
o0x10800ff60 .functor BUFZ 1, c4<z>; HiZ drive
v0x113817100_0 .net "INPUTCLK", 0 0, o0x10800ff60;  0 drivers
o0x10800ff90 .functor BUFZ 1, c4<z>; HiZ drive
v0x113817190_0 .net "LATCHINPUTVALUE", 0 0, o0x10800ff90;  0 drivers
o0x10800ffc0 .functor BUFZ 1, c4<z>; HiZ drive
v0x113817220_0 .net "OUTPUTCLK", 0 0, o0x10800ffc0;  0 drivers
o0x10800fff0 .functor BUFZ 1, c4<z>; HiZ drive
v0x1138172b0_0 .net "OUTPUTENABLE", 0 0, o0x10800fff0;  0 drivers
o0x108010020 .functor BUFZ 1, c4<z>; HiZ drive
v0x113817340_0 .net "PACKAGEPIN", 0 0, o0x108010020;  0 drivers
v0x1138173d0_0 .var "din_0", 0 0;
v0x113817460_0 .var "din_1", 0 0;
v0x1138174f0_0 .var "din_q_0", 0 0;
v0x113817580_0 .var "din_q_1", 0 0;
v0x113817610_0 .var "dout", 0 0;
v0x1138176a0_0 .var "dout_q_0", 0 0;
v0x113817730_0 .var "dout_q_1", 0 0;
v0x1138178c0_0 .var "outclk_delayed_1", 0 0;
v0x113817950_0 .var "outclk_delayed_2", 0 0;
v0x1138179e0_0 .var "outena_q", 0 0;
E_0x123982e80 .event anyedge, v0x113817950_0, v0x1138176a0_0, v0x113817730_0;
E_0x1239828e0 .event anyedge, v0x1138178c0_0;
E_0x123982ca0 .event anyedge, v0x113817220_0;
E_0x123983240 .event anyedge, v0x1138174f0_0, v0x113817580_0;
S_0x113816cc0 .scope generate, "genblk1" "genblk1" 3 2952, 3 2952 0, S_0x122f15af0;
 .timescale -12 -12;
E_0x123983600 .event posedge, v0x113817220_0;
E_0x123983420 .event negedge, v0x113817220_0;
E_0x1239811e0 .event negedge, v0x113817100_0;
E_0x123980a20 .event posedge, v0x113817100_0;
S_0x122f15f10 .scope module, "SB_LEDDA_IP" "SB_LEDDA_IP" 3 2830;
 .timescale -12 -12;
    .port_info 0 /INPUT 1 "LEDDCS";
    .port_info 1 /INPUT 1 "LEDDCLK";
    .port_info 2 /INPUT 1 "LEDDDAT7";
    .port_info 3 /INPUT 1 "LEDDDAT6";
    .port_info 4 /INPUT 1 "LEDDDAT5";
    .port_info 5 /INPUT 1 "LEDDDAT4";
    .port_info 6 /INPUT 1 "LEDDDAT3";
    .port_info 7 /INPUT 1 "LEDDDAT2";
    .port_info 8 /INPUT 1 "LEDDDAT1";
    .port_info 9 /INPUT 1 "LEDDDAT0";
    .port_info 10 /INPUT 1 "LEDDADDR3";
    .port_info 11 /INPUT 1 "LEDDADDR2";
    .port_info 12 /INPUT 1 "LEDDADDR1";
    .port_info 13 /INPUT 1 "LEDDADDR0";
    .port_info 14 /INPUT 1 "LEDDDEN";
    .port_info 15 /INPUT 1 "LEDDEXE";
    .port_info 16 /INPUT 1 "LEDDRST";
    .port_info 17 /OUTPUT 1 "PWMOUT0";
    .port_info 18 /OUTPUT 1 "PWMOUT1";
    .port_info 19 /OUTPUT 1 "PWMOUT2";
    .port_info 20 /OUTPUT 1 "LEDDON";
o0x108010410 .functor BUFZ 1, c4<z>; HiZ drive
v0x113817a70_0 .net "LEDDADDR0", 0 0, o0x108010410;  0 drivers
o0x108010440 .functor BUFZ 1, c4<z>; HiZ drive
v0x113817b00_0 .net "LEDDADDR1", 0 0, o0x108010440;  0 drivers
o0x108010470 .functor BUFZ 1, c4<z>; HiZ drive
v0x113817b90_0 .net "LEDDADDR2", 0 0, o0x108010470;  0 drivers
o0x1080104a0 .functor BUFZ 1, c4<z>; HiZ drive
v0x113817c20_0 .net "LEDDADDR3", 0 0, o0x1080104a0;  0 drivers
o0x1080104d0 .functor BUFZ 1, c4<z>; HiZ drive
v0x113817cb0_0 .net "LEDDCLK", 0 0, o0x1080104d0;  0 drivers
o0x108010500 .functor BUFZ 1, c4<z>; HiZ drive
v0x113817d40_0 .net "LEDDCS", 0 0, o0x108010500;  0 drivers
o0x108010530 .functor BUFZ 1, c4<z>; HiZ drive
v0x113817dd0_0 .net "LEDDDAT0", 0 0, o0x108010530;  0 drivers
o0x108010560 .functor BUFZ 1, c4<z>; HiZ drive
v0x113817e60_0 .net "LEDDDAT1", 0 0, o0x108010560;  0 drivers
o0x108010590 .functor BUFZ 1, c4<z>; HiZ drive
v0x113817ef0_0 .net "LEDDDAT2", 0 0, o0x108010590;  0 drivers
o0x1080105c0 .functor BUFZ 1, c4<z>; HiZ drive
v0x113817f80_0 .net "LEDDDAT3", 0 0, o0x1080105c0;  0 drivers
o0x1080105f0 .functor BUFZ 1, c4<z>; HiZ drive
v0x113818010_0 .net "LEDDDAT4", 0 0, o0x1080105f0;  0 drivers
o0x108010620 .functor BUFZ 1, c4<z>; HiZ drive
v0x1138180a0_0 .net "LEDDDAT5", 0 0, o0x108010620;  0 drivers
o0x108010650 .functor BUFZ 1, c4<z>; HiZ drive
v0x113818130_0 .net "LEDDDAT6", 0 0, o0x108010650;  0 drivers
o0x108010680 .functor BUFZ 1, c4<z>; HiZ drive
v0x1138181c0_0 .net "LEDDDAT7", 0 0, o0x108010680;  0 drivers
o0x1080106b0 .functor BUFZ 1, c4<z>; HiZ drive
v0x113818250_0 .net "LEDDDEN", 0 0, o0x1080106b0;  0 drivers
o0x1080106e0 .functor BUFZ 1, c4<z>; HiZ drive
v0x1138182e0_0 .net "LEDDEXE", 0 0, o0x1080106e0;  0 drivers
o0x108010710 .functor BUFZ 1, c4<z>; HiZ drive
v0x113818370_0 .net "LEDDON", 0 0, o0x108010710;  0 drivers
o0x108010740 .functor BUFZ 1, c4<z>; HiZ drive
v0x113818500_0 .net "LEDDRST", 0 0, o0x108010740;  0 drivers
o0x108010770 .functor BUFZ 1, c4<z>; HiZ drive
v0x113818590_0 .net "PWMOUT0", 0 0, o0x108010770;  0 drivers
o0x1080107a0 .functor BUFZ 1, c4<z>; HiZ drive
v0x113818620_0 .net "PWMOUT1", 0 0, o0x1080107a0;  0 drivers
o0x1080107d0 .functor BUFZ 1, c4<z>; HiZ drive
v0x1138186b0_0 .net "PWMOUT2", 0 0, o0x1080107d0;  0 drivers
S_0x122f163e0 .scope module, "SB_LED_DRV_CUR" "SB_LED_DRV_CUR" 3 2709;
 .timescale -12 -12;
    .port_info 0 /INPUT 1 "EN";
    .port_info 1 /OUTPUT 1 "LEDPU";
o0x108010bf0 .functor BUFZ 1, c4<z>; HiZ drive
v0x1138187f0_0 .net "EN", 0 0, o0x108010bf0;  0 drivers
o0x108010c20 .functor BUFZ 1, c4<z>; HiZ drive
v0x113818880_0 .net "LEDPU", 0 0, o0x108010c20;  0 drivers
S_0x122f165b0 .scope module, "SB_LFOSC" "SB_LFOSC" 3 2684;
 .timescale -12 -12;
    .port_info 0 /INPUT 1 "CLKLFPU";
    .port_info 1 /INPUT 1 "CLKLFEN";
    .port_info 2 /OUTPUT 1 "CLKLF";
o0x108010cb0 .functor BUFZ 1, c4<z>; HiZ drive
v0x113818910_0 .net "CLKLF", 0 0, o0x108010cb0;  0 drivers
o0x108010ce0 .functor BUFZ 1, c4<z>; HiZ drive
v0x1138189a0_0 .net "CLKLFEN", 0 0, o0x108010ce0;  0 drivers
o0x108010d10 .functor BUFZ 1, c4<z>; HiZ drive
v0x113818a30_0 .net "CLKLFPU", 0 0, o0x108010d10;  0 drivers
S_0x122f169d0 .scope module, "SB_LUT4" "SB_LUT4" 3 177;
 .timescale -12 -12;
    .port_info 0 /OUTPUT 1 "O";
    .port_info 1 /INPUT 1 "I0";
    .port_info 2 /INPUT 1 "I1";
    .port_info 3 /INPUT 1 "I2";
    .port_info 4 /INPUT 1 "I3";
P_0x122f135f0 .param/l "LUT_INIT" 0 3 184, C4<0000000000000000>;
o0x108010dd0 .functor BUFZ 1, c4<z>; HiZ drive
v0x113818ac0_0 .net "I0", 0 0, o0x108010dd0;  0 drivers
o0x108010e00 .functor BUFZ 1, c4<z>; HiZ drive
v0x113818b50_0 .net "I1", 0 0, o0x108010e00;  0 drivers
o0x108010e30 .functor BUFZ 1, c4<z>; HiZ drive
v0x113818be0_0 .net "I2", 0 0, o0x108010e30;  0 drivers
o0x108010e60 .functor BUFZ 1, c4<z>; HiZ drive
v0x113818c70_0 .net "I3", 0 0, o0x108010e60;  0 drivers
v0x113818d00_0 .net "O", 0 0, L_0x113834990;  1 drivers
L_0x1280183b8 .functor BUFT 1, C4<00000000>, C4<0>, C4<0>, C4<0>;
v0x113818d90_0 .net/2u *"_ivl_0", 7 0, L_0x1280183b8;  1 drivers
v0x113818e20_0 .net *"_ivl_13", 1 0, L_0x113834670;  1 drivers
v0x113818eb0_0 .net *"_ivl_15", 1 0, L_0x113834710;  1 drivers
v0x113818f40_0 .net *"_ivl_19", 0 0, L_0x113834850;  1 drivers
L_0x128018400 .functor BUFT 1, C4<00000000>, C4<0>, C4<0>, C4<0>;
v0x113818fd0_0 .net/2u *"_ivl_2", 7 0, L_0x128018400;  1 drivers
v0x113819060_0 .net *"_ivl_21", 0 0, L_0x1138348f0;  1 drivers
v0x1138190f0_0 .net *"_ivl_7", 3 0, L_0x113834490;  1 drivers
v0x113819180_0 .net *"_ivl_9", 3 0, L_0x113834530;  1 drivers
v0x113819210_0 .net "s1", 1 0, L_0x1138347b0;  1 drivers
v0x1138192a0_0 .net "s2", 3 0, L_0x1138345d0;  1 drivers
v0x113819330_0 .net "s3", 7 0, L_0x1138343f0;  1 drivers
L_0x1138343f0 .functor MUXZ 8, L_0x128018400, L_0x1280183b8, o0x108010e60, C4<>;
L_0x113834490 .part L_0x1138343f0, 4, 4;
L_0x113834530 .part L_0x1138343f0, 0, 4;
L_0x1138345d0 .functor MUXZ 4, L_0x113834530, L_0x113834490, o0x108010e30, C4<>;
L_0x113834670 .part L_0x1138345d0, 2, 2;
L_0x113834710 .part L_0x1138345d0, 0, 2;
L_0x1138347b0 .functor MUXZ 2, L_0x113834710, L_0x113834670, o0x108010e00, C4<>;
L_0x113834850 .part L_0x1138347b0, 1, 1;
L_0x1138348f0 .part L_0x1138347b0, 0, 1;
L_0x113834990 .functor MUXZ 1, L_0x1138348f0, L_0x113834850, o0x108010dd0, C4<>;
S_0x122f16c60 .scope module, "SB_MAC16" "SB_MAC16" 3 2996;
 .timescale -12 -12;
    .port_info 0 /INPUT 1 "CLK";
    .port_info 1 /INPUT 1 "CE";
    .port_info 2 /INPUT 16 "C";
    .port_info 3 /INPUT 16 "A";
    .port_info 4 /INPUT 16 "B";
    .port_info 5 /INPUT 16 "D";
    .port_info 6 /INPUT 1 "AHOLD";
    .port_info 7 /INPUT 1 "BHOLD";
    .port_info 8 /INPUT 1 "CHOLD";
    .port_info 9 /INPUT 1 "DHOLD";
    .port_info 10 /INPUT 1 "IRSTTOP";
    .port_info 11 /INPUT 1 "IRSTBOT";
    .port_info 12 /INPUT 1 "ORSTTOP";
    .port_info 13 /INPUT 1 "ORSTBOT";
    .port_info 14 /INPUT 1 "OLOADTOP";
    .port_info 15 /INPUT 1 "OLOADBOT";
    .port_info 16 /INPUT 1 "ADDSUBTOP";
    .port_info 17 /INPUT 1 "ADDSUBBOT";
    .port_info 18 /INPUT 1 "OHOLDTOP";
    .port_info 19 /INPUT 1 "OHOLDBOT";
    .port_info 20 /INPUT 1 "CI";
    .port_info 21 /INPUT 1 "ACCUMCI";
    .port_info 22 /INPUT 1 "SIGNEXTIN";
    .port_info 23 /OUTPUT 32 "O";
    .port_info 24 /OUTPUT 1 "CO";
    .port_info 25 /OUTPUT 1 "ACCUMCO";
    .port_info 26 /OUTPUT 1 "SIGNEXTOUT";
P_0x114009c00 .param/l "A_REG" 0 3 3011, C4<0>;
P_0x114009c40 .param/l "A_SIGNED" 0 3 3027, C4<0>;
P_0x114009c80 .param/l "BOTADDSUB_CARRYSELECT" 0 3 3025, C4<00>;
P_0x114009cc0 .param/l "BOTADDSUB_LOWERINPUT" 0 3 3023, C4<00>;
P_0x114009d00 .param/l "BOTADDSUB_UPPERINPUT" 0 3 3024, C4<0>;
P_0x114009d40 .param/l "BOTOUTPUT_SELECT" 0 3 3022, C4<00>;
P_0x114009d80 .param/l "BOT_8x8_MULT_REG" 0 3 3015, C4<0>;
P_0x114009dc0 .param/l "B_REG" 0 3 3012, C4<0>;
P_0x114009e00 .param/l "B_SIGNED" 0 3 3028, C4<0>;
P_0x114009e40 .param/l "C_REG" 0 3 3010, C4<0>;
P_0x114009e80 .param/l "D_REG" 0 3 3013, C4<0>;
P_0x114009ec0 .param/l "MODE_8x8" 0 3 3026, C4<0>;
P_0x114009f00 .param/l "NEG_TRIGGER" 0 3 3009, C4<0>;
P_0x114009f40 .param/l "PIPELINE_16x16_MULT_REG1" 0 3 3016, C4<0>;
P_0x114009f80 .param/l "PIPELINE_16x16_MULT_REG2" 0 3 3017, C4<0>;
P_0x114009fc0 .param/l "TOPADDSUB_CARRYSELECT" 0 3 3021, C4<00>;
P_0x11400a000 .param/l "TOPADDSUB_LOWERINPUT" 0 3 3019, C4<00>;
P_0x11400a040 .param/l "TOPADDSUB_UPPERINPUT" 0 3 3020, C4<0>;
P_0x11400a080 .param/l "TOPOUTPUT_SELECT" 0 3 3018, C4<00>;
P_0x11400a0c0 .param/l "TOP_8x8_MULT_REG" 0 3 3014, C4<0>;
o0x1080114c0 .functor BUFZ 1, c4<z>; HiZ drive
L_0x128018448 .functor BUFT 1, C4<0>, C4<0>, C4<0>, C4<0>;
L_0x1239558a0 .functor XOR 1, o0x1080114c0, L_0x128018448, C4<0>, C4<0>;
o0x108011400 .functor BUFZ 16, c4<zzzzzzzzzzzzzzzz>; HiZ drive
L_0x123955990 .functor BUFZ 16, o0x108011400, C4<0000000000000000>, C4<0000000000000000>, C4<0000000000000000>;
o0x1080111c0 .functor BUFZ 16, c4<zzzzzzzzzzzzzzzz>; HiZ drive
L_0x1239557a0 .functor BUFZ 16, o0x1080111c0, C4<0000000000000000>, C4<0000000000000000>, C4<0000000000000000>;
o0x108011340 .functor BUFZ 16, c4<zzzzzzzzzzzzzzzz>; HiZ drive
L_0x1239555a0 .functor BUFZ 16, o0x108011340, C4<0000000000000000>, C4<0000000000000000>, C4<0000000000000000>;
o0x108011520 .functor BUFZ 16, c4<zzzzzzzzzzzzzzzz>; HiZ drive
L_0x1239552a0 .functor BUFZ 16, o0x108011520, C4<0000000000000000>, C4<0000000000000000>, C4<0000000000000000>;
L_0x1239553a0 .functor BUFZ 16, L_0x113835030, C4<0000000000000000>, C4<0000000000000000>, C4<0000000000000000>;
L_0x1239551a0 .functor BUFZ 16, L_0x113835210, C4<0000000000000000>, C4<0000000000000000>, C4<0000000000000000>;
L_0x123954ca0 .functor BUFZ 16, L_0x1138353f0, C4<0000000000000000>, C4<0000000000000000>, C4<0000000000000000>;
L_0x123954ea0 .functor BUFZ 16, L_0x113835490, C4<0000000000000000>, C4<0000000000000000>, C4<0000000000000000>;
L_0x123950370 .functor BUFZ 32, L_0x113836010, C4<00000000000000000000000000000000>, C4<00000000000000000000000000000000>, C4<00000000000000000000000000000000>;
L_0x123954fa0 .functor BUFZ 16, v0x11381dfe0_0, C4<0000000000000000>, C4<0000000000000000>, C4<0000000000000000>;
L_0x123954da0 .functor BUFZ 16, L_0x1239557a0, C4<0000000000000000>, C4<0000000000000000>, C4<0000000000000000>;
L_0x1138362f0 .functor XOR 17, L_0x113836360, L_0x113836250, C4<00000000000000000>, C4<00000000000000000>;
o0x108011280 .functor BUFZ 1, c4<z>; HiZ drive
L_0x1239549a0 .functor XOR 1, L_0x113835f20, o0x108011280, C4<0>, C4<0>;
L_0x12394b040 .functor XOR 16, L_0x1138361b0, L_0x113836720, C4<0000000000000000>, C4<0000000000000000>;
L_0x12394b640 .functor BUFZ 16, L_0x113836a30, C4<0000000000000000>, C4<0000000000000000>, C4<0000000000000000>;
L_0x123954ba0 .functor BUFZ 16, v0x11381e070_0, C4<0000000000000000>, C4<0000000000000000>, C4<0000000000000000>;
L_0x12394b840 .functor BUFZ 16, L_0x1239555a0, C4<0000000000000000>, C4<0000000000000000>, C4<0000000000000000>;
L_0x12394b740 .functor XOR 17, L_0x113836e30, L_0x113836cc0, C4<00000000000000000>, C4<00000000000000000>;
L_0x12394b540 .functor XOR 16, L_0x113836ad0, L_0x1138371a0, C4<0000000000000000>, C4<0000000000000000>;
L_0x12394b340 .functor BUFZ 16, L_0x113836990, C4<0000000000000000>, C4<0000000000000000>, C4<0000000000000000>;
v0x1138193c0_0 .net "A", 15 0, o0x1080111c0;  0 drivers
o0x1080111f0 .functor BUFZ 1, c4<z>; HiZ drive
v0x113819450_0 .net "ACCUMCI", 0 0, o0x1080111f0;  0 drivers
v0x1138194e0_0 .net "ACCUMCO", 0 0, L_0x113835f20;  1 drivers
o0x108011250 .functor BUFZ 1, c4<z>; HiZ drive
v0x113819570_0 .net "ADDSUBBOT", 0 0, o0x108011250;  0 drivers
v0x113819600_0 .net "ADDSUBTOP", 0 0, o0x108011280;  0 drivers
o0x1080112b0 .functor BUFZ 1, c4<z>; HiZ drive
v0x113819690_0 .net "AHOLD", 0 0, o0x1080112b0;  0 drivers
v0x113819720_0 .net "Ah", 15 0, L_0x113834bd0;  1 drivers
v0x1138197b0_0 .net "Al", 15 0, L_0x113834d10;  1 drivers
v0x113819840_0 .net "B", 15 0, o0x108011340;  0 drivers
o0x108011370 .functor BUFZ 1, c4<z>; HiZ drive
v0x1138198d0_0 .net "BHOLD", 0 0, o0x108011370;  0 drivers
v0x113819960_0 .net "Bh", 15 0, L_0x113834e50;  1 drivers
v0x1138199f0_0 .net "Bl", 15 0, L_0x113834f90;  1 drivers
v0x113819a80_0 .net "C", 15 0, o0x108011400;  0 drivers
o0x108011430 .functor BUFZ 1, c4<z>; HiZ drive
v0x113819b10_0 .net "CE", 0 0, o0x108011430;  0 drivers
o0x108011460 .functor BUFZ 1, c4<z>; HiZ drive
v0x113819ba0_0 .net "CHOLD", 0 0, o0x108011460;  0 drivers
o0x108011490 .functor BUFZ 1, c4<z>; HiZ drive
v0x113819c30_0 .net "CI", 0 0, o0x108011490;  0 drivers
v0x113819cc0_0 .net "CLK", 0 0, o0x1080114c0;  0 drivers
v0x113819e50_0 .net "CO", 0 0, L_0x1239549a0;  1 drivers
v0x113819ee0_0 .net "D", 15 0, o0x108011520;  0 drivers
o0x108011550 .functor BUFZ 1, c4<z>; HiZ drive
v0x113819f70_0 .net "DHOLD", 0 0, o0x108011550;  0 drivers
L_0x1280189a0 .functor BUFT 1, C4<0>, C4<0>, C4<0>, C4<0>;
v0x11381a000_0 .net "HCI", 0 0, L_0x1280189a0;  1 drivers
o0x1080115b0 .functor BUFZ 1, c4<z>; HiZ drive
v0x11381a090_0 .net "IRSTBOT", 0 0, o0x1080115b0;  0 drivers
o0x1080115e0 .functor BUFZ 1, c4<z>; HiZ drive
v0x11381a120_0 .net "IRSTTOP", 0 0, o0x1080115e0;  0 drivers
L_0x128018ac0 .functor BUFT 1, C4<0>, C4<0>, C4<0>, C4<0>;
v0x11381a1b0_0 .net "LCI", 0 0, L_0x128018ac0;  1 drivers
v0x11381a240_0 .net "LCO", 0 0, L_0x113836c20;  1 drivers
v0x11381a2d0_0 .net "O", 31 0, L_0x113837030;  1 drivers
o0x1080116a0 .functor BUFZ 1, c4<z>; HiZ drive
v0x11381a360_0 .net "OHOLDBOT", 0 0, o0x1080116a0;  0 drivers
o0x1080116d0 .functor BUFZ 1, c4<z>; HiZ drive
v0x11381a3f0_0 .net "OHOLDTOP", 0 0, o0x1080116d0;  0 drivers
o0x108011700 .functor BUFZ 1, c4<z>; HiZ drive
v0x11381a480_0 .net "OLOADBOT", 0 0, o0x108011700;  0 drivers
o0x108011730 .functor BUFZ 1, c4<z>; HiZ drive
v0x11381a510_0 .net "OLOADTOP", 0 0, o0x108011730;  0 drivers
o0x108011760 .functor BUFZ 1, c4<z>; HiZ drive
v0x11381a5a0_0 .net "ORSTBOT", 0 0, o0x108011760;  0 drivers
o0x108011790 .functor BUFZ 1, c4<z>; HiZ drive
v0x11381a630_0 .net "ORSTTOP", 0 0, o0x108011790;  0 drivers
v0x11381a6c0_0 .net "Oh", 15 0, L_0x12394b640;  1 drivers
v0x113819d50_0 .net "Ol", 15 0, L_0x12394b340;  1 drivers
o0x108011820 .functor BUFZ 1, c4<z>; HiZ drive
v0x11381a950_0 .net "SIGNEXTIN", 0 0, o0x108011820;  0 drivers
v0x11381a9e0_0 .net "SIGNEXTOUT", 0 0, L_0x1138368f0;  1 drivers
v0x11381aa70_0 .net "XW", 15 0, L_0x1138361b0;  1 drivers
v0x11381ab00_0 .net "YZ", 15 0, L_0x113836ad0;  1 drivers
v0x11381ab90_0 .net/2u *"_ivl_0", 0 0, L_0x128018448;  1 drivers
v0x11381ac20_0 .net *"_ivl_100", 31 0, L_0x113835e80;  1 drivers
L_0x128018838 .functor BUFT 1, C4<0000000000000000>, C4<0>, C4<0>, C4<0>;
v0x11381acb0_0 .net *"_ivl_103", 15 0, L_0x128018838;  1 drivers
v0x11381ad40_0 .net *"_ivl_104", 31 0, L_0x113835da0;  1 drivers
v0x11381add0_0 .net *"_ivl_106", 15 0, L_0x113835c30;  1 drivers
L_0x128018880 .functor BUFT 1, C4<0000000000000000>, C4<0>, C4<0>, C4<0>;
v0x11381ae60_0 .net *"_ivl_108", 15 0, L_0x128018880;  1 drivers
L_0x128018490 .functor BUFT 1, C4<00000000>, C4<0>, C4<0>, C4<0>;
v0x11381aef0_0 .net/2u *"_ivl_12", 7 0, L_0x128018490;  1 drivers
v0x11381af80_0 .net *"_ivl_121", 16 0, L_0x1138360b0;  1 drivers
L_0x1280188c8 .functor BUFT 1, C4<0>, C4<0>, C4<0>, C4<0>;
v0x11381b010_0 .net *"_ivl_124", 0 0, L_0x1280188c8;  1 drivers
v0x11381b0a0_0 .net *"_ivl_125", 16 0, L_0x113836360;  1 drivers
L_0x128018910 .functor BUFT 1, C4<0>, C4<0>, C4<0>, C4<0>;
v0x11381b130_0 .net *"_ivl_128", 0 0, L_0x128018910;  1 drivers
v0x11381b1c0_0 .net *"_ivl_130", 15 0, L_0x113834a30;  1 drivers
v0x11381b250_0 .net *"_ivl_131", 16 0, L_0x113836250;  1 drivers
L_0x128018958 .functor BUFT 1, C4<0>, C4<0>, C4<0>, C4<0>;
v0x11381b2e0_0 .net *"_ivl_134", 0 0, L_0x128018958;  1 drivers
v0x11381b370_0 .net *"_ivl_135", 16 0, L_0x1138362f0;  1 drivers
v0x11381b400_0 .net *"_ivl_137", 16 0, L_0x113836400;  1 drivers
L_0x128018e20 .functor BUFT 1, C4<00000000000000000>, C4<0>, C4<0>, C4<0>;
v0x11381b490_0 .net *"_ivl_139", 16 0, L_0x128018e20;  1 drivers
v0x11381b520_0 .net *"_ivl_143", 16 0, L_0x113836850;  1 drivers
v0x11381b5b0_0 .net *"_ivl_148", 15 0, L_0x113836720;  1 drivers
v0x11381b640_0 .net *"_ivl_149", 15 0, L_0x12394b040;  1 drivers
v0x11381b6d0_0 .net *"_ivl_15", 7 0, L_0x113834b30;  1 drivers
v0x11381b760_0 .net *"_ivl_168", 16 0, L_0x113836b70;  1 drivers
L_0x1280189e8 .functor BUFT 1, C4<0>, C4<0>, C4<0>, C4<0>;
v0x11381b7f0_0 .net *"_ivl_171", 0 0, L_0x1280189e8;  1 drivers
v0x11381b880_0 .net *"_ivl_172", 16 0, L_0x113836e30;  1 drivers
L_0x128018a30 .functor BUFT 1, C4<0>, C4<0>, C4<0>, C4<0>;
v0x11381b910_0 .net *"_ivl_175", 0 0, L_0x128018a30;  1 drivers
v0x11381b9a0_0 .net *"_ivl_177", 15 0, L_0x113836ed0;  1 drivers
v0x11381ba30_0 .net *"_ivl_178", 16 0, L_0x113836cc0;  1 drivers
L_0x1280184d8 .functor BUFT 1, C4<00000000>, C4<0>, C4<0>, C4<0>;
v0x11381a750_0 .net/2u *"_ivl_18", 7 0, L_0x1280184d8;  1 drivers
L_0x128018a78 .functor BUFT 1, C4<0>, C4<0>, C4<0>, C4<0>;
v0x11381a7e0_0 .net *"_ivl_181", 0 0, L_0x128018a78;  1 drivers
v0x11381a870_0 .net *"_ivl_182", 16 0, L_0x12394b740;  1 drivers
v0x11381bac0_0 .net *"_ivl_184", 16 0, L_0x113836d60;  1 drivers
L_0x128018e68 .functor BUFT 1, C4<00000000000000000>, C4<0>, C4<0>, C4<0>;
v0x11381bb50_0 .net *"_ivl_186", 16 0, L_0x128018e68;  1 drivers
v0x11381bbe0_0 .net *"_ivl_190", 16 0, L_0x113837100;  1 drivers
v0x11381bc70_0 .net *"_ivl_193", 15 0, L_0x1138371a0;  1 drivers
v0x11381bd00_0 .net *"_ivl_194", 15 0, L_0x12394b540;  1 drivers
v0x11381bd90_0 .net *"_ivl_21", 7 0, L_0x113834c70;  1 drivers
L_0x128018520 .functor BUFT 1, C4<00000000>, C4<0>, C4<0>, C4<0>;
v0x11381be20_0 .net/2u *"_ivl_24", 7 0, L_0x128018520;  1 drivers
v0x11381beb0_0 .net *"_ivl_27", 7 0, L_0x113834db0;  1 drivers
L_0x128018568 .functor BUFT 1, C4<00000000>, C4<0>, C4<0>, C4<0>;
v0x11381bf40_0 .net/2u *"_ivl_30", 7 0, L_0x128018568;  1 drivers
v0x11381bfd0_0 .net *"_ivl_33", 7 0, L_0x113834ef0;  1 drivers
L_0x1280185b0 .functor BUFT 1, C4<00000000>, C4<0>, C4<0>, C4<0>;
v0x11381c060_0 .net/2u *"_ivl_38", 7 0, L_0x1280185b0;  1 drivers
v0x11381c0f0_0 .net *"_ivl_41", 7 0, L_0x1138350d0;  1 drivers
v0x11381c180_0 .net *"_ivl_42", 15 0, L_0x113835170;  1 drivers
L_0x1280185f8 .functor BUFT 1, C4<00000000>, C4<0>, C4<0>, C4<0>;
v0x11381c210_0 .net/2u *"_ivl_46", 7 0, L_0x1280185f8;  1 drivers
v0x11381c2a0_0 .net *"_ivl_49", 7 0, L_0x1138352b0;  1 drivers
v0x11381c330_0 .net *"_ivl_50", 15 0, L_0x113835350;  1 drivers
L_0x128018640 .functor BUFT 1, C4<00000000>, C4<0>, C4<0>, C4<0>;
v0x11381c3c0_0 .net/2u *"_ivl_64", 7 0, L_0x128018640;  1 drivers
L_0x128018688 .functor BUFT 1, C4<00000000>, C4<0>, C4<0>, C4<0>;
v0x11381c450_0 .net/2u *"_ivl_68", 7 0, L_0x128018688;  1 drivers
v0x11381c4e0_0 .net *"_ivl_72", 31 0, L_0x113835700;  1 drivers
L_0x1280186d0 .functor BUFT 1, C4<0000000000000000>, C4<0>, C4<0>, C4<0>;
v0x11381c570_0 .net *"_ivl_75", 15 0, L_0x1280186d0;  1 drivers
v0x11381c600_0 .net *"_ivl_76", 31 0, L_0x113835840;  1 drivers
L_0x128018718 .functor BUFT 1, C4<00000000>, C4<0>, C4<0>, C4<0>;
v0x11381c690_0 .net *"_ivl_79", 7 0, L_0x128018718;  1 drivers
v0x11381c720_0 .net *"_ivl_80", 31 0, L_0x1138357a0;  1 drivers
v0x11381c7b0_0 .net *"_ivl_82", 23 0, L_0x1138358e0;  1 drivers
L_0x128018760 .functor BUFT 1, C4<00000000>, C4<0>, C4<0>, C4<0>;
v0x11381c840_0 .net *"_ivl_84", 7 0, L_0x128018760;  1 drivers
v0x11381c8d0_0 .net *"_ivl_86", 31 0, L_0x113835a30;  1 drivers
v0x11381c960_0 .net *"_ivl_88", 31 0, L_0x113835b90;  1 drivers
L_0x1280187a8 .functor BUFT 1, C4<00000000>, C4<0>, C4<0>, C4<0>;
v0x11381c9f0_0 .net *"_ivl_91", 7 0, L_0x1280187a8;  1 drivers
v0x11381ca80_0 .net *"_ivl_92", 31 0, L_0x113835ad0;  1 drivers
v0x11381cb10_0 .net *"_ivl_94", 23 0, L_0x113835980;  1 drivers
L_0x1280187f0 .functor BUFT 1, C4<00000000>, C4<0>, C4<0>, C4<0>;
v0x11381cba0_0 .net *"_ivl_96", 7 0, L_0x1280187f0;  1 drivers
v0x11381cc30_0 .net *"_ivl_98", 31 0, L_0x113835d00;  1 drivers
v0x11381ccc0_0 .net "clock", 0 0, L_0x1239558a0;  1 drivers
v0x11381cd50_0 .net "iA", 15 0, L_0x1239557a0;  1 drivers
v0x11381cde0_0 .net "iB", 15 0, L_0x1239555a0;  1 drivers
v0x11381ce70_0 .net "iC", 15 0, L_0x123955990;  1 drivers
v0x11381cf00_0 .net "iD", 15 0, L_0x1239552a0;  1 drivers
v0x11381cf90_0 .net "iF", 15 0, L_0x1239553a0;  1 drivers
v0x11381d020_0 .net "iG", 15 0, L_0x123954ea0;  1 drivers
v0x11381d0b0_0 .net "iH", 31 0, L_0x123950370;  1 drivers
v0x11381d140_0 .net "iJ", 15 0, L_0x1239551a0;  1 drivers
v0x11381d1d0_0 .net "iJ_e", 23 0, L_0x113835660;  1 drivers
v0x11381d260_0 .net "iK", 15 0, L_0x123954ca0;  1 drivers
v0x11381d2f0_0 .net "iK_e", 23 0, L_0x113835530;  1 drivers
v0x11381d380_0 .net "iL", 31 0, L_0x113836010;  1 drivers
v0x11381d410_0 .net "iP", 15 0, L_0x113836a30;  1 drivers
v0x11381d4a0_0 .net "iQ", 15 0, v0x11381dfe0_0;  1 drivers
v0x11381d530_0 .net "iR", 15 0, L_0x113836990;  1 drivers
v0x11381d5c0_0 .net "iS", 15 0, v0x11381e070_0;  1 drivers
v0x11381d650_0 .net "iW", 15 0, L_0x123954fa0;  1 drivers
v0x11381d6e0_0 .net "iX", 15 0, L_0x123954da0;  1 drivers
v0x11381d770_0 .net "iY", 15 0, L_0x123954ba0;  1 drivers
v0x11381d800_0 .net "iZ", 15 0, L_0x12394b840;  1 drivers
v0x11381d890_0 .net "p_Ah_Bh", 15 0, L_0x113835030;  1 drivers
v0x11381d920_0 .net "p_Ah_Bl", 15 0, L_0x1138353f0;  1 drivers
v0x11381d9b0_0 .net "p_Al_Bh", 15 0, L_0x113835210;  1 drivers
v0x11381da40_0 .net "p_Al_Bl", 15 0, L_0x113835490;  1 drivers
v0x11381dad0_0 .var "rA", 15 0;
v0x11381db60_0 .var "rB", 15 0;
v0x11381dbf0_0 .var "rC", 15 0;
v0x11381dc80_0 .var "rD", 15 0;
v0x11381dd10_0 .var "rF", 15 0;
v0x11381dda0_0 .var "rG", 15 0;
v0x11381de30_0 .var "rH", 31 0;
v0x11381dec0_0 .var "rJ", 15 0;
v0x11381df50_0 .var "rK", 15 0;
v0x11381dfe0_0 .var "rQ", 15 0;
v0x11381e070_0 .var "rS", 15 0;
E_0x123981b40 .event posedge, v0x11381a5a0_0, v0x11381ccc0_0;
E_0x123980460 .event posedge, v0x11381a630_0, v0x11381ccc0_0;
E_0x123980850 .event posedge, v0x11381a090_0, v0x11381ccc0_0;
E_0x1239837e0 .event posedge, v0x11381a120_0, v0x11381ccc0_0;
L_0x113834b30 .part L_0x1239557a0, 8, 8;
L_0x113834bd0 .concat [ 8 8 0 0], L_0x113834b30, L_0x128018490;
L_0x113834c70 .part L_0x1239557a0, 0, 8;
L_0x113834d10 .concat [ 8 8 0 0], L_0x113834c70, L_0x1280184d8;
L_0x113834db0 .part L_0x1239555a0, 8, 8;
L_0x113834e50 .concat [ 8 8 0 0], L_0x113834db0, L_0x128018520;
L_0x113834ef0 .part L_0x1239555a0, 0, 8;
L_0x113834f90 .concat [ 8 8 0 0], L_0x113834ef0, L_0x128018568;
L_0x113835030 .arith/mult 16, L_0x113834bd0, L_0x113834e50;
L_0x1138350d0 .part L_0x113834d10, 0, 8;
L_0x113835170 .concat [ 8 8 0 0], L_0x1138350d0, L_0x1280185b0;
L_0x113835210 .arith/mult 16, L_0x113835170, L_0x113834e50;
L_0x1138352b0 .part L_0x113834f90, 0, 8;
L_0x113835350 .concat [ 8 8 0 0], L_0x1138352b0, L_0x1280185f8;
L_0x1138353f0 .arith/mult 16, L_0x113834bd0, L_0x113835350;
L_0x113835490 .arith/mult 16, L_0x113834d10, L_0x113834f90;
L_0x113835530 .concat [ 16 8 0 0], L_0x123954ca0, L_0x128018640;
L_0x113835660 .concat [ 16 8 0 0], L_0x1239551a0, L_0x128018688;
L_0x113835700 .concat [ 16 16 0 0], L_0x123954ea0, L_0x1280186d0;
L_0x113835840 .concat [ 24 8 0 0], L_0x113835530, L_0x128018718;
L_0x1138358e0 .part L_0x113835840, 0, 24;
L_0x1138357a0 .concat [ 8 24 0 0], L_0x128018760, L_0x1138358e0;
L_0x113835a30 .arith/sum 32, L_0x113835700, L_0x1138357a0;
L_0x113835b90 .concat [ 24 8 0 0], L_0x113835660, L_0x1280187a8;
L_0x113835980 .part L_0x113835b90, 0, 24;
L_0x113835ad0 .concat [ 8 24 0 0], L_0x1280187f0, L_0x113835980;
L_0x113835d00 .arith/sum 32, L_0x113835a30, L_0x113835ad0;
L_0x113835e80 .concat [ 16 16 0 0], L_0x1239553a0, L_0x128018838;
L_0x113835c30 .part L_0x113835e80, 0, 16;
L_0x113835da0 .concat [ 16 16 0 0], L_0x128018880, L_0x113835c30;
L_0x113836010 .arith/sum 32, L_0x113835d00, L_0x113835da0;
L_0x113835f20 .part L_0x113836850, 16, 1;
L_0x1138361b0 .part L_0x113836850, 0, 16;
L_0x1138360b0 .concat [ 16 1 0 0], L_0x123954da0, L_0x1280188c8;
L_0x113836360 .concat [ 16 1 0 0], L_0x123954fa0, L_0x128018910;
L_0x113834a30 .repeat 16, 16, o0x108011280;
L_0x113836250 .concat [ 16 1 0 0], L_0x113834a30, L_0x128018958;
L_0x113836400 .arith/sum 17, L_0x1138360b0, L_0x1138362f0;
L_0x113836850 .arith/sum 17, L_0x113836400, L_0x128018e20;
L_0x113836720 .repeat 16, 16, o0x108011280;
L_0x113836a30 .functor MUXZ 16, L_0x12394b040, L_0x123955990, o0x108011730, C4<>;
L_0x1138368f0 .part L_0x123954da0, 15, 1;
L_0x113836c20 .part L_0x113837100, 16, 1;
L_0x113836ad0 .part L_0x113837100, 0, 16;
L_0x113836b70 .concat [ 16 1 0 0], L_0x12394b840, L_0x1280189e8;
L_0x113836e30 .concat [ 16 1 0 0], L_0x123954ba0, L_0x128018a30;
L_0x113836ed0 .repeat 16, 16, o0x108011250;
L_0x113836cc0 .concat [ 16 1 0 0], L_0x113836ed0, L_0x128018a78;
L_0x113836d60 .arith/sum 17, L_0x113836b70, L_0x12394b740;
L_0x113837100 .arith/sum 17, L_0x113836d60, L_0x128018e68;
L_0x1138371a0 .repeat 16, 16, o0x108011250;
L_0x113836990 .functor MUXZ 16, L_0x12394b540, L_0x1239552a0, o0x108011700, C4<>;
L_0x113837030 .concat [ 16 16 0 0], L_0x12394b340, L_0x12394b640;
S_0x122f177c0 .scope module, "SB_PLL40_2F_CORE" "SB_PLL40_2F_CORE" 3 2521;
 .timescale -12 -12;
    .port_info 0 /INPUT 1 "REFERENCECLK";
    .port_info 1 /OUTPUT 1 "PLLOUTCOREA";
    .port_info 2 /OUTPUT 1 "PLLOUTGLOBALA";
    .port_info 3 /OUTPUT 1 "PLLOUTCOREB";
    .port_info 4 /OUTPUT 1 "PLLOUTGLOBALB";
    .port_info 5 /INPUT 1 "EXTFEEDBACK";
    .port_info 6 /INPUT 8 "DYNAMICDELAY";
    .port_info 7 /OUTPUT 1 "LOCK";
    .port_info 8 /INPUT 1 "BYPASS";
    .port_info 9 /INPUT 1 "RESETB";
    .port_info 10 /INPUT 1 "LATCHINPUTVALUE";
    .port_info 11 /OUTPUT 1 "SDO";
    .port_info 12 /INPUT 1 "SDI";
    .port_info 13 /INPUT 1 "SCLK";
P_0x114008800 .param/str "DELAY_ADJUSTMENT_MODE_FEEDBACK" 0 3 2538, "FIXED";
P_0x114008840 .param/str "DELAY_ADJUSTMENT_MODE_RELATIVE" 0 3 2539, "FIXED";
P_0x114008880 .param/l "DIVF" 0 3 2546, C4<0000000>;
P_0x1140088c0 .param/l "DIVQ" 0 3 2547, C4<000>;
P_0x114008900 .param/l "DIVR" 0 3 2545, C4<0000>;
P_0x114008940 .param/l "ENABLE_ICEGATE_PORTA" 0 3 2549, C4<0>;
P_0x114008980 .param/l "ENABLE_ICEGATE_PORTB" 0 3 2550, C4<0>;
P_0x1140089c0 .param/l "EXTERNAL_DIVIDE_FACTOR" 0 3 2552, +C4<00000000000000000000000000000001>;
P_0x114008a00 .param/l "FDA_FEEDBACK" 0 3 2541, C4<0000>;
P_0x114008a40 .param/l "FDA_RELATIVE" 0 3 2542, C4<0000>;
P_0x114008a80 .param/str "FEEDBACK_PATH" 0 3 2537, "SIMPLE";
P_0x114008ac0 .param/l "FILTER_RANGE" 0 3 2548, C4<000>;
P_0x114008b00 .param/str "PLLOUT_SELECT_PORTA" 0 3 2543, "GENCLK";
P_0x114008b40 .param/str "PLLOUT_SELECT_PORTB" 0 3 2544, "GENCLK";
P_0x114008b80 .param/l "SHIFTREG_DIV_MODE" 0 3 2540, C4<0>;
P_0x114008bc0 .param/l "TEST_MODE" 0 3 2551, C4<0>;
o0x108013050 .functor BUFZ 1, c4<z>; HiZ drive
v0x11381e1e0_0 .net "BYPASS", 0 0, o0x108013050;  0 drivers
o0x108013080 .functor BUFZ 8, c4<zzzzzzzz>; HiZ drive
v0x11381e270_0 .net "DYNAMICDELAY", 7 0, o0x108013080;  0 drivers
o0x1080130b0 .functor BUFZ 1, c4<z>; HiZ drive
v0x11381e300_0 .net "EXTFEEDBACK", 0 0, o0x1080130b0;  0 drivers
o0x1080130e0 .functor BUFZ 1, c4<z>; HiZ drive
v0x11381e390_0 .net "LATCHINPUTVALUE", 0 0, o0x1080130e0;  0 drivers
o0x108013110 .functor BUFZ 1, c4<z>; HiZ drive
v0x11381e420_0 .net "LOCK", 0 0, o0x108013110;  0 drivers
o0x108013140 .functor BUFZ 1, c4<z>; HiZ drive
v0x11381e4b0_0 .net "PLLOUTCOREA", 0 0, o0x108013140;  0 drivers
o0x108013170 .functor BUFZ 1, c4<z>; HiZ drive
v0x11381e540_0 .net "PLLOUTCOREB", 0 0, o0x108013170;  0 drivers
o0x1080131a0 .functor BUFZ 1, c4<z>; HiZ drive
v0x11381e5d0_0 .net "PLLOUTGLOBALA", 0 0, o0x1080131a0;  0 drivers
o0x1080131d0 .functor BUFZ 1, c4<z>; HiZ drive
v0x11381e660_0 .net "PLLOUTGLOBALB", 0 0, o0x1080131d0;  0 drivers
o0x108013200 .functor BUFZ 1, c4<z>; HiZ drive
v0x11381e6f0_0 .net "REFERENCECLK", 0 0, o0x108013200;  0 drivers
o0x108013230 .functor BUFZ 1, c4<z>; HiZ drive
v0x11381e780_0 .net "RESETB", 0 0, o0x108013230;  0 drivers
o0x108013260 .functor BUFZ 1, c4<z>; HiZ drive
v0x11381e810_0 .net "SCLK", 0 0, o0x108013260;  0 drivers
o0x108013290 .functor BUFZ 1, c4<z>; HiZ drive
v0x11381e8a0_0 .net "SDI", 0 0, o0x108013290;  0 drivers
o0x1080132c0 .functor BUFZ 1, c4<z>; HiZ drive
v0x11381e930_0 .net "SDO", 0 0, o0x1080132c0;  0 drivers
S_0x122f18090 .scope module, "SB_PLL40_2F_PAD" "SB_PLL40_2F_PAD" 3 2556;
 .timescale -12 -12;
    .port_info 0 /INPUT 1 "PACKAGEPIN";
    .port_info 1 /OUTPUT 1 "PLLOUTCOREA";
    .port_info 2 /OUTPUT 1 "PLLOUTGLOBALA";
    .port_info 3 /OUTPUT 1 "PLLOUTCOREB";
    .port_info 4 /OUTPUT 1 "PLLOUTGLOBALB";
    .port_info 5 /INPUT 1 "EXTFEEDBACK";
    .port_info 6 /INPUT 8 "DYNAMICDELAY";
    .port_info 7 /OUTPUT 1 "LOCK";
    .port_info 8 /INPUT 1 "BYPASS";
    .port_info 9 /INPUT 1 "RESETB";
    .port_info 10 /INPUT 1 "LATCHINPUTVALUE";
    .port_info 11 /OUTPUT 1 "SDO";
    .port_info 12 /INPUT 1 "SDI";
    .port_info 13 /INPUT 1 "SCLK";
P_0x11400a200 .param/str "DELAY_ADJUSTMENT_MODE_FEEDBACK" 0 3 2573, "FIXED";
P_0x11400a240 .param/str "DELAY_ADJUSTMENT_MODE_RELATIVE" 0 3 2574, "FIXED";
P_0x11400a280 .param/l "DIVF" 0 3 2581, C4<0000000>;
P_0x11400a2c0 .param/l "DIVQ" 0 3 2582, C4<000>;
P_0x11400a300 .param/l "DIVR" 0 3 2580, C4<0000>;
P_0x11400a340 .param/l "ENABLE_ICEGATE_PORTA" 0 3 2584, C4<0>;
P_0x11400a380 .param/l "ENABLE_ICEGATE_PORTB" 0 3 2585, C4<0>;
P_0x11400a3c0 .param/l "EXTERNAL_DIVIDE_FACTOR" 0 3 2587, +C4<00000000000000000000000000000001>;
P_0x11400a400 .param/l "FDA_FEEDBACK" 0 3 2576, C4<0000>;
P_0x11400a440 .param/l "FDA_RELATIVE" 0 3 2577, C4<0000>;
P_0x11400a480 .param/str "FEEDBACK_PATH" 0 3 2572, "SIMPLE";
P_0x11400a4c0 .param/l "FILTER_RANGE" 0 3 2583, C4<000>;
P_0x11400a500 .param/str "PLLOUT_SELECT_PORTA" 0 3 2578, "GENCLK";
P_0x11400a540 .param/str "PLLOUT_SELECT_PORTB" 0 3 2579, "GENCLK";
P_0x11400a580 .param/l "SHIFTREG_DIV_MODE" 0 3 2575, C4<00>;
P_0x11400a5c0 .param/l "TEST_MODE" 0 3 2586, C4<0>;
o0x108013590 .functor BUFZ 1, c4<z>; HiZ drive
v0x11381e9c0_0 .net "BYPASS", 0 0, o0x108013590;  0 drivers
o0x1080135c0 .functor BUFZ 8, c4<zzzzzzzz>; HiZ drive
v0x11381ea50_0 .net "DYNAMICDELAY", 7 0, o0x1080135c0;  0 drivers
o0x1080135f0 .functor BUFZ 1, c4<z>; HiZ drive
v0x11381eae0_0 .net "EXTFEEDBACK", 0 0, o0x1080135f0;  0 drivers
o0x108013620 .functor BUFZ 1, c4<z>; HiZ drive
v0x11381eb70_0 .net "LATCHINPUTVALUE", 0 0, o0x108013620;  0 drivers
o0x108013650 .functor BUFZ 1, c4<z>; HiZ drive
v0x11381ec00_0 .net "LOCK", 0 0, o0x108013650;  0 drivers
o0x108013680 .functor BUFZ 1, c4<z>; HiZ drive
v0x11381ec90_0 .net "PACKAGEPIN", 0 0, o0x108013680;  0 drivers
o0x1080136b0 .functor BUFZ 1, c4<z>; HiZ drive
v0x11381ed20_0 .net "PLLOUTCOREA", 0 0, o0x1080136b0;  0 drivers
o0x1080136e0 .functor BUFZ 1, c4<z>; HiZ drive
v0x11381edb0_0 .net "PLLOUTCOREB", 0 0, o0x1080136e0;  0 drivers
o0x108013710 .functor BUFZ 1, c4<z>; HiZ drive
v0x11381ee40_0 .net "PLLOUTGLOBALA", 0 0, o0x108013710;  0 drivers
o0x108013740 .functor BUFZ 1, c4<z>; HiZ drive
v0x11381eed0_0 .net "PLLOUTGLOBALB", 0 0, o0x108013740;  0 drivers
o0x108013770 .functor BUFZ 1, c4<z>; HiZ drive
v0x11381ef60_0 .net "RESETB", 0 0, o0x108013770;  0 drivers
o0x1080137a0 .functor BUFZ 1, c4<z>; HiZ drive
v0x11381eff0_0 .net "SCLK", 0 0, o0x1080137a0;  0 drivers
o0x1080137d0 .functor BUFZ 1, c4<z>; HiZ drive
v0x11381f080_0 .net "SDI", 0 0, o0x1080137d0;  0 drivers
o0x108013800 .functor BUFZ 1, c4<z>; HiZ drive
v0x11381f110_0 .net "SDO", 0 0, o0x108013800;  0 drivers
S_0x122f18960 .scope module, "SB_PLL40_2_PAD" "SB_PLL40_2_PAD" 3 2487;
 .timescale -12 -12;
    .port_info 0 /INPUT 1 "PACKAGEPIN";
    .port_info 1 /OUTPUT 1 "PLLOUTCOREA";
    .port_info 2 /OUTPUT 1 "PLLOUTGLOBALA";
    .port_info 3 /OUTPUT 1 "PLLOUTCOREB";
    .port_info 4 /OUTPUT 1 "PLLOUTGLOBALB";
    .port_info 5 /INPUT 1 "EXTFEEDBACK";
    .port_info 6 /INPUT 8 "DYNAMICDELAY";
    .port_info 7 /OUTPUT 1 "LOCK";
    .port_info 8 /INPUT 1 "BYPASS";
    .port_info 9 /INPUT 1 "RESETB";
    .port_info 10 /INPUT 1 "LATCHINPUTVALUE";
    .port_info 11 /OUTPUT 1 "SDO";
    .port_info 12 /INPUT 1 "SDI";
    .port_info 13 /INPUT 1 "SCLK";
P_0x122f18ad0 .param/str "DELAY_ADJUSTMENT_MODE_FEEDBACK" 0 3 2504, "FIXED";
P_0x122f18b10 .param/str "DELAY_ADJUSTMENT_MODE_RELATIVE" 0 3 2505, "FIXED";
P_0x122f18b50 .param/l "DIVF" 0 3 2511, C4<0000000>;
P_0x122f18b90 .param/l "DIVQ" 0 3 2512, C4<000>;
P_0x122f18bd0 .param/l "DIVR" 0 3 2510, C4<0000>;
P_0x122f18c10 .param/l "ENABLE_ICEGATE_PORTA" 0 3 2514, C4<0>;
P_0x122f18c50 .param/l "ENABLE_ICEGATE_PORTB" 0 3 2515, C4<0>;
P_0x122f18c90 .param/l "EXTERNAL_DIVIDE_FACTOR" 0 3 2517, +C4<00000000000000000000000000000001>;
P_0x122f18cd0 .param/l "FDA_FEEDBACK" 0 3 2507, C4<0000>;
P_0x122f18d10 .param/l "FDA_RELATIVE" 0 3 2508, C4<0000>;
P_0x122f18d50 .param/str "FEEDBACK_PATH" 0 3 2503, "SIMPLE";
P_0x122f18d90 .param/l "FILTER_RANGE" 0 3 2513, C4<000>;
P_0x122f18dd0 .param/str "PLLOUT_SELECT_PORTB" 0 3 2509, "GENCLK";
P_0x122f18e10 .param/l "SHIFTREG_DIV_MODE" 0 3 2506, C4<0>;
P_0x122f18e50 .param/l "TEST_MODE" 0 3 2516, C4<0>;
o0x108013ad0 .functor BUFZ 1, c4<z>; HiZ drive
v0x11381f1a0_0 .net "BYPASS", 0 0, o0x108013ad0;  0 drivers
o0x108013b00 .functor BUFZ 8, c4<zzzzzzzz>; HiZ drive
v0x11381f230_0 .net "DYNAMICDELAY", 7 0, o0x108013b00;  0 drivers
o0x108013b30 .functor BUFZ 1, c4<z>; HiZ drive
v0x11381f2c0_0 .net "EXTFEEDBACK", 0 0, o0x108013b30;  0 drivers
o0x108013b60 .functor BUFZ 1, c4<z>; HiZ drive
v0x11381f350_0 .net "LATCHINPUTVALUE", 0 0, o0x108013b60;  0 drivers
o0x108013b90 .functor BUFZ 1, c4<z>; HiZ drive
v0x11381f3e0_0 .net "LOCK", 0 0, o0x108013b90;  0 drivers
o0x108013bc0 .functor BUFZ 1, c4<z>; HiZ drive
v0x11381f470_0 .net "PACKAGEPIN", 0 0, o0x108013bc0;  0 drivers
o0x108013bf0 .functor BUFZ 1, c4<z>; HiZ drive
v0x11381f500_0 .net "PLLOUTCOREA", 0 0, o0x108013bf0;  0 drivers
o0x108013c20 .functor BUFZ 1, c4<z>; HiZ drive
v0x11381f590_0 .net "PLLOUTCOREB", 0 0, o0x108013c20;  0 drivers
o0x108013c50 .functor BUFZ 1, c4<z>; HiZ drive
v0x11381f620_0 .net "PLLOUTGLOBALA", 0 0, o0x108013c50;  0 drivers
o0x108013c80 .functor BUFZ 1, c4<z>; HiZ drive
v0x11381f6b0_0 .net "PLLOUTGLOBALB", 0 0, o0x108013c80;  0 drivers
o0x108013cb0 .functor BUFZ 1, c4<z>; HiZ drive
v0x11381f740_0 .net "RESETB", 0 0, o0x108013cb0;  0 drivers
o0x108013ce0 .functor BUFZ 1, c4<z>; HiZ drive
v0x11381f7d0_0 .net "SCLK", 0 0, o0x108013ce0;  0 drivers
o0x108013d10 .functor BUFZ 1, c4<z>; HiZ drive
v0x11381f860_0 .net "SDI", 0 0, o0x108013d10;  0 drivers
o0x108013d40 .functor BUFZ 1, c4<z>; HiZ drive
v0x11381f8f0_0 .net "SDO", 0 0, o0x108013d40;  0 drivers
S_0x122f195a0 .scope module, "SB_PLL40_CORE" "SB_PLL40_CORE" 3 2425;
 .timescale -12 -12;
    .port_info 0 /INPUT 1 "REFERENCECLK";
    .port_info 1 /OUTPUT 1 "PLLOUTCORE";
    .port_info 2 /OUTPUT 1 "PLLOUTGLOBAL";
    .port_info 3 /INPUT 1 "EXTFEEDBACK";
    .port_info 4 /INPUT 8 "DYNAMICDELAY";
    .port_info 5 /OUTPUT 1 "LOCK";
    .port_info 6 /INPUT 1 "BYPASS";
    .port_info 7 /INPUT 1 "RESETB";
    .port_info 8 /INPUT 1 "LATCHINPUTVALUE";
    .port_info 9 /OUTPUT 1 "SDO";
    .port_info 10 /INPUT 1 "SDI";
    .port_info 11 /INPUT 1 "SCLK";
P_0x122f19710 .param/str "DELAY_ADJUSTMENT_MODE_FEEDBACK" 0 3 2440, "FIXED";
P_0x122f19750 .param/str "DELAY_ADJUSTMENT_MODE_RELATIVE" 0 3 2441, "FIXED";
P_0x122f19790 .param/l "DIVF" 0 3 2447, C4<0000000>;
P_0x122f197d0 .param/l "DIVQ" 0 3 2448, C4<000>;
P_0x122f19810 .param/l "DIVR" 0 3 2446, C4<0000>;
P_0x122f19850 .param/l "ENABLE_ICEGATE" 0 3 2450, C4<0>;
P_0x122f19890 .param/l "EXTERNAL_DIVIDE_FACTOR" 0 3 2452, +C4<00000000000000000000000000000001>;
P_0x122f198d0 .param/l "FDA_FEEDBACK" 0 3 2443, C4<0000>;
P_0x122f19910 .param/l "FDA_RELATIVE" 0 3 2444, C4<0000>;
P_0x122f19950 .param/str "FEEDBACK_PATH" 0 3 2439, "SIMPLE";
P_0x122f19990 .param/l "FILTER_RANGE" 0 3 2449, C4<000>;
P_0x122f199d0 .param/str "PLLOUT_SELECT" 0 3 2445, "GENCLK";
P_0x122f19a10 .param/l "SHIFTREG_DIV_MODE" 0 3 2442, C4<0>;
P_0x122f19a50 .param/l "TEST_MODE" 0 3 2451, C4<0>;
o0x108014010 .functor BUFZ 1, c4<z>; HiZ drive
v0x11381f980_0 .net "BYPASS", 0 0, o0x108014010;  0 drivers
o0x108014040 .functor BUFZ 8, c4<zzzzzzzz>; HiZ drive
v0x11381fa10_0 .net "DYNAMICDELAY", 7 0, o0x108014040;  0 drivers
o0x108014070 .functor BUFZ 1, c4<z>; HiZ drive
v0x11381faa0_0 .net "EXTFEEDBACK", 0 0, o0x108014070;  0 drivers
o0x1080140a0 .functor BUFZ 1, c4<z>; HiZ drive
v0x11381fb30_0 .net "LATCHINPUTVALUE", 0 0, o0x1080140a0;  0 drivers
o0x1080140d0 .functor BUFZ 1, c4<z>; HiZ drive
v0x11381fbc0_0 .net "LOCK", 0 0, o0x1080140d0;  0 drivers
o0x108014100 .functor BUFZ 1, c4<z>; HiZ drive
v0x11381fc50_0 .net "PLLOUTCORE", 0 0, o0x108014100;  0 drivers
o0x108014130 .functor BUFZ 1, c4<z>; HiZ drive
v0x11381fce0_0 .net "PLLOUTGLOBAL", 0 0, o0x108014130;  0 drivers
o0x108014160 .functor BUFZ 1, c4<z>; HiZ drive
v0x11381fd70_0 .net "REFERENCECLK", 0 0, o0x108014160;  0 drivers
o0x108014190 .functor BUFZ 1, c4<z>; HiZ drive
v0x11381fe00_0 .net "RESETB", 0 0, o0x108014190;  0 drivers
o0x1080141c0 .functor BUFZ 1, c4<z>; HiZ drive
v0x11381fe90_0 .net "SCLK", 0 0, o0x1080141c0;  0 drivers
o0x1080141f0 .functor BUFZ 1, c4<z>; HiZ drive
v0x11381ff20_0 .net "SDI", 0 0, o0x1080141f0;  0 drivers
o0x108014220 .functor BUFZ 1, c4<z>; HiZ drive
v0x11381ffb0_0 .net "SDO", 0 0, o0x108014220;  0 drivers
S_0x122f1a100 .scope module, "SB_PLL40_PAD" "SB_PLL40_PAD" 3 2456;
 .timescale -12 -12;
    .port_info 0 /INPUT 1 "PACKAGEPIN";
    .port_info 1 /OUTPUT 1 "PLLOUTCORE";
    .port_info 2 /OUTPUT 1 "PLLOUTGLOBAL";
    .port_info 3 /INPUT 1 "EXTFEEDBACK";
    .port_info 4 /INPUT 8 "DYNAMICDELAY";
    .port_info 5 /OUTPUT 1 "LOCK";
    .port_info 6 /INPUT 1 "BYPASS";
    .port_info 7 /INPUT 1 "RESETB";
    .port_info 8 /INPUT 1 "LATCHINPUTVALUE";
    .port_info 9 /OUTPUT 1 "SDO";
    .port_info 10 /INPUT 1 "SDI";
    .port_info 11 /INPUT 1 "SCLK";
P_0x122f1a270 .param/str "DELAY_ADJUSTMENT_MODE_FEEDBACK" 0 3 2471, "FIXED";
P_0x122f1a2b0 .param/str "DELAY_ADJUSTMENT_MODE_RELATIVE" 0 3 2472, "FIXED";
P_0x122f1a2f0 .param/l "DIVF" 0 3 2478, C4<0000000>;
P_0x122f1a330 .param/l "DIVQ" 0 3 2479, C4<000>;
P_0x122f1a370 .param/l "DIVR" 0 3 2477, C4<0000>;
P_0x122f1a3b0 .param/l "ENABLE_ICEGATE" 0 3 2481, C4<0>;
P_0x122f1a3f0 .param/l "EXTERNAL_DIVIDE_FACTOR" 0 3 2483, +C4<00000000000000000000000000000001>;
P_0x122f1a430 .param/l "FDA_FEEDBACK" 0 3 2474, C4<0000>;
P_0x122f1a470 .param/l "FDA_RELATIVE" 0 3 2475, C4<0000>;
P_0x122f1a4b0 .param/str "FEEDBACK_PATH" 0 3 2470, "SIMPLE";
P_0x122f1a4f0 .param/l "FILTER_RANGE" 0 3 2480, C4<000>;
P_0x122f1a530 .param/str "PLLOUT_SELECT" 0 3 2476, "GENCLK";
P_0x122f1a570 .param/l "SHIFTREG_DIV_MODE" 0 3 2473, C4<0>;
P_0x122f1a5b0 .param/l "TEST_MODE" 0 3 2482, C4<0>;
o0x108014490 .functor BUFZ 1, c4<z>; HiZ drive
v0x113820040_0 .net "BYPASS", 0 0, o0x108014490;  0 drivers
o0x1080144c0 .functor BUFZ 8, c4<zzzzzzzz>; HiZ drive
v0x1138200d0_0 .net "DYNAMICDELAY", 7 0, o0x1080144c0;  0 drivers
o0x1080144f0 .functor BUFZ 1, c4<z>; HiZ drive
v0x113820160_0 .net "EXTFEEDBACK", 0 0, o0x1080144f0;  0 drivers
o0x108014520 .functor BUFZ 1, c4<z>; HiZ drive
v0x1138201f0_0 .net "LATCHINPUTVALUE", 0 0, o0x108014520;  0 drivers
o0x108014550 .functor BUFZ 1, c4<z>; HiZ drive
v0x113820280_0 .net "LOCK", 0 0, o0x108014550;  0 drivers
o0x108014580 .functor BUFZ 1, c4<z>; HiZ drive
v0x113820310_0 .net "PACKAGEPIN", 0 0, o0x108014580;  0 drivers
o0x1080145b0 .functor BUFZ 1, c4<z>; HiZ drive
v0x1138203a0_0 .net "PLLOUTCORE", 0 0, o0x1080145b0;  0 drivers
o0x1080145e0 .functor BUFZ 1, c4<z>; HiZ drive
v0x113820430_0 .net "PLLOUTGLOBAL", 0 0, o0x1080145e0;  0 drivers
o0x108014610 .functor BUFZ 1, c4<z>; HiZ drive
v0x1138204c0_0 .net "RESETB", 0 0, o0x108014610;  0 drivers
o0x108014640 .functor BUFZ 1, c4<z>; HiZ drive
v0x113820550_0 .net "SCLK", 0 0, o0x108014640;  0 drivers
o0x108014670 .functor BUFZ 1, c4<z>; HiZ drive
v0x1138205e0_0 .net "SDI", 0 0, o0x108014670;  0 drivers
o0x1080146a0 .functor BUFZ 1, c4<z>; HiZ drive
v0x113820670_0 .net "SDO", 0 0, o0x1080146a0;  0 drivers
S_0x122f1ac60 .scope module, "SB_RAM40_4KNR" "SB_RAM40_4KNR" 3 1726;
 .timescale -12 -12;
    .port_info 0 /OUTPUT 16 "RDATA";
    .port_info 1 /INPUT 1 "RCLKN";
    .port_info 2 /INPUT 1 "RCLKE";
    .port_info 3 /INPUT 1 "RE";
    .port_info 4 /INPUT 11 "RADDR";
    .port_info 5 /INPUT 1 "WCLK";
    .port_info 6 /INPUT 1 "WCLKE";
    .port_info 7 /INPUT 1 "WE";
    .port_info 8 /INPUT 11 "WADDR";
    .port_info 9 /INPUT 16 "MASK";
    .port_info 10 /INPUT 16 "WDATA";
P_0x11400a600 .param/l "INIT_0" 0 3 1742, C4<0000000000000000000000000000000000000000000000000000000000000000000000000000000000000000000000000000000000000000000000000000000000000000000000000000000000000000000000000000000000000000000000000000000000000000000000000000000000000000000000000000000000000000>;
P_0x11400a640 .param/l "INIT_1" 0 3 1743, C4<0000000000000000000000000000000000000000000000000000000000000000000000000000000000000000000000000000000000000000000000000000000000000000000000000000000000000000000000000000000000000000000000000000000000000000000000000000000000000000000000000000000000000000>;
P_0x11400a680 .param/l "INIT_2" 0 3 1744, C4<0000000000000000000000000000000000000000000000000000000000000000000000000000000000000000000000000000000000000000000000000000000000000000000000000000000000000000000000000000000000000000000000000000000000000000000000000000000000000000000000000000000000000000>;
P_0x11400a6c0 .param/l "INIT_3" 0 3 1745, C4<0000000000000000000000000000000000000000000000000000000000000000000000000000000000000000000000000000000000000000000000000000000000000000000000000000000000000000000000000000000000000000000000000000000000000000000000000000000000000000000000000000000000000000>;
P_0x11400a700 .param/l "INIT_4" 0 3 1746, C4<0000000000000000000000000000000000000000000000000000000000000000000000000000000000000000000000000000000000000000000000000000000000000000000000000000000000000000000000000000000000000000000000000000000000000000000000000000000000000000000000000000000000000000>;
P_0x11400a740 .param/l "INIT_5" 0 3 1747, C4<0000000000000000000000000000000000000000000000000000000000000000000000000000000000000000000000000000000000000000000000000000000000000000000000000000000000000000000000000000000000000000000000000000000000000000000000000000000000000000000000000000000000000000>;
P_0x11400a780 .param/l "INIT_6" 0 3 1748, C4<0000000000000000000000000000000000000000000000000000000000000000000000000000000000000000000000000000000000000000000000000000000000000000000000000000000000000000000000000000000000000000000000000000000000000000000000000000000000000000000000000000000000000000>;
P_0x11400a7c0 .param/l "INIT_7" 0 3 1749, C4<0000000000000000000000000000000000000000000000000000000000000000000000000000000000000000000000000000000000000000000000000000000000000000000000000000000000000000000000000000000000000000000000000000000000000000000000000000000000000000000000000000000000000000>;
P_0x11400a800 .param/l "INIT_8" 0 3 1750, C4<0000000000000000000000000000000000000000000000000000000000000000000000000000000000000000000000000000000000000000000000000000000000000000000000000000000000000000000000000000000000000000000000000000000000000000000000000000000000000000000000000000000000000000>;
P_0x11400a840 .param/l "INIT_9" 0 3 1751, C4<0000000000000000000000000000000000000000000000000000000000000000000000000000000000000000000000000000000000000000000000000000000000000000000000000000000000000000000000000000000000000000000000000000000000000000000000000000000000000000000000000000000000000000>;
P_0x11400a880 .param/l "INIT_A" 0 3 1752, C4<0000000000000000000000000000000000000000000000000000000000000000000000000000000000000000000000000000000000000000000000000000000000000000000000000000000000000000000000000000000000000000000000000000000000000000000000000000000000000000000000000000000000000000>;
P_0x11400a8c0 .param/l "INIT_B" 0 3 1753, C4<0000000000000000000000000000000000000000000000000000000000000000000000000000000000000000000000000000000000000000000000000000000000000000000000000000000000000000000000000000000000000000000000000000000000000000000000000000000000000000000000000000000000000000>;
P_0x11400a900 .param/l "INIT_C" 0 3 1754, C4<0000000000000000000000000000000000000000000000000000000000000000000000000000000000000000000000000000000000000000000000000000000000000000000000000000000000000000000000000000000000000000000000000000000000000000000000000000000000000000000000000000000000000000>;
P_0x11400a940 .param/l "INIT_D" 0 3 1755, C4<0000000000000000000000000000000000000000000000000000000000000000000000000000000000000000000000000000000000000000000000000000000000000000000000000000000000000000000000000000000000000000000000000000000000000000000000000000000000000000000000000000000000000000>;
P_0x11400a980 .param/l "INIT_E" 0 3 1756, C4<0000000000000000000000000000000000000000000000000000000000000000000000000000000000000000000000000000000000000000000000000000000000000000000000000000000000000000000000000000000000000000000000000000000000000000000000000000000000000000000000000000000000000000>;
P_0x11400a9c0 .param/l "INIT_F" 0 3 1757, C4<0000000000000000000000000000000000000000000000000000000000000000000000000000000000000000000000000000000000000000000000000000000000000000000000000000000000000000000000000000000000000000000000000000000000000000000000000000000000000000000000000000000000000000>;
P_0x11400aa00 .param/str "INIT_FILE" 0 3 1759, "\000";
P_0x11400aa40 .param/l "READ_MODE" 0 3 1740, +C4<00000000000000000000000000000000>;
P_0x11400aa80 .param/l "WRITE_MODE" 0 3 1739, +C4<00000000000000000000000000000000>;
o0x108014e20 .functor BUFZ 1, c4<z>; HiZ drive
L_0x12394af40 .functor NOT 1, o0x108014e20, C4<0>, C4<0>, C4<0>;
o0x108014910 .functor BUFZ 16, c4<zzzzzzzzzzzzzzzz>; HiZ drive
v0x113822a20_0 .net "MASK", 15 0, o0x108014910;  0 drivers
o0x108014940 .functor BUFZ 11, c4<zzzzzzzzzzz>; HiZ drive
v0x113822ab0_0 .net "RADDR", 10 0, o0x108014940;  0 drivers
o0x1080149a0 .functor BUFZ 1, c4<z>; HiZ drive
v0x113822b40_0 .net "RCLKE", 0 0, o0x1080149a0;  0 drivers
v0x113822bd0_0 .net "RCLKN", 0 0, o0x108014e20;  0 drivers
v0x113822c60_0 .net "RDATA", 15 0, L_0x12394ae40;  1 drivers
o0x108014a30 .functor BUFZ 1, c4<z>; HiZ drive
v0x113822cf0_0 .net "RE", 0 0, o0x108014a30;  0 drivers
o0x108014a90 .functor BUFZ 11, c4<zzzzzzzzzzz>; HiZ drive
v0x113822d80_0 .net "WADDR", 10 0, o0x108014a90;  0 drivers
o0x108014ac0 .functor BUFZ 1, c4<z>; HiZ drive
v0x113822e10_0 .net "WCLK", 0 0, o0x108014ac0;  0 drivers
o0x108014af0 .functor BUFZ 1, c4<z>; HiZ drive
v0x113822ea0_0 .net "WCLKE", 0 0, o0x108014af0;  0 drivers
o0x108014b20 .functor BUFZ 16, c4<zzzzzzzzzzzzzzzz>; HiZ drive
v0x113822f30_0 .net "WDATA", 15 0, o0x108014b20;  0 drivers
o0x108014b80 .functor BUFZ 1, c4<z>; HiZ drive
v0x113822fc0_0 .net "WE", 0 0, o0x108014b80;  0 drivers
S_0x113820700 .scope module, "RAM" "SB_RAM40_4K" 3 1781, 3 1487 0, S_0x122f1ac60;
 .timescale -12 -12;
    .port_info 0 /OUTPUT 16 "RDATA";
    .port_info 1 /INPUT 1 "RCLK";
    .port_info 2 /INPUT 1 "RCLKE";
    .port_info 3 /INPUT 1 "RE";
    .port_info 4 /INPUT 11 "RADDR";
    .port_info 5 /INPUT 1 "WCLK";
    .port_info 6 /INPUT 1 "WCLKE";
    .port_info 7 /INPUT 1 "WE";
    .port_info 8 /INPUT 11 "WADDR";
    .port_info 9 /INPUT 16 "MASK";
    .port_info 10 /INPUT 16 "WDATA";
P_0x113021e00 .param/l "INIT_0" 0 3 1507, C4<0000000000000000000000000000000000000000000000000000000000000000000000000000000000000000000000000000000000000000000000000000000000000000000000000000000000000000000000000000000000000000000000000000000000000000000000000000000000000000000000000000000000000000>;
P_0x113021e40 .param/l "INIT_1" 0 3 1508, C4<0000000000000000000000000000000000000000000000000000000000000000000000000000000000000000000000000000000000000000000000000000000000000000000000000000000000000000000000000000000000000000000000000000000000000000000000000000000000000000000000000000000000000000>;
P_0x113021e80 .param/l "INIT_2" 0 3 1509, C4<0000000000000000000000000000000000000000000000000000000000000000000000000000000000000000000000000000000000000000000000000000000000000000000000000000000000000000000000000000000000000000000000000000000000000000000000000000000000000000000000000000000000000000>;
P_0x113021ec0 .param/l "INIT_3" 0 3 1510, C4<0000000000000000000000000000000000000000000000000000000000000000000000000000000000000000000000000000000000000000000000000000000000000000000000000000000000000000000000000000000000000000000000000000000000000000000000000000000000000000000000000000000000000000>;
P_0x113021f00 .param/l "INIT_4" 0 3 1511, C4<0000000000000000000000000000000000000000000000000000000000000000000000000000000000000000000000000000000000000000000000000000000000000000000000000000000000000000000000000000000000000000000000000000000000000000000000000000000000000000000000000000000000000000>;
P_0x113021f40 .param/l "INIT_5" 0 3 1512, C4<0000000000000000000000000000000000000000000000000000000000000000000000000000000000000000000000000000000000000000000000000000000000000000000000000000000000000000000000000000000000000000000000000000000000000000000000000000000000000000000000000000000000000000>;
P_0x113021f80 .param/l "INIT_6" 0 3 1513, C4<0000000000000000000000000000000000000000000000000000000000000000000000000000000000000000000000000000000000000000000000000000000000000000000000000000000000000000000000000000000000000000000000000000000000000000000000000000000000000000000000000000000000000000>;
P_0x113021fc0 .param/l "INIT_7" 0 3 1514, C4<0000000000000000000000000000000000000000000000000000000000000000000000000000000000000000000000000000000000000000000000000000000000000000000000000000000000000000000000000000000000000000000000000000000000000000000000000000000000000000000000000000000000000000>;
P_0x113022000 .param/l "INIT_8" 0 3 1515, C4<0000000000000000000000000000000000000000000000000000000000000000000000000000000000000000000000000000000000000000000000000000000000000000000000000000000000000000000000000000000000000000000000000000000000000000000000000000000000000000000000000000000000000000>;
P_0x113022040 .param/l "INIT_9" 0 3 1516, C4<0000000000000000000000000000000000000000000000000000000000000000000000000000000000000000000000000000000000000000000000000000000000000000000000000000000000000000000000000000000000000000000000000000000000000000000000000000000000000000000000000000000000000000>;
P_0x113022080 .param/l "INIT_A" 0 3 1517, C4<0000000000000000000000000000000000000000000000000000000000000000000000000000000000000000000000000000000000000000000000000000000000000000000000000000000000000000000000000000000000000000000000000000000000000000000000000000000000000000000000000000000000000000>;
P_0x1130220c0 .param/l "INIT_B" 0 3 1518, C4<0000000000000000000000000000000000000000000000000000000000000000000000000000000000000000000000000000000000000000000000000000000000000000000000000000000000000000000000000000000000000000000000000000000000000000000000000000000000000000000000000000000000000000>;
P_0x113022100 .param/l "INIT_C" 0 3 1519, C4<0000000000000000000000000000000000000000000000000000000000000000000000000000000000000000000000000000000000000000000000000000000000000000000000000000000000000000000000000000000000000000000000000000000000000000000000000000000000000000000000000000000000000000>;
P_0x113022140 .param/l "INIT_D" 0 3 1520, C4<0000000000000000000000000000000000000000000000000000000000000000000000000000000000000000000000000000000000000000000000000000000000000000000000000000000000000000000000000000000000000000000000000000000000000000000000000000000000000000000000000000000000000000>;
P_0x113022180 .param/l "INIT_E" 0 3 1521, C4<0000000000000000000000000000000000000000000000000000000000000000000000000000000000000000000000000000000000000000000000000000000000000000000000000000000000000000000000000000000000000000000000000000000000000000000000000000000000000000000000000000000000000000>;
P_0x1130221c0 .param/l "INIT_F" 0 3 1522, C4<0000000000000000000000000000000000000000000000000000000000000000000000000000000000000000000000000000000000000000000000000000000000000000000000000000000000000000000000000000000000000000000000000000000000000000000000000000000000000000000000000000000000000000>;
P_0x113022200 .param/str "INIT_FILE" 0 3 1524, "\000";
P_0x113022240 .param/l "READ_MODE" 0 3 1505, +C4<00000000000000000000000000000000>;
P_0x113022280 .param/l "WRITE_MODE" 0 3 1504, +C4<00000000000000000000000000000000>;
v0x113821f90_0 .net "MASK", 15 0, o0x108014910;  alias, 0 drivers
v0x113822020_0 .net "RADDR", 10 0, o0x108014940;  alias, 0 drivers
v0x1138220b0_0 .net "RCLK", 0 0, L_0x12394af40;  1 drivers
v0x113822140_0 .net "RCLKE", 0 0, o0x1080149a0;  alias, 0 drivers
v0x1138221d0_0 .net "RDATA", 15 0, L_0x12394ae40;  alias, 1 drivers
v0x113822260_0 .var "RDATA_I", 15 0;
v0x1138222f0_0 .net "RE", 0 0, o0x108014a30;  alias, 0 drivers
L_0x128018b08 .functor BUFT 1, C4<0000000000000000>, C4<0>, C4<0>, C4<0>;
v0x113822380_0 .net "RMASK_I", 15 0, L_0x128018b08;  1 drivers
v0x113822410_0 .net "WADDR", 10 0, o0x108014a90;  alias, 0 drivers
v0x1138224a0_0 .net "WCLK", 0 0, o0x108014ac0;  alias, 0 drivers
v0x113822530_0 .net "WCLKE", 0 0, o0x108014af0;  alias, 0 drivers
v0x1138225c0_0 .net "WDATA", 15 0, o0x108014b20;  alias, 0 drivers
v0x113822650_0 .net "WDATA_I", 15 0, L_0x12394ac40;  1 drivers
v0x1138226e0_0 .net "WE", 0 0, o0x108014b80;  alias, 0 drivers
v0x113822770_0 .net "WMASK_I", 15 0, L_0x12394b140;  1 drivers
v0x113822800_0 .var/i "i", 31 0;
v0x113822890 .array "memory", 255 0, 15 0;
E_0x123929c80 .event posedge, v0x1138220b0_0;
E_0x12392a080 .event posedge, v0x1138224a0_0;
S_0x1138219d0 .scope generate, "genblk1" "genblk1" 3 1534, 3 1534 0, S_0x113820700;
 .timescale -12 -12;
L_0x12394b140 .functor BUFZ 16, o0x108014910, C4<0000000000000000>, C4<0000000000000000>, C4<0000000000000000>;
S_0x113821b40 .scope generate, "genblk2" "genblk2" 3 1555, 3 1555 0, S_0x113820700;
 .timescale -12 -12;
S_0x113821cb0 .scope generate, "genblk3" "genblk3" 3 1576, 3 1576 0, S_0x113820700;
 .timescale -12 -12;
L_0x12394ac40 .functor BUFZ 16, o0x108014b20, C4<0000000000000000>, C4<0000000000000000>, C4<0000000000000000>;
S_0x113821e20 .scope generate, "genblk4" "genblk4" 3 1595, 3 1595 0, S_0x113820700;
 .timescale -12 -12;
L_0x12394ae40 .functor BUFZ 16, v0x113822260_0, C4<0000000000000000>, C4<0000000000000000>, C4<0000000000000000>;
S_0x122f1c510 .scope module, "SB_RAM40_4KNRNW" "SB_RAM40_4KNRNW" 3 1998;
 .timescale -12 -12;
    .port_info 0 /OUTPUT 16 "RDATA";
    .port_info 1 /INPUT 1 "RCLKN";
    .port_info 2 /INPUT 1 "RCLKE";
    .port_info 3 /INPUT 1 "RE";
    .port_info 4 /INPUT 11 "RADDR";
    .port_info 5 /INPUT 1 "WCLKN";
    .port_info 6 /INPUT 1 "WCLKE";
    .port_info 7 /INPUT 1 "WE";
    .port_info 8 /INPUT 11 "WADDR";
    .port_info 9 /INPUT 16 "MASK";
    .port_info 10 /INPUT 16 "WDATA";
P_0x11400b000 .param/l "INIT_0" 0 3 2014, C4<0000000000000000000000000000000000000000000000000000000000000000000000000000000000000000000000000000000000000000000000000000000000000000000000000000000000000000000000000000000000000000000000000000000000000000000000000000000000000000000000000000000000000000>;
P_0x11400b040 .param/l "INIT_1" 0 3 2015, C4<0000000000000000000000000000000000000000000000000000000000000000000000000000000000000000000000000000000000000000000000000000000000000000000000000000000000000000000000000000000000000000000000000000000000000000000000000000000000000000000000000000000000000000>;
P_0x11400b080 .param/l "INIT_2" 0 3 2016, C4<0000000000000000000000000000000000000000000000000000000000000000000000000000000000000000000000000000000000000000000000000000000000000000000000000000000000000000000000000000000000000000000000000000000000000000000000000000000000000000000000000000000000000000>;
P_0x11400b0c0 .param/l "INIT_3" 0 3 2017, C4<0000000000000000000000000000000000000000000000000000000000000000000000000000000000000000000000000000000000000000000000000000000000000000000000000000000000000000000000000000000000000000000000000000000000000000000000000000000000000000000000000000000000000000>;
P_0x11400b100 .param/l "INIT_4" 0 3 2018, C4<0000000000000000000000000000000000000000000000000000000000000000000000000000000000000000000000000000000000000000000000000000000000000000000000000000000000000000000000000000000000000000000000000000000000000000000000000000000000000000000000000000000000000000>;
P_0x11400b140 .param/l "INIT_5" 0 3 2019, C4<0000000000000000000000000000000000000000000000000000000000000000000000000000000000000000000000000000000000000000000000000000000000000000000000000000000000000000000000000000000000000000000000000000000000000000000000000000000000000000000000000000000000000000>;
P_0x11400b180 .param/l "INIT_6" 0 3 2020, C4<0000000000000000000000000000000000000000000000000000000000000000000000000000000000000000000000000000000000000000000000000000000000000000000000000000000000000000000000000000000000000000000000000000000000000000000000000000000000000000000000000000000000000000>;
P_0x11400b1c0 .param/l "INIT_7" 0 3 2021, C4<0000000000000000000000000000000000000000000000000000000000000000000000000000000000000000000000000000000000000000000000000000000000000000000000000000000000000000000000000000000000000000000000000000000000000000000000000000000000000000000000000000000000000000>;
P_0x11400b200 .param/l "INIT_8" 0 3 2022, C4<0000000000000000000000000000000000000000000000000000000000000000000000000000000000000000000000000000000000000000000000000000000000000000000000000000000000000000000000000000000000000000000000000000000000000000000000000000000000000000000000000000000000000000>;
P_0x11400b240 .param/l "INIT_9" 0 3 2023, C4<0000000000000000000000000000000000000000000000000000000000000000000000000000000000000000000000000000000000000000000000000000000000000000000000000000000000000000000000000000000000000000000000000000000000000000000000000000000000000000000000000000000000000000>;
P_0x11400b280 .param/l "INIT_A" 0 3 2024, C4<0000000000000000000000000000000000000000000000000000000000000000000000000000000000000000000000000000000000000000000000000000000000000000000000000000000000000000000000000000000000000000000000000000000000000000000000000000000000000000000000000000000000000000>;
P_0x11400b2c0 .param/l "INIT_B" 0 3 2025, C4<0000000000000000000000000000000000000000000000000000000000000000000000000000000000000000000000000000000000000000000000000000000000000000000000000000000000000000000000000000000000000000000000000000000000000000000000000000000000000000000000000000000000000000>;
P_0x11400b300 .param/l "INIT_C" 0 3 2026, C4<0000000000000000000000000000000000000000000000000000000000000000000000000000000000000000000000000000000000000000000000000000000000000000000000000000000000000000000000000000000000000000000000000000000000000000000000000000000000000000000000000000000000000000>;
P_0x11400b340 .param/l "INIT_D" 0 3 2027, C4<0000000000000000000000000000000000000000000000000000000000000000000000000000000000000000000000000000000000000000000000000000000000000000000000000000000000000000000000000000000000000000000000000000000000000000000000000000000000000000000000000000000000000000>;
P_0x11400b380 .param/l "INIT_E" 0 3 2028, C4<0000000000000000000000000000000000000000000000000000000000000000000000000000000000000000000000000000000000000000000000000000000000000000000000000000000000000000000000000000000000000000000000000000000000000000000000000000000000000000000000000000000000000000>;
P_0x11400b3c0 .param/l "INIT_F" 0 3 2029, C4<0000000000000000000000000000000000000000000000000000000000000000000000000000000000000000000000000000000000000000000000000000000000000000000000000000000000000000000000000000000000000000000000000000000000000000000000000000000000000000000000000000000000000000>;
P_0x11400b400 .param/str "INIT_FILE" 0 3 2031, "\000";
P_0x11400b440 .param/l "READ_MODE" 0 3 2012, +C4<00000000000000000000000000000000>;
P_0x11400b480 .param/l "WRITE_MODE" 0 3 2011, +C4<00000000000000000000000000000000>;
o0x108015570 .functor BUFZ 1, c4<z>; HiZ drive
L_0x12394a940 .functor NOT 1, o0x108015570, C4<0>, C4<0>, C4<0>;
o0x1080155a0 .functor BUFZ 1, c4<z>; HiZ drive
L_0x12392aa10 .functor NOT 1, o0x1080155a0, C4<0>, C4<0>, C4<0>;
o0x108015060 .functor BUFZ 16, c4<zzzzzzzzzzzzzzzz>; HiZ drive
v0x113825370_0 .net "MASK", 15 0, o0x108015060;  0 drivers
o0x108015090 .functor BUFZ 11, c4<zzzzzzzzzzz>; HiZ drive
v0x113825400_0 .net "RADDR", 10 0, o0x108015090;  0 drivers
o0x1080150f0 .functor BUFZ 1, c4<z>; HiZ drive
v0x113825490_0 .net "RCLKE", 0 0, o0x1080150f0;  0 drivers
v0x113825520_0 .net "RCLKN", 0 0, o0x108015570;  0 drivers
v0x1138255b0_0 .net "RDATA", 15 0, L_0x12394ab40;  1 drivers
o0x108015180 .functor BUFZ 1, c4<z>; HiZ drive
v0x113825640_0 .net "RE", 0 0, o0x108015180;  0 drivers
o0x1080151e0 .functor BUFZ 11, c4<zzzzzzzzzzz>; HiZ drive
v0x1138256d0_0 .net "WADDR", 10 0, o0x1080151e0;  0 drivers
o0x108015240 .functor BUFZ 1, c4<z>; HiZ drive
v0x113825760_0 .net "WCLKE", 0 0, o0x108015240;  0 drivers
v0x1138257f0_0 .net "WCLKN", 0 0, o0x1080155a0;  0 drivers
o0x108015270 .functor BUFZ 16, c4<zzzzzzzzzzzzzzzz>; HiZ drive
v0x113825880_0 .net "WDATA", 15 0, o0x108015270;  0 drivers
o0x1080152d0 .functor BUFZ 1, c4<z>; HiZ drive
v0x113825910_0 .net "WE", 0 0, o0x1080152d0;  0 drivers
S_0x113823050 .scope module, "RAM" "SB_RAM40_4K" 3 2053, 3 1487 0, S_0x122f1c510;
 .timescale -12 -12;
    .port_info 0 /OUTPUT 16 "RDATA";
    .port_info 1 /INPUT 1 "RCLK";
    .port_info 2 /INPUT 1 "RCLKE";
    .port_info 3 /INPUT 1 "RE";
    .port_info 4 /INPUT 11 "RADDR";
    .port_info 5 /INPUT 1 "WCLK";
    .port_info 6 /INPUT 1 "WCLKE";
    .port_info 7 /INPUT 1 "WE";
    .port_info 8 /INPUT 11 "WADDR";
    .port_info 9 /INPUT 16 "MASK";
    .port_info 10 /INPUT 16 "WDATA";
P_0x113022400 .param/l "INIT_0" 0 3 1507, C4<0000000000000000000000000000000000000000000000000000000000000000000000000000000000000000000000000000000000000000000000000000000000000000000000000000000000000000000000000000000000000000000000000000000000000000000000000000000000000000000000000000000000000000>;
P_0x113022440 .param/l "INIT_1" 0 3 1508, C4<0000000000000000000000000000000000000000000000000000000000000000000000000000000000000000000000000000000000000000000000000000000000000000000000000000000000000000000000000000000000000000000000000000000000000000000000000000000000000000000000000000000000000000>;
P_0x113022480 .param/l "INIT_2" 0 3 1509, C4<0000000000000000000000000000000000000000000000000000000000000000000000000000000000000000000000000000000000000000000000000000000000000000000000000000000000000000000000000000000000000000000000000000000000000000000000000000000000000000000000000000000000000000>;
P_0x1130224c0 .param/l "INIT_3" 0 3 1510, C4<0000000000000000000000000000000000000000000000000000000000000000000000000000000000000000000000000000000000000000000000000000000000000000000000000000000000000000000000000000000000000000000000000000000000000000000000000000000000000000000000000000000000000000>;
P_0x113022500 .param/l "INIT_4" 0 3 1511, C4<0000000000000000000000000000000000000000000000000000000000000000000000000000000000000000000000000000000000000000000000000000000000000000000000000000000000000000000000000000000000000000000000000000000000000000000000000000000000000000000000000000000000000000>;
P_0x113022540 .param/l "INIT_5" 0 3 1512, C4<0000000000000000000000000000000000000000000000000000000000000000000000000000000000000000000000000000000000000000000000000000000000000000000000000000000000000000000000000000000000000000000000000000000000000000000000000000000000000000000000000000000000000000>;
P_0x113022580 .param/l "INIT_6" 0 3 1513, C4<0000000000000000000000000000000000000000000000000000000000000000000000000000000000000000000000000000000000000000000000000000000000000000000000000000000000000000000000000000000000000000000000000000000000000000000000000000000000000000000000000000000000000000>;
P_0x1130225c0 .param/l "INIT_7" 0 3 1514, C4<0000000000000000000000000000000000000000000000000000000000000000000000000000000000000000000000000000000000000000000000000000000000000000000000000000000000000000000000000000000000000000000000000000000000000000000000000000000000000000000000000000000000000000>;
P_0x113022600 .param/l "INIT_8" 0 3 1515, C4<0000000000000000000000000000000000000000000000000000000000000000000000000000000000000000000000000000000000000000000000000000000000000000000000000000000000000000000000000000000000000000000000000000000000000000000000000000000000000000000000000000000000000000>;
P_0x113022640 .param/l "INIT_9" 0 3 1516, C4<0000000000000000000000000000000000000000000000000000000000000000000000000000000000000000000000000000000000000000000000000000000000000000000000000000000000000000000000000000000000000000000000000000000000000000000000000000000000000000000000000000000000000000>;
P_0x113022680 .param/l "INIT_A" 0 3 1517, C4<0000000000000000000000000000000000000000000000000000000000000000000000000000000000000000000000000000000000000000000000000000000000000000000000000000000000000000000000000000000000000000000000000000000000000000000000000000000000000000000000000000000000000000>;
P_0x1130226c0 .param/l "INIT_B" 0 3 1518, C4<0000000000000000000000000000000000000000000000000000000000000000000000000000000000000000000000000000000000000000000000000000000000000000000000000000000000000000000000000000000000000000000000000000000000000000000000000000000000000000000000000000000000000000>;
P_0x113022700 .param/l "INIT_C" 0 3 1519, C4<0000000000000000000000000000000000000000000000000000000000000000000000000000000000000000000000000000000000000000000000000000000000000000000000000000000000000000000000000000000000000000000000000000000000000000000000000000000000000000000000000000000000000000>;
P_0x113022740 .param/l "INIT_D" 0 3 1520, C4<0000000000000000000000000000000000000000000000000000000000000000000000000000000000000000000000000000000000000000000000000000000000000000000000000000000000000000000000000000000000000000000000000000000000000000000000000000000000000000000000000000000000000000>;
P_0x113022780 .param/l "INIT_E" 0 3 1521, C4<0000000000000000000000000000000000000000000000000000000000000000000000000000000000000000000000000000000000000000000000000000000000000000000000000000000000000000000000000000000000000000000000000000000000000000000000000000000000000000000000000000000000000000>;
P_0x1130227c0 .param/l "INIT_F" 0 3 1522, C4<0000000000000000000000000000000000000000000000000000000000000000000000000000000000000000000000000000000000000000000000000000000000000000000000000000000000000000000000000000000000000000000000000000000000000000000000000000000000000000000000000000000000000000>;
P_0x113022800 .param/str "INIT_FILE" 0 3 1524, "\000";
P_0x113022840 .param/l "READ_MODE" 0 3 1505, +C4<00000000000000000000000000000000>;
P_0x113022880 .param/l "WRITE_MODE" 0 3 1504, +C4<00000000000000000000000000000000>;
v0x1138248e0_0 .net "MASK", 15 0, o0x108015060;  alias, 0 drivers
v0x113824970_0 .net "RADDR", 10 0, o0x108015090;  alias, 0 drivers
v0x113824a00_0 .net "RCLK", 0 0, L_0x12394a940;  1 drivers
v0x113824a90_0 .net "RCLKE", 0 0, o0x1080150f0;  alias, 0 drivers
v0x113824b20_0 .net "RDATA", 15 0, L_0x12394ab40;  alias, 1 drivers
v0x113824bb0_0 .var "RDATA_I", 15 0;
v0x113824c40_0 .net "RE", 0 0, o0x108015180;  alias, 0 drivers
L_0x128018b50 .functor BUFT 1, C4<0000000000000000>, C4<0>, C4<0>, C4<0>;
v0x113824cd0_0 .net "RMASK_I", 15 0, L_0x128018b50;  1 drivers
v0x113824d60_0 .net "WADDR", 10 0, o0x1080151e0;  alias, 0 drivers
v0x113824df0_0 .net "WCLK", 0 0, L_0x12392aa10;  1 drivers
v0x113824e80_0 .net "WCLKE", 0 0, o0x108015240;  alias, 0 drivers
v0x113824f10_0 .net "WDATA", 15 0, o0x108015270;  alias, 0 drivers
v0x113824fa0_0 .net "WDATA_I", 15 0, L_0x12394aa40;  1 drivers
v0x113825030_0 .net "WE", 0 0, o0x1080152d0;  alias, 0 drivers
v0x1138250c0_0 .net "WMASK_I", 15 0, L_0x12394ad40;  1 drivers
v0x113825150_0 .var/i "i", 31 0;
v0x1138251e0 .array "memory", 255 0, 15 0;
E_0x123967270 .event posedge, v0x113824a00_0;
E_0x123965fb0 .event posedge, v0x113824df0_0;
S_0x113824320 .scope generate, "genblk1" "genblk1" 3 1534, 3 1534 0, S_0x113823050;
 .timescale -12 -12;
L_0x12394ad40 .functor BUFZ 16, o0x108015060, C4<0000000000000000>, C4<0000000000000000>, C4<0000000000000000>;
S_0x113824490 .scope generate, "genblk2" "genblk2" 3 1555, 3 1555 0, S_0x113823050;
 .timescale -12 -12;
S_0x113824600 .scope generate, "genblk3" "genblk3" 3 1576, 3 1576 0, S_0x113823050;
 .timescale -12 -12;
L_0x12394aa40 .functor BUFZ 16, o0x108015270, C4<0000000000000000>, C4<0000000000000000>, C4<0000000000000000>;
S_0x113824770 .scope generate, "genblk4" "genblk4" 3 1595, 3 1595 0, S_0x113823050;
 .timescale -12 -12;
L_0x12394ab40 .functor BUFZ 16, v0x113824bb0_0, C4<0000000000000000>, C4<0000000000000000>, C4<0000000000000000>;
S_0x122f1dd50 .scope module, "SB_RAM40_4KNW" "SB_RAM40_4KNW" 3 1862;
 .timescale -12 -12;
    .port_info 0 /OUTPUT 16 "RDATA";
    .port_info 1 /INPUT 1 "RCLK";
    .port_info 2 /INPUT 1 "RCLKE";
    .port_info 3 /INPUT 1 "RE";
    .port_info 4 /INPUT 11 "RADDR";
    .port_info 5 /INPUT 1 "WCLKN";
    .port_info 6 /INPUT 1 "WCLKE";
    .port_info 7 /INPUT 1 "WE";
    .port_info 8 /INPUT 11 "WADDR";
    .port_info 9 /INPUT 16 "MASK";
    .port_info 10 /INPUT 16 "WDATA";
P_0x11400b600 .param/l "INIT_0" 0 3 1878, C4<0000000000000000000000000000000000000000000000000000000000000000000000000000000000000000000000000000000000000000000000000000000000000000000000000000000000000000000000000000000000000000000000000000000000000000000000000000000000000000000000000000000000000000>;
P_0x11400b640 .param/l "INIT_1" 0 3 1879, C4<0000000000000000000000000000000000000000000000000000000000000000000000000000000000000000000000000000000000000000000000000000000000000000000000000000000000000000000000000000000000000000000000000000000000000000000000000000000000000000000000000000000000000000>;
P_0x11400b680 .param/l "INIT_2" 0 3 1880, C4<0000000000000000000000000000000000000000000000000000000000000000000000000000000000000000000000000000000000000000000000000000000000000000000000000000000000000000000000000000000000000000000000000000000000000000000000000000000000000000000000000000000000000000>;
P_0x11400b6c0 .param/l "INIT_3" 0 3 1881, C4<0000000000000000000000000000000000000000000000000000000000000000000000000000000000000000000000000000000000000000000000000000000000000000000000000000000000000000000000000000000000000000000000000000000000000000000000000000000000000000000000000000000000000000>;
P_0x11400b700 .param/l "INIT_4" 0 3 1882, C4<0000000000000000000000000000000000000000000000000000000000000000000000000000000000000000000000000000000000000000000000000000000000000000000000000000000000000000000000000000000000000000000000000000000000000000000000000000000000000000000000000000000000000000>;
P_0x11400b740 .param/l "INIT_5" 0 3 1883, C4<0000000000000000000000000000000000000000000000000000000000000000000000000000000000000000000000000000000000000000000000000000000000000000000000000000000000000000000000000000000000000000000000000000000000000000000000000000000000000000000000000000000000000000>;
P_0x11400b780 .param/l "INIT_6" 0 3 1884, C4<0000000000000000000000000000000000000000000000000000000000000000000000000000000000000000000000000000000000000000000000000000000000000000000000000000000000000000000000000000000000000000000000000000000000000000000000000000000000000000000000000000000000000000>;
P_0x11400b7c0 .param/l "INIT_7" 0 3 1885, C4<0000000000000000000000000000000000000000000000000000000000000000000000000000000000000000000000000000000000000000000000000000000000000000000000000000000000000000000000000000000000000000000000000000000000000000000000000000000000000000000000000000000000000000>;
P_0x11400b800 .param/l "INIT_8" 0 3 1886, C4<0000000000000000000000000000000000000000000000000000000000000000000000000000000000000000000000000000000000000000000000000000000000000000000000000000000000000000000000000000000000000000000000000000000000000000000000000000000000000000000000000000000000000000>;
P_0x11400b840 .param/l "INIT_9" 0 3 1887, C4<0000000000000000000000000000000000000000000000000000000000000000000000000000000000000000000000000000000000000000000000000000000000000000000000000000000000000000000000000000000000000000000000000000000000000000000000000000000000000000000000000000000000000000>;
P_0x11400b880 .param/l "INIT_A" 0 3 1888, C4<0000000000000000000000000000000000000000000000000000000000000000000000000000000000000000000000000000000000000000000000000000000000000000000000000000000000000000000000000000000000000000000000000000000000000000000000000000000000000000000000000000000000000000>;
P_0x11400b8c0 .param/l "INIT_B" 0 3 1889, C4<0000000000000000000000000000000000000000000000000000000000000000000000000000000000000000000000000000000000000000000000000000000000000000000000000000000000000000000000000000000000000000000000000000000000000000000000000000000000000000000000000000000000000000>;
P_0x11400b900 .param/l "INIT_C" 0 3 1890, C4<0000000000000000000000000000000000000000000000000000000000000000000000000000000000000000000000000000000000000000000000000000000000000000000000000000000000000000000000000000000000000000000000000000000000000000000000000000000000000000000000000000000000000000>;
P_0x11400b940 .param/l "INIT_D" 0 3 1891, C4<0000000000000000000000000000000000000000000000000000000000000000000000000000000000000000000000000000000000000000000000000000000000000000000000000000000000000000000000000000000000000000000000000000000000000000000000000000000000000000000000000000000000000000>;
P_0x11400b980 .param/l "INIT_E" 0 3 1892, C4<0000000000000000000000000000000000000000000000000000000000000000000000000000000000000000000000000000000000000000000000000000000000000000000000000000000000000000000000000000000000000000000000000000000000000000000000000000000000000000000000000000000000000000>;
P_0x11400b9c0 .param/l "INIT_F" 0 3 1893, C4<0000000000000000000000000000000000000000000000000000000000000000000000000000000000000000000000000000000000000000000000000000000000000000000000000000000000000000000000000000000000000000000000000000000000000000000000000000000000000000000000000000000000000000>;
P_0x11400ba00 .param/str "INIT_FILE" 0 3 1895, "\000";
P_0x11400ba40 .param/l "READ_MODE" 0 3 1876, +C4<00000000000000000000000000000000>;
P_0x11400ba80 .param/l "WRITE_MODE" 0 3 1875, +C4<00000000000000000000000000000000>;
o0x108015cf0 .functor BUFZ 1, c4<z>; HiZ drive
L_0x12392b300 .functor NOT 1, o0x108015cf0, C4<0>, C4<0>, C4<0>;
o0x1080157e0 .functor BUFZ 16, c4<zzzzzzzzzzzzzzzz>; HiZ drive
v0x113827cc0_0 .net "MASK", 15 0, o0x1080157e0;  0 drivers
o0x108015810 .functor BUFZ 11, c4<zzzzzzzzzzz>; HiZ drive
v0x113827d50_0 .net "RADDR", 10 0, o0x108015810;  0 drivers
o0x108015840 .functor BUFZ 1, c4<z>; HiZ drive
v0x113827de0_0 .net "RCLK", 0 0, o0x108015840;  0 drivers
o0x108015870 .functor BUFZ 1, c4<z>; HiZ drive
v0x113827e70_0 .net "RCLKE", 0 0, o0x108015870;  0 drivers
v0x113827f00_0 .net "RDATA", 15 0, L_0x12392b210;  1 drivers
o0x108015900 .functor BUFZ 1, c4<z>; HiZ drive
v0x113827f90_0 .net "RE", 0 0, o0x108015900;  0 drivers
o0x108015960 .functor BUFZ 11, c4<zzzzzzzzzzz>; HiZ drive
v0x113828020_0 .net "WADDR", 10 0, o0x108015960;  0 drivers
o0x1080159c0 .functor BUFZ 1, c4<z>; HiZ drive
v0x1138280b0_0 .net "WCLKE", 0 0, o0x1080159c0;  0 drivers
v0x113828140_0 .net "WCLKN", 0 0, o0x108015cf0;  0 drivers
o0x1080159f0 .functor BUFZ 16, c4<zzzzzzzzzzzzzzzz>; HiZ drive
v0x1138281d0_0 .net "WDATA", 15 0, o0x1080159f0;  0 drivers
o0x108015a50 .functor BUFZ 1, c4<z>; HiZ drive
v0x113828260_0 .net "WE", 0 0, o0x108015a50;  0 drivers
S_0x1138259a0 .scope module, "RAM" "SB_RAM40_4K" 3 1917, 3 1487 0, S_0x122f1dd50;
 .timescale -12 -12;
    .port_info 0 /OUTPUT 16 "RDATA";
    .port_info 1 /INPUT 1 "RCLK";
    .port_info 2 /INPUT 1 "RCLKE";
    .port_info 3 /INPUT 1 "RE";
    .port_info 4 /INPUT 11 "RADDR";
    .port_info 5 /INPUT 1 "WCLK";
    .port_info 6 /INPUT 1 "WCLKE";
    .port_info 7 /INPUT 1 "WE";
    .port_info 8 /INPUT 11 "WADDR";
    .port_info 9 /INPUT 16 "MASK";
    .port_info 10 /INPUT 16 "WDATA";
P_0x113022a00 .param/l "INIT_0" 0 3 1507, C4<0000000000000000000000000000000000000000000000000000000000000000000000000000000000000000000000000000000000000000000000000000000000000000000000000000000000000000000000000000000000000000000000000000000000000000000000000000000000000000000000000000000000000000>;
P_0x113022a40 .param/l "INIT_1" 0 3 1508, C4<0000000000000000000000000000000000000000000000000000000000000000000000000000000000000000000000000000000000000000000000000000000000000000000000000000000000000000000000000000000000000000000000000000000000000000000000000000000000000000000000000000000000000000>;
P_0x113022a80 .param/l "INIT_2" 0 3 1509, C4<0000000000000000000000000000000000000000000000000000000000000000000000000000000000000000000000000000000000000000000000000000000000000000000000000000000000000000000000000000000000000000000000000000000000000000000000000000000000000000000000000000000000000000>;
P_0x113022ac0 .param/l "INIT_3" 0 3 1510, C4<0000000000000000000000000000000000000000000000000000000000000000000000000000000000000000000000000000000000000000000000000000000000000000000000000000000000000000000000000000000000000000000000000000000000000000000000000000000000000000000000000000000000000000>;
P_0x113022b00 .param/l "INIT_4" 0 3 1511, C4<0000000000000000000000000000000000000000000000000000000000000000000000000000000000000000000000000000000000000000000000000000000000000000000000000000000000000000000000000000000000000000000000000000000000000000000000000000000000000000000000000000000000000000>;
P_0x113022b40 .param/l "INIT_5" 0 3 1512, C4<0000000000000000000000000000000000000000000000000000000000000000000000000000000000000000000000000000000000000000000000000000000000000000000000000000000000000000000000000000000000000000000000000000000000000000000000000000000000000000000000000000000000000000>;
P_0x113022b80 .param/l "INIT_6" 0 3 1513, C4<0000000000000000000000000000000000000000000000000000000000000000000000000000000000000000000000000000000000000000000000000000000000000000000000000000000000000000000000000000000000000000000000000000000000000000000000000000000000000000000000000000000000000000>;
P_0x113022bc0 .param/l "INIT_7" 0 3 1514, C4<0000000000000000000000000000000000000000000000000000000000000000000000000000000000000000000000000000000000000000000000000000000000000000000000000000000000000000000000000000000000000000000000000000000000000000000000000000000000000000000000000000000000000000>;
P_0x113022c00 .param/l "INIT_8" 0 3 1515, C4<0000000000000000000000000000000000000000000000000000000000000000000000000000000000000000000000000000000000000000000000000000000000000000000000000000000000000000000000000000000000000000000000000000000000000000000000000000000000000000000000000000000000000000>;
P_0x113022c40 .param/l "INIT_9" 0 3 1516, C4<0000000000000000000000000000000000000000000000000000000000000000000000000000000000000000000000000000000000000000000000000000000000000000000000000000000000000000000000000000000000000000000000000000000000000000000000000000000000000000000000000000000000000000>;
P_0x113022c80 .param/l "INIT_A" 0 3 1517, C4<0000000000000000000000000000000000000000000000000000000000000000000000000000000000000000000000000000000000000000000000000000000000000000000000000000000000000000000000000000000000000000000000000000000000000000000000000000000000000000000000000000000000000000>;
P_0x113022cc0 .param/l "INIT_B" 0 3 1518, C4<0000000000000000000000000000000000000000000000000000000000000000000000000000000000000000000000000000000000000000000000000000000000000000000000000000000000000000000000000000000000000000000000000000000000000000000000000000000000000000000000000000000000000000>;
P_0x113022d00 .param/l "INIT_C" 0 3 1519, C4<0000000000000000000000000000000000000000000000000000000000000000000000000000000000000000000000000000000000000000000000000000000000000000000000000000000000000000000000000000000000000000000000000000000000000000000000000000000000000000000000000000000000000000>;
P_0x113022d40 .param/l "INIT_D" 0 3 1520, C4<0000000000000000000000000000000000000000000000000000000000000000000000000000000000000000000000000000000000000000000000000000000000000000000000000000000000000000000000000000000000000000000000000000000000000000000000000000000000000000000000000000000000000000>;
P_0x113022d80 .param/l "INIT_E" 0 3 1521, C4<0000000000000000000000000000000000000000000000000000000000000000000000000000000000000000000000000000000000000000000000000000000000000000000000000000000000000000000000000000000000000000000000000000000000000000000000000000000000000000000000000000000000000000>;
P_0x113022dc0 .param/l "INIT_F" 0 3 1522, C4<0000000000000000000000000000000000000000000000000000000000000000000000000000000000000000000000000000000000000000000000000000000000000000000000000000000000000000000000000000000000000000000000000000000000000000000000000000000000000000000000000000000000000000>;
P_0x113022e00 .param/str "INIT_FILE" 0 3 1524, "\000";
P_0x113022e40 .param/l "READ_MODE" 0 3 1505, +C4<00000000000000000000000000000000>;
P_0x113022e80 .param/l "WRITE_MODE" 0 3 1504, +C4<00000000000000000000000000000000>;
v0x113827230_0 .net "MASK", 15 0, o0x1080157e0;  alias, 0 drivers
v0x1138272c0_0 .net "RADDR", 10 0, o0x108015810;  alias, 0 drivers
v0x113827350_0 .net "RCLK", 0 0, o0x108015840;  alias, 0 drivers
v0x1138273e0_0 .net "RCLKE", 0 0, o0x108015870;  alias, 0 drivers
v0x113827470_0 .net "RDATA", 15 0, L_0x12392b210;  alias, 1 drivers
v0x113827500_0 .var "RDATA_I", 15 0;
v0x113827590_0 .net "RE", 0 0, o0x108015900;  alias, 0 drivers
L_0x128018b98 .functor BUFT 1, C4<0000000000000000>, C4<0>, C4<0>, C4<0>;
v0x113827620_0 .net "RMASK_I", 15 0, L_0x128018b98;  1 drivers
v0x1138276b0_0 .net "WADDR", 10 0, o0x108015960;  alias, 0 drivers
v0x113827740_0 .net "WCLK", 0 0, L_0x12392b300;  1 drivers
v0x1138277d0_0 .net "WCLKE", 0 0, o0x1080159c0;  alias, 0 drivers
v0x113827860_0 .net "WDATA", 15 0, o0x1080159f0;  alias, 0 drivers
v0x1138278f0_0 .net "WDATA_I", 15 0, L_0x12392b010;  1 drivers
v0x113827980_0 .net "WE", 0 0, o0x108015a50;  alias, 0 drivers
v0x113827a10_0 .net "WMASK_I", 15 0, L_0x12392ae10;  1 drivers
v0x113827aa0_0 .var/i "i", 31 0;
v0x113827b30 .array "memory", 255 0, 15 0;
E_0x123968dc0 .event posedge, v0x113827350_0;
E_0x123968bf0 .event posedge, v0x113827740_0;
S_0x113826c70 .scope generate, "genblk1" "genblk1" 3 1534, 3 1534 0, S_0x1138259a0;
 .timescale -12 -12;
L_0x12392ae10 .functor BUFZ 16, o0x1080157e0, C4<0000000000000000>, C4<0000000000000000>, C4<0000000000000000>;
S_0x113826de0 .scope generate, "genblk2" "genblk2" 3 1555, 3 1555 0, S_0x1138259a0;
 .timescale -12 -12;
S_0x113826f50 .scope generate, "genblk3" "genblk3" 3 1576, 3 1576 0, S_0x1138259a0;
 .timescale -12 -12;
L_0x12392b010 .functor BUFZ 16, o0x1080159f0, C4<0000000000000000>, C4<0000000000000000>, C4<0000000000000000>;
S_0x1138270c0 .scope generate, "genblk4" "genblk4" 3 1595, 3 1595 0, S_0x1138259a0;
 .timescale -12 -12;
L_0x12392b210 .functor BUFZ 16, v0x113827500_0, C4<0000000000000000>, C4<0000000000000000>, C4<0000000000000000>;
S_0x122f1f590 .scope module, "SB_RGBA_DRV" "SB_RGBA_DRV" 3 2692;
 .timescale -12 -12;
    .port_info 0 /INPUT 1 "CURREN";
    .port_info 1 /INPUT 1 "RGBLEDEN";
    .port_info 2 /INPUT 1 "RGB0PWM";
    .port_info 3 /INPUT 1 "RGB1PWM";
    .port_info 4 /INPUT 1 "RGB2PWM";
    .port_info 5 /OUTPUT 1 "RGB0";
    .port_info 6 /OUTPUT 1 "RGB1";
    .port_info 7 /OUTPUT 1 "RGB2";
P_0x122f1f700 .param/str "CURRENT_MODE" 0 3 2702, "0b0";
P_0x122f1f740 .param/str "RGB0_CURRENT" 0 3 2703, "0b000000";
P_0x122f1f780 .param/str "RGB1_CURRENT" 0 3 2704, "0b000000";
P_0x122f1f7c0 .param/str "RGB2_CURRENT" 0 3 2705, "0b000000";
o0x108015f30 .functor BUFZ 1, c4<z>; HiZ drive
v0x1138282f0_0 .net "CURREN", 0 0, o0x108015f30;  0 drivers
o0x108015f60 .functor BUFZ 1, c4<z>; HiZ drive
v0x113828380_0 .net "RGB0", 0 0, o0x108015f60;  0 drivers
o0x108015f90 .functor BUFZ 1, c4<z>; HiZ drive
v0x113828410_0 .net "RGB0PWM", 0 0, o0x108015f90;  0 drivers
o0x108015fc0 .functor BUFZ 1, c4<z>; HiZ drive
v0x1138284a0_0 .net "RGB1", 0 0, o0x108015fc0;  0 drivers
o0x108015ff0 .functor BUFZ 1, c4<z>; HiZ drive
v0x113828530_0 .net "RGB1PWM", 0 0, o0x108015ff0;  0 drivers
o0x108016020 .functor BUFZ 1, c4<z>; HiZ drive
v0x1138285c0_0 .net "RGB2", 0 0, o0x108016020;  0 drivers
o0x108016050 .functor BUFZ 1, c4<z>; HiZ drive
v0x113828650_0 .net "RGB2PWM", 0 0, o0x108016050;  0 drivers
o0x108016080 .functor BUFZ 1, c4<z>; HiZ drive
v0x1138286e0_0 .net "RGBLEDEN", 0 0, o0x108016080;  0 drivers
S_0x122f1fa70 .scope module, "SB_RGB_DRV" "SB_RGB_DRV" 3 2716;
 .timescale -12 -12;
    .port_info 0 /INPUT 1 "RGBLEDEN";
    .port_info 1 /INPUT 1 "RGB0PWM";
    .port_info 2 /INPUT 1 "RGB1PWM";
    .port_info 3 /INPUT 1 "RGB2PWM";
    .port_info 4 /INPUT 1 "RGBPU";
    .port_info 5 /OUTPUT 1 "RGB0";
    .port_info 6 /OUTPUT 1 "RGB1";
    .port_info 7 /OUTPUT 1 "RGB2";
P_0x122f1fbe0 .param/str "CURRENT_MODE" 0 3 2726, "0b0";
P_0x122f1fc20 .param/str "RGB0_CURRENT" 0 3 2727, "0b000000";
P_0x122f1fc60 .param/str "RGB1_CURRENT" 0 3 2728, "0b000000";
P_0x122f1fca0 .param/str "RGB2_CURRENT" 0 3 2729, "0b000000";
o0x108016230 .functor BUFZ 1, c4<z>; HiZ drive
v0x113828770_0 .net "RGB0", 0 0, o0x108016230;  0 drivers
o0x108016260 .functor BUFZ 1, c4<z>; HiZ drive
v0x113828800_0 .net "RGB0PWM", 0 0, o0x108016260;  0 drivers
o0x108016290 .functor BUFZ 1, c4<z>; HiZ drive
v0x113828890_0 .net "RGB1", 0 0, o0x108016290;  0 drivers
o0x1080162c0 .functor BUFZ 1, c4<z>; HiZ drive
v0x113828920_0 .net "RGB1PWM", 0 0, o0x1080162c0;  0 drivers
o0x1080162f0 .functor BUFZ 1, c4<z>; HiZ drive
v0x1138289b0_0 .net "RGB2", 0 0, o0x1080162f0;  0 drivers
o0x108016320 .functor BUFZ 1, c4<z>; HiZ drive
v0x113828a40_0 .net "RGB2PWM", 0 0, o0x108016320;  0 drivers
o0x108016350 .functor BUFZ 1, c4<z>; HiZ drive
v0x113828ad0_0 .net "RGBLEDEN", 0 0, o0x108016350;  0 drivers
o0x108016380 .functor BUFZ 1, c4<z>; HiZ drive
v0x113828b60_0 .net "RGBPU", 0 0, o0x108016380;  0 drivers
S_0x122f1ff40 .scope module, "SB_SPI" "SB_SPI" 3 2776;
 .timescale -12 -12;
    .port_info 0 /INPUT 1 "SBCLKI";
    .port_info 1 /INPUT 1 "SBRWI";
    .port_info 2 /INPUT 1 "SBSTBI";
    .port_info 3 /INPUT 1 "SBADRI7";
    .port_info 4 /INPUT 1 "SBADRI6";
    .port_info 5 /INPUT 1 "SBADRI5";
    .port_info 6 /INPUT 1 "SBADRI4";
    .port_info 7 /INPUT 1 "SBADRI3";
    .port_info 8 /INPUT 1 "SBADRI2";
    .port_info 9 /INPUT 1 "SBADRI1";
    .port_info 10 /INPUT 1 "SBADRI0";
    .port_info 11 /INPUT 1 "SBDATI7";
    .port_info 12 /INPUT 1 "SBDATI6";
    .port_info 13 /INPUT 1 "SBDATI5";
    .port_info 14 /INPUT 1 "SBDATI4";
    .port_info 15 /INPUT 1 "SBDATI3";
    .port_info 16 /INPUT 1 "SBDATI2";
    .port_info 17 /INPUT 1 "SBDATI1";
    .port_info 18 /INPUT 1 "SBDATI0";
    .port_info 19 /INPUT 1 "MI";
    .port_info 20 /INPUT 1 "SI";
    .port_info 21 /INPUT 1 "SCKI";
    .port_info 22 /INPUT 1 "SCSNI";
    .port_info 23 /OUTPUT 1 "SBDATO7";
    .port_info 24 /OUTPUT 1 "SBDATO6";
    .port_info 25 /OUTPUT 1 "SBDATO5";
    .port_info 26 /OUTPUT 1 "SBDATO4";
    .port_info 27 /OUTPUT 1 "SBDATO3";
    .port_info 28 /OUTPUT 1 "SBDATO2";
    .port_info 29 /OUTPUT 1 "SBDATO1";
    .port_info 30 /OUTPUT 1 "SBDATO0";
    .port_info 31 /OUTPUT 1 "SBACKO";
    .port_info 32 /OUTPUT 1 "SPIIRQ";
    .port_info 33 /OUTPUT 1 "SPIWKUP";
    .port_info 34 /OUTPUT 1 "SO";
    .port_info 35 /OUTPUT 1 "SOE";
    .port_info 36 /OUTPUT 1 "MO";
    .port_info 37 /OUTPUT 1 "MOE";
    .port_info 38 /OUTPUT 1 "SCKO";
    .port_info 39 /OUTPUT 1 "SCKOE";
    .port_info 40 /OUTPUT 1 "MCSNO3";
    .port_info 41 /OUTPUT 1 "MCSNO2";
    .port_info 42 /OUTPUT 1 "MCSNO1";
    .port_info 43 /OUTPUT 1 "MCSNO0";
    .port_info 44 /OUTPUT 1 "MCSNOE3";
    .port_info 45 /OUTPUT 1 "MCSNOE2";
    .port_info 46 /OUTPUT 1 "MCSNOE1";
    .port_info 47 /OUTPUT 1 "MCSNOE0";
P_0x122f200b0 .param/str "BUS_ADDR74" 0 3 2826, "0b0000";
o0x108016530 .functor BUFZ 1, c4<z>; HiZ drive
v0x113828bf0_0 .net "MCSNO0", 0 0, o0x108016530;  0 drivers
o0x108016560 .functor BUFZ 1, c4<z>; HiZ drive
v0x113828c80_0 .net "MCSNO1", 0 0, o0x108016560;  0 drivers
o0x108016590 .functor BUFZ 1, c4<z>; HiZ drive
v0x113828d10_0 .net "MCSNO2", 0 0, o0x108016590;  0 drivers
o0x1080165c0 .functor BUFZ 1, c4<z>; HiZ drive
v0x113828da0_0 .net "MCSNO3", 0 0, o0x1080165c0;  0 drivers
o0x1080165f0 .functor BUFZ 1, c4<z>; HiZ drive
v0x113828e30_0 .net "MCSNOE0", 0 0, o0x1080165f0;  0 drivers
o0x108016620 .functor BUFZ 1, c4<z>; HiZ drive
v0x113828ec0_0 .net "MCSNOE1", 0 0, o0x108016620;  0 drivers
o0x108016650 .functor BUFZ 1, c4<z>; HiZ drive
v0x113828f50_0 .net "MCSNOE2", 0 0, o0x108016650;  0 drivers
o0x108016680 .functor BUFZ 1, c4<z>; HiZ drive
v0x113828fe0_0 .net "MCSNOE3", 0 0, o0x108016680;  0 drivers
o0x1080166b0 .functor BUFZ 1, c4<z>; HiZ drive
v0x113829070_0 .net "MI", 0 0, o0x1080166b0;  0 drivers
o0x1080166e0 .functor BUFZ 1, c4<z>; HiZ drive
v0x113829100_0 .net "MO", 0 0, o0x1080166e0;  0 drivers
o0x108016710 .functor BUFZ 1, c4<z>; HiZ drive
v0x113829190_0 .net "MOE", 0 0, o0x108016710;  0 drivers
o0x108016740 .functor BUFZ 1, c4<z>; HiZ drive
v0x113829220_0 .net "SBACKO", 0 0, o0x108016740;  0 drivers
o0x108016770 .functor BUFZ 1, c4<z>; HiZ drive
v0x1138292b0_0 .net "SBADRI0", 0 0, o0x108016770;  0 drivers
o0x1080167a0 .functor BUFZ 1, c4<z>; HiZ drive
v0x113829340_0 .net "SBADRI1", 0 0, o0x1080167a0;  0 drivers
o0x1080167d0 .functor BUFZ 1, c4<z>; HiZ drive
v0x1138293d0_0 .net "SBADRI2", 0 0, o0x1080167d0;  0 drivers
o0x108016800 .functor BUFZ 1, c4<z>; HiZ drive
v0x113829460_0 .net "SBADRI3", 0 0, o0x108016800;  0 drivers
o0x108016830 .functor BUFZ 1, c4<z>; HiZ drive
v0x1138294f0_0 .net "SBADRI4", 0 0, o0x108016830;  0 drivers
o0x108016860 .functor BUFZ 1, c4<z>; HiZ drive
v0x113829680_0 .net "SBADRI5", 0 0, o0x108016860;  0 drivers
o0x108016890 .functor BUFZ 1, c4<z>; HiZ drive
v0x113829710_0 .net "SBADRI6", 0 0, o0x108016890;  0 drivers
o0x1080168c0 .functor BUFZ 1, c4<z>; HiZ drive
v0x1138297a0_0 .net "SBADRI7", 0 0, o0x1080168c0;  0 drivers
o0x1080168f0 .functor BUFZ 1, c4<z>; HiZ drive
v0x113829830_0 .net "SBCLKI", 0 0, o0x1080168f0;  0 drivers
o0x108016920 .functor BUFZ 1, c4<z>; HiZ drive
v0x1138298c0_0 .net "SBDATI0", 0 0, o0x108016920;  0 drivers
o0x108016950 .functor BUFZ 1, c4<z>; HiZ drive
v0x113829950_0 .net "SBDATI1", 0 0, o0x108016950;  0 drivers
o0x108016980 .functor BUFZ 1, c4<z>; HiZ drive
v0x1138299e0_0 .net "SBDATI2", 0 0, o0x108016980;  0 drivers
o0x1080169b0 .functor BUFZ 1, c4<z>; HiZ drive
v0x113829a70_0 .net "SBDATI3", 0 0, o0x1080169b0;  0 drivers
o0x1080169e0 .functor BUFZ 1, c4<z>; HiZ drive
v0x113829b00_0 .net "SBDATI4", 0 0, o0x1080169e0;  0 drivers
o0x108016a10 .functor BUFZ 1, c4<z>; HiZ drive
v0x113829b90_0 .net "SBDATI5", 0 0, o0x108016a10;  0 drivers
o0x108016a40 .functor BUFZ 1, c4<z>; HiZ drive
v0x113829c20_0 .net "SBDATI6", 0 0, o0x108016a40;  0 drivers
o0x108016a70 .functor BUFZ 1, c4<z>; HiZ drive
v0x113829cb0_0 .net "SBDATI7", 0 0, o0x108016a70;  0 drivers
o0x108016aa0 .functor BUFZ 1, c4<z>; HiZ drive
v0x113829d40_0 .net "SBDATO0", 0 0, o0x108016aa0;  0 drivers
o0x108016ad0 .functor BUFZ 1, c4<z>; HiZ drive
v0x113829dd0_0 .net "SBDATO1", 0 0, o0x108016ad0;  0 drivers
o0x108016b00 .functor BUFZ 1, c4<z>; HiZ drive
v0x113829e60_0 .net "SBDATO2", 0 0, o0x108016b00;  0 drivers
o0x108016b30 .functor BUFZ 1, c4<z>; HiZ drive
v0x113829ef0_0 .net "SBDATO3", 0 0, o0x108016b30;  0 drivers
o0x108016b60 .functor BUFZ 1, c4<z>; HiZ drive
v0x113829580_0 .net "SBDATO4", 0 0, o0x108016b60;  0 drivers
o0x108016b90 .functor BUFZ 1, c4<z>; HiZ drive
v0x11382a180_0 .net "SBDATO5", 0 0, o0x108016b90;  0 drivers
o0x108016bc0 .functor BUFZ 1, c4<z>; HiZ drive
v0x11382a210_0 .net "SBDATO6", 0 0, o0x108016bc0;  0 drivers
o0x108016bf0 .functor BUFZ 1, c4<z>; HiZ drive
v0x11382a2a0_0 .net "SBDATO7", 0 0, o0x108016bf0;  0 drivers
o0x108016c20 .functor BUFZ 1, c4<z>; HiZ drive
v0x11382a330_0 .net "SBRWI", 0 0, o0x108016c20;  0 drivers
o0x108016c50 .functor BUFZ 1, c4<z>; HiZ drive
v0x11382a3c0_0 .net "SBSTBI", 0 0, o0x108016c50;  0 drivers
o0x108016c80 .functor BUFZ 1, c4<z>; HiZ drive
v0x11382a450_0 .net "SCKI", 0 0, o0x108016c80;  0 drivers
o0x108016cb0 .functor BUFZ 1, c4<z>; HiZ drive
v0x11382a4e0_0 .net "SCKO", 0 0, o0x108016cb0;  0 drivers
o0x108016ce0 .functor BUFZ 1, c4<z>; HiZ drive
v0x11382a570_0 .net "SCKOE", 0 0, o0x108016ce0;  0 drivers
o0x108016d10 .functor BUFZ 1, c4<z>; HiZ drive
v0x11382a600_0 .net "SCSNI", 0 0, o0x108016d10;  0 drivers
o0x108016d40 .functor BUFZ 1, c4<z>; HiZ drive
v0x11382a690_0 .net "SI", 0 0, o0x108016d40;  0 drivers
o0x108016d70 .functor BUFZ 1, c4<z>; HiZ drive
v0x11382a720_0 .net "SO", 0 0, o0x108016d70;  0 drivers
o0x108016da0 .functor BUFZ 1, c4<z>; HiZ drive
v0x11382a7b0_0 .net "SOE", 0 0, o0x108016da0;  0 drivers
o0x108016dd0 .functor BUFZ 1, c4<z>; HiZ drive
v0x11382a840_0 .net "SPIIRQ", 0 0, o0x108016dd0;  0 drivers
o0x108016e00 .functor BUFZ 1, c4<z>; HiZ drive
v0x11382a8d0_0 .net "SPIWKUP", 0 0, o0x108016e00;  0 drivers
S_0x122f202e0 .scope module, "SB_SPRAM256KA" "SB_SPRAM256KA" 3 2600;
 .timescale -12 -12;
    .port_info 0 /INPUT 14 "ADDRESS";
    .port_info 1 /INPUT 16 "DATAIN";
    .port_info 2 /INPUT 4 "MASKWREN";
    .port_info 3 /INPUT 1 "WREN";
    .port_info 4 /INPUT 1 "CHIPSELECT";
    .port_info 5 /INPUT 1 "CLOCK";
    .port_info 6 /INPUT 1 "STANDBY";
    .port_info 7 /INPUT 1 "SLEEP";
    .port_info 8 /INPUT 1 "POWEROFF";
    .port_info 9 /OUTPUT 16 "DATAOUT";
o0x108017880 .functor BUFZ 1, c4<z>; HiZ drive
L_0x12392b110 .functor OR 1, o0x108017880, L_0x1138373f0, C4<0>, C4<0>;
o0x108017730 .functor BUFZ 14, c4<zzzzzzzzzzzzzz>; HiZ drive
v0x11382aae0_0 .net "ADDRESS", 13 0, o0x108017730;  0 drivers
o0x108017760 .functor BUFZ 1, c4<z>; HiZ drive
v0x11382ab70_0 .net "CHIPSELECT", 0 0, o0x108017760;  0 drivers
o0x108017790 .functor BUFZ 1, c4<z>; HiZ drive
v0x11382ac00_0 .net "CLOCK", 0 0, o0x108017790;  0 drivers
o0x1080177c0 .functor BUFZ 16, c4<zzzzzzzzzzzzzzzz>; HiZ drive
v0x11382ac90_0 .net "DATAIN", 15 0, o0x1080177c0;  0 drivers
v0x11382ad20_0 .var "DATAOUT", 15 0;
o0x108017820 .functor BUFZ 4, c4<zzzz>; HiZ drive
v0x11382adb0_0 .net "MASKWREN", 3 0, o0x108017820;  0 drivers
o0x108017850 .functor BUFZ 1, c4<z>; HiZ drive
v0x11382ae40_0 .net "POWEROFF", 0 0, o0x108017850;  0 drivers
v0x11382aed0_0 .net "SLEEP", 0 0, o0x108017880;  0 drivers
o0x1080178b0 .functor BUFZ 1, c4<z>; HiZ drive
v0x11382af60_0 .net "STANDBY", 0 0, o0x1080178b0;  0 drivers
o0x1080178e0 .functor BUFZ 1, c4<z>; HiZ drive
v0x11382aff0_0 .net "WREN", 0 0, o0x1080178e0;  0 drivers
v0x11382b080_0 .net *"_ivl_1", 0 0, L_0x1138373f0;  1 drivers
v0x11382b110_0 .var/i "i", 31 0;
v0x11382b1a0 .array "mem", 16383 0, 15 0;
v0x11382b230_0 .net "off", 0 0, L_0x12392b110;  1 drivers
E_0x1239a7150 .event posedge, v0x11382b230_0, v0x11382ac00_0;
E_0x1239a7010 .event negedge, v0x11382ae40_0;
L_0x1138373f0 .reduce/nor o0x108017850;
S_0x122f205e0 .scope module, "SB_WARMBOOT" "SB_WARMBOOT" 3 2593;
 .timescale -12 -12;
    .port_info 0 /INPUT 1 "BOOT";
    .port_info 1 /INPUT 1 "S1";
    .port_info 2 /INPUT 1 "S0";
o0x108017b80 .functor BUFZ 1, c4<z>; HiZ drive
v0x11382b2c0_0 .net "BOOT", 0 0, o0x108017b80;  0 drivers
o0x108017bb0 .functor BUFZ 1, c4<z>; HiZ drive
v0x11382b350_0 .net "S0", 0 0, o0x108017bb0;  0 drivers
o0x108017be0 .functor BUFZ 1, c4<z>; HiZ drive
v0x11382b3e0_0 .net "S1", 0 0, o0x108017be0;  0 drivers
S_0x122f20800 .scope module, "TestBenchLab3" "TestBenchLab3" 4 4;
 .timescale -9 -9;
v0x11382f5e0_0 .net "LEDG", 3 0, L_0x12396a7c0;  1 drivers
v0x11382f670_0 .net "LEDR", 6 0, L_0x113838690;  1 drivers
v0x11382f700_0 .net "LEDY", 3 0, L_0x12396b170;  1 drivers
v0x11382f790_0 .var "SW", 17 0;
S_0x11382b470 .scope module, "L3" "Lab3" 4 10, 5 1 0, S_0x122f20800;
 .timescale -12 -12;
    .port_info 0 /INPUT 18 "SW";
    .port_info 1 /OUTPUT 7 "LEDR";
    .port_info 2 /OUTPUT 4 "LEDG";
    .port_info 3 /OUTPUT 4 "LEDY";
L_0x12396a7c0 .functor BUFZ 4, L_0x113837490, C4<0000>, C4<0000>, C4<0000>;
L_0x12396b170 .functor BUFZ 4, L_0x113837530, C4<0000>, C4<0000>, C4<0000>;
L_0x12396a8c0 .functor BUFZ 4, L_0x113838210, C4<0000>, C4<0000>, C4<0000>;
L_0x12392ad10 .functor BUFZ 1, L_0x1138384f0, C4<0>, C4<0>, C4<0>;
v0x11382ef20_0 .net "A", 3 0, L_0x113837490;  1 drivers
v0x11382efb0_0 .net "B", 3 0, L_0x113837530;  1 drivers
v0x11382f040_0 .net "LEDG", 3 0, L_0x12396a7c0;  alias, 1 drivers
v0x11382f0d0_0 .net "LEDR", 6 0, L_0x113838690;  alias, 1 drivers
v0x11382f160_0 .net "LEDY", 3 0, L_0x12396b170;  alias, 1 drivers
v0x11382f1f0_0 .net "Op", 1 0, L_0x1138375d0;  1 drivers
v0x11382f280_0 .net "Overflow", 0 0, L_0x1138384f0;  1 drivers
v0x11382f310_0 .net "Result", 3 0, L_0x113838210;  1 drivers
v0x11382f3a0_0 .net "SW", 17 0, v0x11382f790_0;  1 drivers
v0x11382f430_0 .net *"_ivl_13", 3 0, L_0x12396a8c0;  1 drivers
v0x11382f4c0_0 .net *"_ivl_17", 0 0, L_0x12392ad10;  1 drivers
o0x108018fc0 .functor BUFZ 2, c4<zz>; HiZ drive
; Elide local net with no drivers, v0x11382f550_0 name=_ivl_20
L_0x113837490 .part v0x11382f790_0, 0, 4;
L_0x113837530 .part v0x11382f790_0, 14, 4;
L_0x1138375d0 .part v0x11382f790_0, 8, 2;
L_0x113838690 .concat [ 4 2 1 0], L_0x12396a8c0, o0x108018fc0, L_0x12392ad10;
S_0x11382b5e0 .scope module, "ALU" "alu4" 5 16, 6 1 0, S_0x11382b470;
 .timescale -12 -12;
    .port_info 0 /INPUT 4 "A";
    .port_info 1 /INPUT 4 "B";
    .port_info 2 /INPUT 2 "Op";
    .port_info 3 /OUTPUT 4 "Result";
    .port_info 4 /OUTPUT 1 "Overflow";
L_0x12392ac10 .functor NOT 4, L_0x113837530, C4<0000>, C4<0000>, C4<0000>;
L_0x12396ac10 .functor AND 4, L_0x113837490, L_0x113837530, C4<1111>, C4<1111>;
L_0x12396b280 .functor OR 4, L_0x113837490, L_0x113837530, C4<0000>, C4<0000>;
L_0x123965320 .functor XOR 4, L_0x113837490, L_0x113837530, C4<0000>, C4<0000>;
L_0x12396adf0 .functor OR 1, L_0x1138382b0, L_0x113838450, C4<0>, C4<0>;
v0x11382ddd0_0 .net "A", 3 0, L_0x113837490;  alias, 1 drivers
v0x11382de60_0 .net "AddSubOver", 0 0, L_0x12396ad00;  1 drivers
v0x11382def0_0 .net "AddSubResult", 3 0, L_0x113837cb0;  1 drivers
v0x11382df80_0 .net "AndResult", 3 0, L_0x12396ac10;  1 drivers
v0x11382e010_0 .net "B", 3 0, L_0x113837530;  alias, 1 drivers
v0x11382e0a0_0 .net "B_sub", 3 0, L_0x113837710;  1 drivers
v0x11382e130_0 .net "Op", 1 0, L_0x1138375d0;  alias, 1 drivers
v0x11382e1c0_0 .net "OrResult", 3 0, L_0x12396b280;  1 drivers
v0x11382e250_0 .net "Overflow", 0 0, L_0x1138384f0;  alias, 1 drivers
v0x11382e2e0_0 .net "Result", 3 0, L_0x113838210;  alias, 1 drivers
v0x11382e370_0 .net "XorResult", 3 0, L_0x123965320;  1 drivers
L_0x128018be0 .functor BUFT 1, C4<01>, C4<0>, C4<0>, C4<0>;
v0x11382e400_0 .net/2u *"_ivl_0", 1 0, L_0x128018be0;  1 drivers
L_0x128018c70 .functor BUFT 1, C4<00>, C4<0>, C4<0>, C4<0>;
v0x11382e490_0 .net/2u *"_ivl_18", 1 0, L_0x128018c70;  1 drivers
v0x11382e520_0 .net *"_ivl_2", 0 0, L_0x113837670;  1 drivers
v0x11382e5b0_0 .net *"_ivl_20", 0 0, L_0x113837ef0;  1 drivers
L_0x128018cb8 .functor BUFT 1, C4<01>, C4<0>, C4<0>, C4<0>;
v0x11382e640_0 .net/2u *"_ivl_22", 1 0, L_0x128018cb8;  1 drivers
v0x11382e6d0_0 .net *"_ivl_24", 0 0, L_0x113837f90;  1 drivers
L_0x128018d00 .functor BUFT 1, C4<10>, C4<0>, C4<0>, C4<0>;
v0x11382e860_0 .net/2u *"_ivl_26", 1 0, L_0x128018d00;  1 drivers
v0x11382e8f0_0 .net *"_ivl_28", 0 0, L_0x113838030;  1 drivers
v0x11382e980_0 .net *"_ivl_30", 3 0, L_0x1138380d0;  1 drivers
v0x11382ea10_0 .net *"_ivl_32", 3 0, L_0x113838170;  1 drivers
L_0x128018d48 .functor BUFT 1, C4<00>, C4<0>, C4<0>, C4<0>;
v0x11382eaa0_0 .net/2u *"_ivl_36", 1 0, L_0x128018d48;  1 drivers
v0x11382eb30_0 .net *"_ivl_38", 0 0, L_0x1138382b0;  1 drivers
v0x11382ebc0_0 .net *"_ivl_4", 3 0, L_0x12392ac10;  1 drivers
L_0x128018d90 .functor BUFT 1, C4<01>, C4<0>, C4<0>, C4<0>;
v0x11382ec50_0 .net/2u *"_ivl_40", 1 0, L_0x128018d90;  1 drivers
v0x11382ece0_0 .net *"_ivl_42", 0 0, L_0x113838450;  1 drivers
v0x11382ed70_0 .net *"_ivl_45", 0 0, L_0x12396adf0;  1 drivers
L_0x128018dd8 .functor BUFT 1, C4<0>, C4<0>, C4<0>, C4<0>;
v0x11382ee00_0 .net/2u *"_ivl_46", 0 0, L_0x128018dd8;  1 drivers
L_0x128018c28 .functor BUFT 1, C4<01>, C4<0>, C4<0>, C4<0>;
v0x11382ee90_0 .net/2u *"_ivl_8", 1 0, L_0x128018c28;  1 drivers
L_0x113837670 .cmp/eq 2, L_0x1138375d0, L_0x128018be0;
L_0x113837710 .functor MUXZ 4, L_0x113837530, L_0x12392ac10, L_0x113837670, C4<>;
L_0x113837d50 .cmp/eq 2, L_0x1138375d0, L_0x128018c28;
L_0x113837ef0 .cmp/eq 2, L_0x1138375d0, L_0x128018c70;
L_0x113837f90 .cmp/eq 2, L_0x1138375d0, L_0x128018cb8;
L_0x113838030 .cmp/eq 2, L_0x1138375d0, L_0x128018d00;
L_0x1138380d0 .functor MUXZ 4, L_0x12396ac10, L_0x12396b280, L_0x113838030, C4<>;
L_0x113838170 .functor MUXZ 4, L_0x1138380d0, L_0x113837cb0, L_0x113837f90, C4<>;
L_0x113838210 .functor MUXZ 4, L_0x113838170, L_0x113837cb0, L_0x113837ef0, C4<>;
L_0x1138382b0 .cmp/eq 2, L_0x1138375d0, L_0x128018d48;
L_0x113838450 .cmp/eq 2, L_0x1138375d0, L_0x128018d90;
L_0x1138384f0 .functor MUXZ 1, L_0x128018dd8, L_0x12396ad00, L_0x12396adf0, C4<>;
S_0x11382b7f0 .scope module, "ADDER" "ripple_adder_4" 6 24, 7 1 0, S_0x11382b5e0;
 .timescale -12 -12;
    .port_info 0 /INPUT 4 "A";
    .port_info 1 /INPUT 4 "B";
    .port_info 2 /INPUT 1 "Cin";
    .port_info 3 /OUTPUT 4 "Sum";
    .port_info 4 /OUTPUT 1 "Overflow";
L_0x12396ad00 .functor BUFZ 1, L_0x12396d960, C4<0>, C4<0>, C4<0>;
v0x11382d8c0_0 .net "A", 3 0, L_0x113837490;  alias, 1 drivers
v0x11382d950_0 .net "B", 3 0, L_0x113837710;  alias, 1 drivers
v0x11382d9e0_0 .net "Cin", 0 0, L_0x113837d50;  1 drivers
v0x11382da70_0 .net "Overflow", 0 0, L_0x12396ad00;  alias, 1 drivers
v0x11382db00_0 .net "Sum", 3 0, L_0x113837cb0;  alias, 1 drivers
v0x11382db90_0 .net "c1", 0 0, L_0x12392a310;  1 drivers
v0x11382dc20_0 .net "c2", 0 0, L_0x123962200;  1 drivers
v0x11382dcb0_0 .net "c3", 0 0, L_0x1239680b0;  1 drivers
v0x11382dd40_0 .net "c4", 0 0, L_0x12396d960;  1 drivers
L_0x1138377b0 .part L_0x113837490, 0, 1;
L_0x113837850 .part L_0x113837710, 0, 1;
L_0x1138378f0 .part L_0x113837490, 1, 1;
L_0x113837990 .part L_0x113837710, 1, 1;
L_0x113837a30 .part L_0x113837490, 2, 1;
L_0x113837ad0 .part L_0x113837710, 2, 1;
L_0x113837b70 .part L_0x113837490, 3, 1;
L_0x113837c10 .part L_0x113837710, 3, 1;
L_0x113837cb0 .concat8 [ 1 1 1 1], L_0x12392a610, L_0x123964960, L_0x123961f90, L_0x12396de90;
S_0x11382ba00 .scope module, "FA" "full_adder" 7 11, 8 1 0, S_0x11382b7f0;
 .timescale -12 -12;
    .port_info 0 /INPUT 1 "A";
    .port_info 1 /INPUT 1 "B";
    .port_info 2 /INPUT 1 "Cin";
    .port_info 3 /OUTPUT 1 "Sum";
    .port_info 4 /OUTPUT 1 "Cout";
L_0x12392ab10 .functor XOR 1, L_0x1138377b0, L_0x113837850, C4<0>, C4<0>;
L_0x12392a610 .functor XOR 1, L_0x12392ab10, L_0x113837d50, C4<0>, C4<0>;
L_0x12392a810 .functor AND 1, L_0x1138377b0, L_0x113837850, C4<1>, C4<1>;
L_0x12392a910 .functor AND 1, L_0x1138377b0, L_0x113837d50, C4<1>, C4<1>;
L_0x12392a710 .functor OR 1, L_0x12392a810, L_0x12392a910, C4<0>, C4<0>;
L_0x12392a410 .functor AND 1, L_0x113837850, L_0x113837d50, C4<1>, C4<1>;
L_0x12392a310 .functor OR 1, L_0x12392a710, L_0x12392a410, C4<0>, C4<0>;
v0x11382bc10_0 .net "A", 0 0, L_0x1138377b0;  1 drivers
v0x11382bca0_0 .net "B", 0 0, L_0x113837850;  1 drivers
v0x11382bd30_0 .net "Cin", 0 0, L_0x113837d50;  alias, 1 drivers
v0x11382bdc0_0 .net "Cout", 0 0, L_0x12392a310;  alias, 1 drivers
v0x11382be50_0 .net "Sum", 0 0, L_0x12392a610;  1 drivers
v0x11382bee0_0 .net *"_ivl_0", 0 0, L_0x12392ab10;  1 drivers
v0x11382bf70_0 .net *"_ivl_10", 0 0, L_0x12392a410;  1 drivers
v0x11382c000_0 .net *"_ivl_4", 0 0, L_0x12392a810;  1 drivers
v0x11382c090_0 .net *"_ivl_6", 0 0, L_0x12392a910;  1 drivers
v0x11382c120_0 .net *"_ivl_8", 0 0, L_0x12392a710;  1 drivers
S_0x11382c1b0 .scope module, "FA1" "full_adder" 7 19, 8 1 0, S_0x11382b7f0;
 .timescale -12 -12;
    .port_info 0 /INPUT 1 "A";
    .port_info 1 /INPUT 1 "B";
    .port_info 2 /INPUT 1 "Cin";
    .port_info 3 /OUTPUT 1 "Sum";
    .port_info 4 /OUTPUT 1 "Cout";
L_0x123964db0 .functor XOR 1, L_0x1138378f0, L_0x113837990, C4<0>, C4<0>;
L_0x123964960 .functor XOR 1, L_0x123964db0, L_0x12392a310, C4<0>, C4<0>;
L_0x123965210 .functor AND 1, L_0x1138378f0, L_0x113837990, C4<1>, C4<1>;
L_0x123964a60 .functor AND 1, L_0x1138378f0, L_0x12392a310, C4<1>, C4<1>;
L_0x1239620c0 .functor OR 1, L_0x123965210, L_0x123964a60, C4<0>, C4<0>;
L_0x123962850 .functor AND 1, L_0x113837990, L_0x12392a310, C4<1>, C4<1>;
L_0x123962200 .functor OR 1, L_0x1239620c0, L_0x123962850, C4<0>, C4<0>;
v0x11382c3c0_0 .net "A", 0 0, L_0x1138378f0;  1 drivers
v0x11382c450_0 .net "B", 0 0, L_0x113837990;  1 drivers
v0x11382c4e0_0 .net "Cin", 0 0, L_0x12392a310;  alias, 1 drivers
v0x11382c570_0 .net "Cout", 0 0, L_0x123962200;  alias, 1 drivers
v0x11382c600_0 .net "Sum", 0 0, L_0x123964960;  1 drivers
v0x11382c690_0 .net *"_ivl_0", 0 0, L_0x123964db0;  1 drivers
v0x11382c720_0 .net *"_ivl_10", 0 0, L_0x123962850;  1 drivers
v0x11382c7b0_0 .net *"_ivl_4", 0 0, L_0x123965210;  1 drivers
v0x11382c840_0 .net *"_ivl_6", 0 0, L_0x123964a60;  1 drivers
v0x11382c8d0_0 .net *"_ivl_8", 0 0, L_0x1239620c0;  1 drivers
S_0x11382c960 .scope module, "FA2" "full_adder" 7 27, 8 1 0, S_0x11382b7f0;
 .timescale -12 -12;
    .port_info 0 /INPUT 1 "A";
    .port_info 1 /INPUT 1 "B";
    .port_info 2 /INPUT 1 "Cin";
    .port_info 3 /OUTPUT 1 "Sum";
    .port_info 4 /OUTPUT 1 "Cout";
L_0x123962740 .functor XOR 1, L_0x113837a30, L_0x113837ad0, C4<0>, C4<0>;
L_0x123961f90 .functor XOR 1, L_0x123962740, L_0x123962200, C4<0>, C4<0>;
L_0x1239681c0 .functor AND 1, L_0x113837a30, L_0x113837ad0, C4<1>, C4<1>;
L_0x123967c50 .functor AND 1, L_0x113837a30, L_0x123962200, C4<1>, C4<1>;
L_0x1239683f0 .functor OR 1, L_0x1239681c0, L_0x123967c50, C4<0>, C4<0>;
L_0x123967800 .functor AND 1, L_0x113837ad0, L_0x123962200, C4<1>, C4<1>;
L_0x1239680b0 .functor OR 1, L_0x1239683f0, L_0x123967800, C4<0>, C4<0>;
v0x11382cb70_0 .net "A", 0 0, L_0x113837a30;  1 drivers
v0x11382cc00_0 .net "B", 0 0, L_0x113837ad0;  1 drivers
v0x11382cc90_0 .net "Cin", 0 0, L_0x123962200;  alias, 1 drivers
v0x11382cd20_0 .net "Cout", 0 0, L_0x1239680b0;  alias, 1 drivers
v0x11382cdb0_0 .net "Sum", 0 0, L_0x123961f90;  1 drivers
v0x11382ce40_0 .net *"_ivl_0", 0 0, L_0x123962740;  1 drivers
v0x11382ced0_0 .net *"_ivl_10", 0 0, L_0x123967800;  1 drivers
v0x11382cf60_0 .net *"_ivl_4", 0 0, L_0x1239681c0;  1 drivers
v0x11382cff0_0 .net *"_ivl_6", 0 0, L_0x123967c50;  1 drivers
v0x11382d080_0 .net *"_ivl_8", 0 0, L_0x1239683f0;  1 drivers
S_0x11382d110 .scope module, "FA3" "full_adder" 7 35, 8 1 0, S_0x11382b7f0;
 .timescale -12 -12;
    .port_info 0 /INPUT 1 "A";
    .port_info 1 /INPUT 1 "B";
    .port_info 2 /INPUT 1 "Cin";
    .port_info 3 /OUTPUT 1 "Sum";
    .port_info 4 /OUTPUT 1 "Cout";
L_0x12396dda0 .functor XOR 1, L_0x113837b70, L_0x113837c10, C4<0>, C4<0>;
L_0x12396de90 .functor XOR 1, L_0x12396dda0, L_0x1239680b0, C4<0>, C4<0>;
L_0x12396dcb0 .functor AND 1, L_0x113837b70, L_0x113837c10, C4<1>, C4<1>;
L_0x12396e550 .functor AND 1, L_0x113837b70, L_0x1239680b0, C4<1>, C4<1>;
L_0x12396d860 .functor OR 1, L_0x12396dcb0, L_0x12396e550, C4<0>, C4<0>;
L_0x12396e210 .functor AND 1, L_0x113837c10, L_0x1239680b0, C4<1>, C4<1>;
L_0x12396d960 .functor OR 1, L_0x12396d860, L_0x12396e210, C4<0>, C4<0>;
v0x11382d320_0 .net "A", 0 0, L_0x113837b70;  1 drivers
v0x11382d3b0_0 .net "B", 0 0, L_0x113837c10;  1 drivers
v0x11382d440_0 .net "Cin", 0 0, L_0x1239680b0;  alias, 1 drivers
v0x11382d4d0_0 .net "Cout", 0 0, L_0x12396d960;  alias, 1 drivers
v0x11382d560_0 .net "Sum", 0 0, L_0x12396de90;  1 drivers
v0x11382d5f0_0 .net *"_ivl_0", 0 0, L_0x12396dda0;  1 drivers
v0x11382d680_0 .net *"_ivl_10", 0 0, L_0x12396e210;  1 drivers
v0x11382d710_0 .net *"_ivl_4", 0 0, L_0x12396dcb0;  1 drivers
v0x11382d7a0_0 .net *"_ivl_6", 0 0, L_0x12396e550;  1 drivers
v0x11382d830_0 .net *"_ivl_8", 0 0, L_0x12396d860;  1 drivers
    .scope S_0x122f0f7e0;
T_2 ;
    %pushi/vec4 0, 0, 1;
    %store/vec4 v0x11380b840_0, 0, 1;
    %pushi/vec4 0, 0, 1;
    %store/vec4 v0x11380b8d0_0, 0, 1;
    %end;
    .thread T_2, $init;
    .scope S_0x122f0f7e0;
T_3 ;
    %wait E_0x122f105f0;
    %load/vec4 v0x1239d4970_0;
    %flag_set/vec4 8;
    %jmp/0xz  T_3.0, 8;
    %load/vec4 v0x12398a580_0;
    %flag_set/vec4 8;
    %jmp/0 T_3.2, 8;
    %pushi/vec4 0, 0, 1;
    %jmp/1 T_3.3, 8;
T_3.2 ; End of true expr.
    %load/vec4 v0x1239fcc70_0;
    %jmp/0 T_3.3, 8;
 ; End of false expr.
    %blend;
T_3.3;
    %assign/vec4 v0x11380b840_0, 0;
T_3.0 ;
    %jmp T_3;
    .thread T_3;
    .scope S_0x122f0f7e0;
T_4 ;
    %wait E_0x122f07b50;
    %load/vec4 v0x12398a580_0;
    %flag_set/vec4 8;
    %jmp/0xz  T_4.0, 8;
    %pushi/vec4 0, 0, 1;
    %assign/vec4 v0x11380b8d0_0, 0;
    %jmp T_4.1;
T_4.0 ;
    %load/vec4 v0x1239d4970_0;
    %flag_set/vec4 8;
    %jmp/0xz  T_4.2, 8;
    %load/vec4 v0x1239fcc70_0;
    %assign/vec4 v0x11380b8d0_0, 0;
T_4.2 ;
T_4.1 ;
    %jmp T_4;
    .thread T_4;
    .scope S_0x1239fd5b0;
T_5 ;
    %pushi/vec4 0, 0, 32;
    %store/vec4 v0x123948840_0, 0, 32;
T_5.0 ; Top of for-loop
    %load/vec4 v0x123948840_0;
    %cmpi/s 16, 0, 32;
	  %jmp/0xz T_5.1, 5;
    %pushi/vec4 0, 0, 256;
    %load/vec4 v0x123948840_0;
    %muli 16, 0, 32;
    %part/s 16;
    %pushi/vec4 0, 0, 32;
    %load/vec4 v0x123948840_0;
    %add;
    %ix/vec4/s 4;
    %store/vec4a v0x1239488d0, 4, 0;
    %pushi/vec4 0, 0, 256;
    %load/vec4 v0x123948840_0;
    %muli 16, 0, 32;
    %part/s 16;
    %pushi/vec4 16, 0, 32;
    %load/vec4 v0x123948840_0;
    %add;
    %ix/vec4/s 4;
    %store/vec4a v0x1239488d0, 4, 0;
    %pushi/vec4 0, 0, 256;
    %load/vec4 v0x123948840_0;
    %muli 16, 0, 32;
    %part/s 16;
    %pushi/vec4 32, 0, 32;
    %load/vec4 v0x123948840_0;
    %add;
    %ix/vec4/s 4;
    %store/vec4a v0x1239488d0, 4, 0;
    %pushi/vec4 0, 0, 256;
    %load/vec4 v0x123948840_0;
    %muli 16, 0, 32;
    %part/s 16;
    %pushi/vec4 48, 0, 32;
    %load/vec4 v0x123948840_0;
    %add;
    %ix/vec4/s 4;
    %store/vec4a v0x1239488d0, 4, 0;
    %pushi/vec4 0, 0, 256;
    %load/vec4 v0x123948840_0;
    %muli 16, 0, 32;
    %part/s 16;
    %pushi/vec4 64, 0, 32;
    %load/vec4 v0x123948840_0;
    %add;
    %ix/vec4/s 4;
    %store/vec4a v0x1239488d0, 4, 0;
    %pushi/vec4 0, 0, 256;
    %load/vec4 v0x123948840_0;
    %muli 16, 0, 32;
    %part/s 16;
    %pushi/vec4 80, 0, 32;
    %load/vec4 v0x123948840_0;
    %add;
    %ix/vec4/s 4;
    %store/vec4a v0x1239488d0, 4, 0;
    %pushi/vec4 0, 0, 256;
    %load/vec4 v0x123948840_0;
    %muli 16, 0, 32;
    %part/s 16;
    %pushi/vec4 96, 0, 32;
    %load/vec4 v0x123948840_0;
    %add;
    %ix/vec4/s 4;
    %store/vec4a v0x1239488d0, 4, 0;
    %pushi/vec4 0, 0, 256;
    %load/vec4 v0x123948840_0;
    %muli 16, 0, 32;
    %part/s 16;
    %pushi/vec4 112, 0, 32;
    %load/vec4 v0x123948840_0;
    %add;
    %ix/vec4/s 4;
    %store/vec4a v0x1239488d0, 4, 0;
    %pushi/vec4 0, 0, 256;
    %load/vec4 v0x123948840_0;
    %muli 16, 0, 32;
    %part/s 16;
    %pushi/vec4 128, 0, 32;
    %load/vec4 v0x123948840_0;
    %add;
    %ix/vec4/s 4;
    %store/vec4a v0x1239488d0, 4, 0;
    %pushi/vec4 0, 0, 256;
    %load/vec4 v0x123948840_0;
    %muli 16, 0, 32;
    %part/s 16;
    %pushi/vec4 144, 0, 32;
    %load/vec4 v0x123948840_0;
    %add;
    %ix/vec4/s 4;
    %store/vec4a v0x1239488d0, 4, 0;
    %pushi/vec4 0, 0, 256;
    %load/vec4 v0x123948840_0;
    %muli 16, 0, 32;
    %part/s 16;
    %pushi/vec4 160, 0, 32;
    %load/vec4 v0x123948840_0;
    %add;
    %ix/vec4/s 4;
    %store/vec4a v0x1239488d0, 4, 0;
    %pushi/vec4 0, 0, 256;
    %load/vec4 v0x123948840_0;
    %muli 16, 0, 32;
    %part/s 16;
    %pushi/vec4 176, 0, 32;
    %load/vec4 v0x123948840_0;
    %add;
    %ix/vec4/s 4;
    %store/vec4a v0x1239488d0, 4, 0;
    %pushi/vec4 0, 0, 256;
    %load/vec4 v0x123948840_0;
    %muli 16, 0, 32;
    %part/s 16;
    %pushi/vec4 192, 0, 32;
    %load/vec4 v0x123948840_0;
    %add;
    %ix/vec4/s 4;
    %store/vec4a v0x1239488d0, 4, 0;
    %pushi/vec4 0, 0, 256;
    %load/vec4 v0x123948840_0;
    %muli 16, 0, 32;
    %part/s 16;
    %pushi/vec4 208, 0, 32;
    %load/vec4 v0x123948840_0;
    %add;
    %ix/vec4/s 4;
    %store/vec4a v0x1239488d0, 4, 0;
    %pushi/vec4 0, 0, 256;
    %load/vec4 v0x123948840_0;
    %muli 16, 0, 32;
    %part/s 16;
    %pushi/vec4 224, 0, 32;
    %load/vec4 v0x123948840_0;
    %add;
    %ix/vec4/s 4;
    %store/vec4a v0x1239488d0, 4, 0;
    %pushi/vec4 0, 0, 256;
    %load/vec4 v0x123948840_0;
    %muli 16, 0, 32;
    %part/s 16;
    %pushi/vec4 240, 0, 32;
    %load/vec4 v0x123948840_0;
    %add;
    %ix/vec4/s 4;
    %store/vec4a v0x1239488d0, 4, 0;
T_5.2 ; for-loop step statement
    %load/vec4 v0x123948840_0;
    %addi 1, 0, 32;
    %store/vec4 v0x123948840_0, 0, 32;
    %jmp T_5.0;
T_5.1 ; for-loop exit label
    %end;
    .thread T_5;
    .scope S_0x1239fd5b0;
T_6 ;
    %wait E_0x11380b960;
    %load/vec4 v0x123948720_0;
    %flag_set/vec4 9;
    %flag_get/vec4 9;
    %jmp/0 T_6.2, 9;
    %load/vec4 v0x123952940_0;
    %and;
T_6.2;
    %flag_set/vec4 8;
    %jmp/0xz  T_6.0, 8;
    %load/vec4 v0x1239487b0_0;
    %parti/s 1, 0, 2;
    %nor/r;
    %flag_set/vec4 8;
    %jmp/0xz  T_6.3, 8;
    %load/vec4 v0x123948690_0;
    %parti/s 1, 0, 2;
    %load/vec4 v0x123952820_0;
    %parti/s 8, 0, 2;
    %pad/u 10;
    %ix/vec4 3;
    %ix/load 4, 0, 0; Constant delay
    %assign/vec4/a/d v0x1239488d0, 0, 4;
T_6.3 ;
    %load/vec4 v0x1239487b0_0;
    %parti/s 1, 1, 2;
    %nor/r;
    %flag_set/vec4 8;
    %jmp/0xz  T_6.5, 8;
    %load/vec4 v0x123948690_0;
    %parti/s 1, 1, 2;
    %load/vec4 v0x123952820_0;
    %parti/s 8, 0, 2;
    %pad/u 10;
    %ix/vec4 3;
    %ix/load 4, 1, 0; part off
    %ix/load 5, 0, 0; Constant delay
    %assign/vec4/a/d v0x1239488d0, 4, 5;
T_6.5 ;
    %load/vec4 v0x1239487b0_0;
    %parti/s 1, 2, 3;
    %nor/r;
    %flag_set/vec4 8;
    %jmp/0xz  T_6.7, 8;
    %load/vec4 v0x123948690_0;
    %parti/s 1, 2, 3;
    %load/vec4 v0x123952820_0;
    %parti/s 8, 0, 2;
    %pad/u 10;
    %ix/vec4 3;
    %ix/load 4, 2, 0; part off
    %ix/load 5, 0, 0; Constant delay
    %assign/vec4/a/d v0x1239488d0, 4, 5;
T_6.7 ;
    %load/vec4 v0x1239487b0_0;
    %parti/s 1, 3, 3;
    %nor/r;
    %flag_set/vec4 8;
    %jmp/0xz  T_6.9, 8;
    %load/vec4 v0x123948690_0;
    %parti/s 1, 3, 3;
    %load/vec4 v0x123952820_0;
    %parti/s 8, 0, 2;
    %pad/u 10;
    %ix/vec4 3;
    %ix/load 4, 3, 0; part off
    %ix/load 5, 0, 0; Constant delay
    %assign/vec4/a/d v0x1239488d0, 4, 5;
T_6.9 ;
    %load/vec4 v0x1239487b0_0;
    %parti/s 1, 4, 4;
    %nor/r;
    %flag_set/vec4 8;
    %jmp/0xz  T_6.11, 8;
    %load/vec4 v0x123948690_0;
    %parti/s 1, 4, 4;
    %load/vec4 v0x123952820_0;
    %parti/s 8, 0, 2;
    %pad/u 10;
    %ix/vec4 3;
    %ix/load 4, 4, 0; part off
    %ix/load 5, 0, 0; Constant delay
    %assign/vec4/a/d v0x1239488d0, 4, 5;
T_6.11 ;
    %load/vec4 v0x1239487b0_0;
    %parti/s 1, 5, 4;
    %nor/r;
    %flag_set/vec4 8;
    %jmp/0xz  T_6.13, 8;
    %load/vec4 v0x123948690_0;
    %parti/s 1, 5, 4;
    %load/vec4 v0x123952820_0;
    %parti/s 8, 0, 2;
    %pad/u 10;
    %ix/vec4 3;
    %ix/load 4, 5, 0; part off
    %ix/load 5, 0, 0; Constant delay
    %assign/vec4/a/d v0x1239488d0, 4, 5;
T_6.13 ;
    %load/vec4 v0x1239487b0_0;
    %parti/s 1, 6, 4;
    %nor/r;
    %flag_set/vec4 8;
    %jmp/0xz  T_6.15, 8;
    %load/vec4 v0x123948690_0;
    %parti/s 1, 6, 4;
    %load/vec4 v0x123952820_0;
    %parti/s 8, 0, 2;
    %pad/u 10;
    %ix/vec4 3;
    %ix/load 4, 6, 0; part off
    %ix/load 5, 0, 0; Constant delay
    %assign/vec4/a/d v0x1239488d0, 4, 5;
T_6.15 ;
    %load/vec4 v0x1239487b0_0;
    %parti/s 1, 7, 4;
    %nor/r;
    %flag_set/vec4 8;
    %jmp/0xz  T_6.17, 8;
    %load/vec4 v0x123948690_0;
    %parti/s 1, 7, 4;
    %load/vec4 v0x123952820_0;
    %parti/s 8, 0, 2;
    %pad/u 10;
    %ix/vec4 3;
    %ix/load 4, 7, 0; part off
    %ix/load 5, 0, 0; Constant delay
    %assign/vec4/a/d v0x1239488d0, 4, 5;
T_6.17 ;
    %load/vec4 v0x1239487b0_0;
    %parti/s 1, 8, 5;
    %nor/r;
    %flag_set/vec4 8;
    %jmp/0xz  T_6.19, 8;
    %load/vec4 v0x123948690_0;
    %parti/s 1, 8, 5;
    %load/vec4 v0x123952820_0;
    %parti/s 8, 0, 2;
    %pad/u 10;
    %ix/vec4 3;
    %ix/load 4, 8, 0; part off
    %ix/load 5, 0, 0; Constant delay
    %assign/vec4/a/d v0x1239488d0, 4, 5;
T_6.19 ;
    %load/vec4 v0x1239487b0_0;
    %parti/s 1, 9, 5;
    %nor/r;
    %flag_set/vec4 8;
    %jmp/0xz  T_6.21, 8;
    %load/vec4 v0x123948690_0;
    %parti/s 1, 9, 5;
    %load/vec4 v0x123952820_0;
    %parti/s 8, 0, 2;
    %pad/u 10;
    %ix/vec4 3;
    %ix/load 4, 9, 0; part off
    %ix/load 5, 0, 0; Constant delay
    %assign/vec4/a/d v0x1239488d0, 4, 5;
T_6.21 ;
    %load/vec4 v0x1239487b0_0;
    %parti/s 1, 10, 5;
    %nor/r;
    %flag_set/vec4 8;
    %jmp/0xz  T_6.23, 8;
    %load/vec4 v0x123948690_0;
    %parti/s 1, 10, 5;
    %load/vec4 v0x123952820_0;
    %parti/s 8, 0, 2;
    %pad/u 10;
    %ix/vec4 3;
    %ix/load 4, 10, 0; part off
    %ix/load 5, 0, 0; Constant delay
    %assign/vec4/a/d v0x1239488d0, 4, 5;
T_6.23 ;
    %load/vec4 v0x1239487b0_0;
    %parti/s 1, 11, 5;
    %nor/r;
    %flag_set/vec4 8;
    %jmp/0xz  T_6.25, 8;
    %load/vec4 v0x123948690_0;
    %parti/s 1, 11, 5;
    %load/vec4 v0x123952820_0;
    %parti/s 8, 0, 2;
    %pad/u 10;
    %ix/vec4 3;
    %ix/load 4, 11, 0; part off
    %ix/load 5, 0, 0; Constant delay
    %assign/vec4/a/d v0x1239488d0, 4, 5;
T_6.25 ;
    %load/vec4 v0x1239487b0_0;
    %parti/s 1, 12, 5;
    %nor/r;
    %flag_set/vec4 8;
    %jmp/0xz  T_6.27, 8;
    %load/vec4 v0x123948690_0;
    %parti/s 1, 12, 5;
    %load/vec4 v0x123952820_0;
    %parti/s 8, 0, 2;
    %pad/u 10;
    %ix/vec4 3;
    %ix/load 4, 12, 0; part off
    %ix/load 5, 0, 0; Constant delay
    %assign/vec4/a/d v0x1239488d0, 4, 5;
T_6.27 ;
    %load/vec4 v0x1239487b0_0;
    %parti/s 1, 13, 5;
    %nor/r;
    %flag_set/vec4 8;
    %jmp/0xz  T_6.29, 8;
    %load/vec4 v0x123948690_0;
    %parti/s 1, 13, 5;
    %load/vec4 v0x123952820_0;
    %parti/s 8, 0, 2;
    %pad/u 10;
    %ix/vec4 3;
    %ix/load 4, 13, 0; part off
    %ix/load 5, 0, 0; Constant delay
    %assign/vec4/a/d v0x1239488d0, 4, 5;
T_6.29 ;
    %load/vec4 v0x1239487b0_0;
    %parti/s 1, 14, 5;
    %nor/r;
    %flag_set/vec4 8;
    %jmp/0xz  T_6.31, 8;
    %load/vec4 v0x123948690_0;
    %parti/s 1, 14, 5;
    %load/vec4 v0x123952820_0;
    %parti/s 8, 0, 2;
    %pad/u 10;
    %ix/vec4 3;
    %ix/load 4, 14, 0; part off
    %ix/load 5, 0, 0; Constant delay
    %assign/vec4/a/d v0x1239488d0, 4, 5;
T_6.31 ;
    %load/vec4 v0x1239487b0_0;
    %parti/s 1, 15, 5;
    %nor/r;
    %flag_set/vec4 8;
    %jmp/0xz  T_6.33, 8;
    %load/vec4 v0x123948690_0;
    %parti/s 1, 15, 5;
    %load/vec4 v0x123952820_0;
    %parti/s 8, 0, 2;
    %pad/u 10;
    %ix/vec4 3;
    %ix/load 4, 15, 0; part off
    %ix/load 5, 0, 0; Constant delay
    %assign/vec4/a/d v0x1239488d0, 4, 5;
T_6.33 ;
T_6.0 ;
    %jmp T_6;
    .thread T_6;
    .scope S_0x1239fd5b0;
T_7 ;
    %wait E_0x12396a700;
    %load/vec4 v0x12394d9a0_0;
    %flag_set/vec4 9;
    %flag_get/vec4 9;
    %jmp/0 T_7.2, 9;
    %load/vec4 v0x12394d7f0_0;
    %and;
T_7.2;
    %flag_set/vec4 8;
    %jmp/0xz  T_7.0, 8;
    %load/vec4 v0x113808030_0;
    %parti/s 8, 0, 2;
    %pad/u 10;
    %ix/vec4 4;
    %load/vec4a v0x1239488d0, 4;
    %load/vec4 v0x123952790_0;
    %inv;
    %and;
    %assign/vec4 v0x12394d910_0, 0;
T_7.0 ;
    %jmp T_7;
    .thread T_7;
    .scope S_0x122f11610;
T_8 ;
    %pushi/vec4 0, 0, 1;
    %store/vec4 v0x123926df0_0, 0, 1;
    %end;
    .thread T_8;
    .scope S_0x122f11610;
T_9 ;
    %wait E_0x1239d7150;
    %load/vec4 v0x123926d60_0;
    %assign/vec4 v0x123926df0_0, 0;
    %jmp T_9;
    .thread T_9;
    .scope S_0x122f117e0;
T_10 ;
    %pushi/vec4 0, 0, 1;
    %store/vec4 v0x123913ba0_0, 0, 1;
    %end;
    .thread T_10;
    .scope S_0x122f117e0;
T_11 ;
    %wait E_0x1239579a0;
    %load/vec4 v0x123913b10_0;
    %flag_set/vec4 8;
    %jmp/0xz  T_11.0, 8;
    %load/vec4 v0x123913a80_0;
    %assign/vec4 v0x123913ba0_0, 0;
T_11.0 ;
    %jmp T_11;
    .thread T_11;
    .scope S_0x122f11a10;
T_12 ;
    %pushi/vec4 0, 0, 1;
    %store/vec4 v0x1239114b0_0, 0, 1;
    %end;
    .thread T_12;
    .scope S_0x122f11a10;
T_13 ;
    %wait E_0x1239d4750;
    %load/vec4 v0x123911540_0;
    %flag_set/vec4 8;
    %jmp/0xz  T_13.0, 8;
    %pushi/vec4 0, 0, 1;
    %assign/vec4 v0x1239114b0_0, 0;
    %jmp T_13.1;
T_13.0 ;
    %load/vec4 v0x123911420_0;
    %flag_set/vec4 8;
    %jmp/0xz  T_13.2, 8;
    %load/vec4 v0x123913cc0_0;
    %assign/vec4 v0x1239114b0_0, 0;
T_13.2 ;
T_13.1 ;
    %jmp T_13;
    .thread T_13;
    .scope S_0x122f11c20;
T_14 ;
    %pushi/vec4 0, 0, 1;
    %store/vec4 v0x1239102d0_0, 0, 1;
    %end;
    .thread T_14;
    .scope S_0x122f11c20;
T_15 ;
    %wait E_0x1239d4430;
    %load/vec4 v0x123910360_0;
    %flag_set/vec4 8;
    %jmp/0xz  T_15.0, 8;
    %pushi/vec4 1, 0, 1;
    %assign/vec4 v0x1239102d0_0, 0;
    %jmp T_15.1;
T_15.0 ;
    %load/vec4 v0x1239116f0_0;
    %flag_set/vec4 8;
    %jmp/0xz  T_15.2, 8;
    %load/vec4 v0x123911660_0;
    %assign/vec4 v0x1239102d0_0, 0;
T_15.2 ;
T_15.1 ;
    %jmp T_15;
    .thread T_15;
    .scope S_0x122f11e30;
T_16 ;
    %pushi/vec4 0, 0, 1;
    %store/vec4 v0x1239105a0_0, 0, 1;
    %end;
    .thread T_16;
    .scope S_0x122f11e30;
T_17 ;
    %wait E_0x1239cf7e0;
    %load/vec4 v0x123910510_0;
    %flag_set/vec4 8;
    %jmp/0xz  T_17.0, 8;
    %load/vec4 v0x123920060_0;
    %flag_set/vec4 8;
    %jmp/0xz  T_17.2, 8;
    %pushi/vec4 0, 0, 1;
    %assign/vec4 v0x1239105a0_0, 0;
    %jmp T_17.3;
T_17.2 ;
    %load/vec4 v0x123910480_0;
    %assign/vec4 v0x1239105a0_0, 0;
T_17.3 ;
T_17.0 ;
    %jmp T_17;
    .thread T_17;
    .scope S_0x122f120a0;
T_18 ;
    %pushi/vec4 0, 0, 1;
    %store/vec4 v0x1239202a0_0, 0, 1;
    %end;
    .thread T_18;
    .scope S_0x122f120a0;
T_19 ;
    %wait E_0x1239cfba0;
    %load/vec4 v0x123920210_0;
    %flag_set/vec4 8;
    %jmp/0xz  T_19.0, 8;
    %load/vec4 v0x123920330_0;
    %flag_set/vec4 8;
    %jmp/0xz  T_19.2, 8;
    %pushi/vec4 1, 0, 1;
    %assign/vec4 v0x1239202a0_0, 0;
    %jmp T_19.3;
T_19.2 ;
    %load/vec4 v0x123920180_0;
    %assign/vec4 v0x1239202a0_0, 0;
T_19.3 ;
T_19.0 ;
    %jmp T_19;
    .thread T_19;
    .scope S_0x122f12390;
T_20 ;
    %pushi/vec4 0, 0, 1;
    %store/vec4 v0x12391dbb0_0, 0, 1;
    %end;
    .thread T_20;
    .scope S_0x122f12390;
T_21 ;
    %wait E_0x1239cf610;
    %load/vec4 v0x12391db20_0;
    %assign/vec4 v0x12391dbb0_0, 0;
    %jmp T_21;
    .thread T_21;
    .scope S_0x122f12590;
T_22 ;
    %pushi/vec4 0, 0, 1;
    %store/vec4 v0x12391c940_0, 0, 1;
    %end;
    .thread T_22;
    .scope S_0x122f12590;
T_23 ;
    %wait E_0x1239cbd90;
    %load/vec4 v0x12391dd60_0;
    %flag_set/vec4 8;
    %jmp/0xz  T_23.0, 8;
    %load/vec4 v0x12391dcd0_0;
    %assign/vec4 v0x12391c940_0, 0;
T_23.0 ;
    %jmp T_23;
    .thread T_23;
    .scope S_0x122f127b0;
T_24 ;
    %pushi/vec4 0, 0, 1;
    %store/vec4 v0x12391cb80_0, 0, 1;
    %end;
    .thread T_24;
    .scope S_0x122f127b0;
T_25 ;
    %wait E_0x1239cc5c0;
    %load/vec4 v0x12391cc10_0;
    %flag_set/vec4 8;
    %jmp/0xz  T_25.0, 8;
    %pushi/vec4 0, 0, 1;
    %assign/vec4 v0x12391cb80_0, 0;
    %jmp T_25.1;
T_25.0 ;
    %load/vec4 v0x12391caf0_0;
    %flag_set/vec4 8;
    %jmp/0xz  T_25.2, 8;
    %load/vec4 v0x12391ca60_0;
    %assign/vec4 v0x12391cb80_0, 0;
T_25.2 ;
T_25.1 ;
    %jmp T_25;
    .thread T_25;
    .scope S_0x122f12a20;
T_26 ;
    %pushi/vec4 0, 0, 1;
    %store/vec4 v0x123925550_0, 0, 1;
    %end;
    .thread T_26;
    .scope S_0x122f12a20;
T_27 ;
    %wait E_0x1239cd200;
    %load/vec4 v0x1239255e0_0;
    %flag_set/vec4 8;
    %jmp/0xz  T_27.0, 8;
    %pushi/vec4 1, 0, 1;
    %assign/vec4 v0x123925550_0, 0;
    %jmp T_27.1;
T_27.0 ;
    %load/vec4 v0x1239254c0_0;
    %flag_set/vec4 8;
    %jmp/0xz  T_27.2, 8;
    %load/vec4 v0x123925430_0;
    %assign/vec4 v0x123925550_0, 0;
T_27.2 ;
T_27.1 ;
    %jmp T_27;
    .thread T_27;
    .scope S_0x122f12c90;
T_28 ;
    %pushi/vec4 0, 0, 1;
    %store/vec4 v0x123923ed0_0, 0, 1;
    %end;
    .thread T_28;
    .scope S_0x122f12c90;
T_29 ;
    %wait E_0x1239ccfd0;
    %load/vec4 v0x123923e40_0;
    %flag_set/vec4 8;
    %jmp/0xz  T_29.0, 8;
    %load/vec4 v0x123923f60_0;
    %flag_set/vec4 8;
    %jmp/0xz  T_29.2, 8;
    %pushi/vec4 0, 0, 1;
    %assign/vec4 v0x123923ed0_0, 0;
    %jmp T_29.3;
T_29.2 ;
    %load/vec4 v0x123923db0_0;
    %assign/vec4 v0x123923ed0_0, 0;
T_29.3 ;
T_29.0 ;
    %jmp T_29;
    .thread T_29;
    .scope S_0x122f12f00;
T_30 ;
    %pushi/vec4 0, 0, 1;
    %store/vec4 v0x1239226c0_0, 0, 1;
    %end;
    .thread T_30;
    .scope S_0x122f12f00;
T_31 ;
    %wait E_0x1239ccb60;
    %load/vec4 v0x123922630_0;
    %flag_set/vec4 8;
    %jmp/0xz  T_31.0, 8;
    %load/vec4 v0x123922750_0;
    %flag_set/vec4 8;
    %jmp/0xz  T_31.2, 8;
    %pushi/vec4 1, 0, 1;
    %assign/vec4 v0x1239226c0_0, 0;
    %jmp T_31.3;
T_31.2 ;
    %load/vec4 v0x123924080_0;
    %assign/vec4 v0x1239226c0_0, 0;
T_31.3 ;
T_31.0 ;
    %jmp T_31;
    .thread T_31;
    .scope S_0x122f13170;
T_32 ;
    %pushi/vec4 0, 0, 1;
    %store/vec4 v0x123922900_0, 0, 1;
    %end;
    .thread T_32;
    .scope S_0x122f13170;
T_33 ;
    %wait E_0x1239ccda0;
    %load/vec4 v0x12391baa0_0;
    %flag_set/vec4 8;
    %jmp/0xz  T_33.0, 8;
    %pushi/vec4 0, 0, 1;
    %assign/vec4 v0x123922900_0, 0;
    %jmp T_33.1;
T_33.0 ;
    %load/vec4 v0x123922870_0;
    %assign/vec4 v0x123922900_0, 0;
T_33.1 ;
    %jmp T_33;
    .thread T_33;
    .scope S_0x122f133b0;
T_34 ;
    %pushi/vec4 0, 0, 1;
    %store/vec4 v0x12391bc50_0, 0, 1;
    %end;
    .thread T_34;
    .scope S_0x122f133b0;
T_35 ;
    %wait E_0x1239cba90;
    %load/vec4 v0x12391bce0_0;
    %flag_set/vec4 8;
    %jmp/0xz  T_35.0, 8;
    %pushi/vec4 1, 0, 1;
    %assign/vec4 v0x12391bc50_0, 0;
    %jmp T_35.1;
T_35.0 ;
    %load/vec4 v0x12391bbc0_0;
    %assign/vec4 v0x12391bc50_0, 0;
T_35.1 ;
    %jmp T_35;
    .thread T_35;
    .scope S_0x122f136f0;
T_36 ;
    %pushi/vec4 0, 0, 1;
    %store/vec4 v0x12391a540_0, 0, 1;
    %end;
    .thread T_36;
    .scope S_0x122f136f0;
T_37 ;
    %wait E_0x1239d7630;
    %load/vec4 v0x12391a5d0_0;
    %flag_set/vec4 8;
    %jmp/0xz  T_37.0, 8;
    %pushi/vec4 0, 0, 1;
    %assign/vec4 v0x12391a540_0, 0;
    %jmp T_37.1;
T_37.0 ;
    %load/vec4 v0x12391a4b0_0;
    %assign/vec4 v0x12391a540_0, 0;
T_37.1 ;
    %jmp T_37;
    .thread T_37;
    .scope S_0x122f13910;
T_38 ;
    %pushi/vec4 0, 0, 1;
    %store/vec4 v0x12391a780_0, 0, 1;
    %end;
    .thread T_38;
    .scope S_0x122f13910;
T_39 ;
    %wait E_0x1239d7430;
    %load/vec4 v0x123918d30_0;
    %flag_set/vec4 8;
    %jmp/0xz  T_39.0, 8;
    %pushi/vec4 1, 0, 1;
    %assign/vec4 v0x12391a780_0, 0;
    %jmp T_39.1;
T_39.0 ;
    %load/vec4 v0x12391a6f0_0;
    %assign/vec4 v0x12391a780_0, 0;
T_39.1 ;
    %jmp T_39;
    .thread T_39;
    .scope S_0x122f13b00;
T_40 ;
    %pushi/vec4 0, 0, 1;
    %store/vec4 v0x123918ee0_0, 0, 1;
    %end;
    .thread T_40;
    .scope S_0x122f13b00;
T_41 ;
    %wait E_0x1239d7b10;
    %load/vec4 v0x123918f70_0;
    %flag_set/vec4 8;
    %jmp/0xz  T_41.0, 8;
    %pushi/vec4 0, 0, 1;
    %assign/vec4 v0x123918ee0_0, 0;
    %jmp T_41.1;
T_41.0 ;
    %load/vec4 v0x123918e50_0;
    %assign/vec4 v0x123918ee0_0, 0;
T_41.1 ;
    %jmp T_41;
    .thread T_41;
    .scope S_0x122f13d40;
T_42 ;
    %pushi/vec4 0, 0, 1;
    %store/vec4 v0x1239177d0_0, 0, 1;
    %end;
    .thread T_42;
    .scope S_0x122f13d40;
T_43 ;
    %wait E_0x1239d78a0;
    %load/vec4 v0x123917860_0;
    %flag_set/vec4 8;
    %jmp/0xz  T_43.0, 8;
    %pushi/vec4 1, 0, 1;
    %assign/vec4 v0x1239177d0_0, 0;
    %jmp T_43.1;
T_43.0 ;
    %load/vec4 v0x123917740_0;
    %assign/vec4 v0x1239177d0_0, 0;
T_43.1 ;
    %jmp T_43;
    .thread T_43;
    .scope S_0x122f13f80;
T_44 ;
    %pushi/vec4 0, 0, 1;
    %store/vec4 v0x123917a10_0, 0, 1;
    %end;
    .thread T_44;
    .scope S_0x122f13f80;
T_45 ;
    %wait E_0x12396ef40;
    %load/vec4 v0x123915fc0_0;
    %flag_set/vec4 8;
    %jmp/0xz  T_45.0, 8;
    %pushi/vec4 0, 0, 1;
    %assign/vec4 v0x123917a10_0, 0;
    %jmp T_45.1;
T_45.0 ;
    %load/vec4 v0x123917980_0;
    %assign/vec4 v0x123917a10_0, 0;
T_45.1 ;
    %jmp T_45;
    .thread T_45;
    .scope S_0x122f141c0;
T_46 ;
    %pushi/vec4 0, 0, 1;
    %store/vec4 v0x123916170_0, 0, 1;
    %end;
    .thread T_46;
    .scope S_0x122f141c0;
T_47 ;
    %wait E_0x12396ed70;
    %load/vec4 v0x123916200_0;
    %flag_set/vec4 8;
    %jmp/0xz  T_47.0, 8;
    %pushi/vec4 1, 0, 1;
    %assign/vec4 v0x123916170_0, 0;
    %jmp T_47.1;
T_47.0 ;
    %load/vec4 v0x1239160e0_0;
    %assign/vec4 v0x123916170_0, 0;
T_47.1 ;
    %jmp T_47;
    .thread T_47;
    .scope S_0x123985920;
T_48 ;
    %wait E_0x123982340;
    %load/vec4 v0x113813050_0;
    %assign/vec4 v0x1138130e0_0, 0;
    %jmp T_48;
    .thread T_48;
    .scope S_0x123985920;
T_49 ;
    %wait E_0x123982340;
    %load/vec4 v0x113813050_0;
    %flag_set/vec4 8;
    %jmp/0xz  T_49.0, 8;
    %load/vec4 v0x113812ea0_0;
    %assign/vec4 v0x113813420_0, 0;
T_49.0 ;
    %jmp T_49;
    .thread T_49;
    .scope S_0x123985920;
T_50 ;
    %wait E_0x12397feb0;
    %load/vec4 v0x1138130e0_0;
    %flag_set/vec4 8;
    %jmp/0xz  T_50.0, 8;
    %load/vec4 v0x113812ea0_0;
    %assign/vec4 v0x1138134b0_0, 0;
T_50.0 ;
    %jmp T_50;
    .thread T_50;
    .scope S_0x123985920;
T_51 ;
    %wait E_0x12396f7a0;
    %load/vec4 v0x113813050_0;
    %assign/vec4 v0x113813170_0, 0;
    %jmp T_51;
    .thread T_51;
    .scope S_0x123985920;
T_52 ;
    %wait E_0x12396f7a0;
    %load/vec4 v0x113813050_0;
    %flag_set/vec4 8;
    %jmp/0xz  T_52.0, 8;
    %load/vec4 v0x123988420_0;
    %assign/vec4 v0x1138135d0_0, 0;
T_52.0 ;
    %jmp T_52;
    .thread T_52;
    .scope S_0x123985920;
T_53 ;
    %wait E_0x1239813c0;
    %load/vec4 v0x113813170_0;
    %flag_set/vec4 8;
    %jmp/0xz  T_53.0, 8;
    %load/vec4 v0x1239884b0_0;
    %assign/vec4 v0x113813660_0, 0;
T_53.0 ;
    %jmp T_53;
    .thread T_53;
    .scope S_0x123985920;
T_54 ;
    %wait E_0x12396f7a0;
    %load/vec4 v0x113813050_0;
    %flag_set/vec4 8;
    %jmp/0xz  T_54.0, 8;
    %load/vec4 v0x1239886f0_0;
    %assign/vec4 v0x113813810_0, 0;
T_54.0 ;
    %jmp T_54;
    .thread T_54;
    .scope S_0x123979080;
T_55 ;
    %wait E_0x123970290;
    %load/vec4 v0x113813420_0;
    %store/vec4 v0x113813200_0, 0, 1;
    %load/vec4 v0x1138134b0_0;
    %store/vec4 v0x113813290_0, 0, 1;
    %jmp T_55;
    .thread T_55, $push;
    .scope S_0x123979080;
T_56 ;
    %wait E_0x123970d90;
    %load/vec4 v0x123988660_0;
    %assign/vec4 v0x1138136f0_0, 0;
    %jmp T_56;
    .thread T_56, $push;
    .scope S_0x123979080;
T_57 ;
    %wait E_0x12396fe80;
    %load/vec4 v0x1138136f0_0;
    %assign/vec4 v0x113813780_0, 0;
    %jmp T_57;
    .thread T_57, $push;
    .scope S_0x123979080;
T_58 ;
    %wait E_0x12396fb30;
    %load/vec4 v0x113813780_0;
    %pushi/vec4 0, 0, 1;
    %xor;
    %flag_set/vec4 8;
    %jmp/1 T_58.2, 8;
    %pushi/vec4 0, 0, 1;
    %flag_set/vec4 9;
    %flag_or 8, 9;
T_58.2;
    %jmp/0 T_58.0, 8;
    %load/vec4 v0x1138135d0_0;
    %jmp/1 T_58.1, 8;
T_58.0 ; End of true expr.
    %load/vec4 v0x113813660_0;
    %jmp/0 T_58.1, 8;
 ; End of false expr.
    %blend;
T_58.1;
    %store/vec4 v0x113813540_0, 0, 1;
    %jmp T_58;
    .thread T_58, $push;
    .scope S_0x113815df0;
T_59 ;
    %wait E_0x123980090;
    %load/vec4 v0x113815f60_0;
    %flag_set/vec4 8;
    %jmp/0xz  T_59.0, 8;
    %load/vec4 v0x113816470_0;
    %assign/vec4 v0x113816740_0, 0;
T_59.0 ;
    %jmp T_59;
    .thread T_59;
    .scope S_0x113815df0;
T_60 ;
    %wait E_0x123984600;
    %load/vec4 v0x113815f60_0;
    %flag_set/vec4 8;
    %jmp/0xz  T_60.0, 8;
    %load/vec4 v0x113816470_0;
    %assign/vec4 v0x1138167d0_0, 0;
T_60.0 ;
    %jmp T_60;
    .thread T_60;
    .scope S_0x113815df0;
T_61 ;
    %wait E_0x1239847e0;
    %load/vec4 v0x113815f60_0;
    %flag_set/vec4 8;
    %jmp/0xz  T_61.0, 8;
    %load/vec4 v0x113816110_0;
    %assign/vec4 v0x1138169f0_0, 0;
T_61.0 ;
    %jmp T_61;
    .thread T_61;
    .scope S_0x113815df0;
T_62 ;
    %wait E_0x123982700;
    %load/vec4 v0x113815f60_0;
    %flag_set/vec4 8;
    %jmp/0xz  T_62.0, 8;
    %load/vec4 v0x1138161a0_0;
    %assign/vec4 v0x113816a80_0, 0;
T_62.0 ;
    %jmp T_62;
    .thread T_62;
    .scope S_0x113815df0;
T_63 ;
    %wait E_0x1239847e0;
    %load/vec4 v0x113815f60_0;
    %flag_set/vec4 8;
    %jmp/0xz  T_63.0, 8;
    %load/vec4 v0x1138163e0_0;
    %assign/vec4 v0x113816c30_0, 0;
T_63.0 ;
    %jmp T_63;
    .thread T_63;
    .scope S_0x122f15500;
T_64 ;
    %wait E_0x123984060;
    %load/vec4 v0x113816740_0;
    %store/vec4 v0x113816620_0, 0, 1;
    %load/vec4 v0x1138167d0_0;
    %store/vec4 v0x1138166b0_0, 0, 1;
    %jmp T_64;
    .thread T_64, $push;
    .scope S_0x122f15500;
T_65 ;
    %wait E_0x123983e80;
    %load/vec4 v0x113816350_0;
    %assign/vec4 v0x113816b10_0, 0;
    %jmp T_65;
    .thread T_65, $push;
    .scope S_0x122f15500;
T_66 ;
    %wait E_0x123970850;
    %load/vec4 v0x113816b10_0;
    %assign/vec4 v0x113816ba0_0, 0;
    %jmp T_66;
    .thread T_66, $push;
    .scope S_0x122f15500;
T_67 ;
    %wait E_0x123985bb0;
    %load/vec4 v0x113816ba0_0;
    %pushi/vec4 0, 0, 1;
    %xor;
    %flag_set/vec4 8;
    %jmp/1 T_67.2, 8;
    %pushi/vec4 0, 0, 1;
    %flag_set/vec4 9;
    %flag_or 8, 9;
T_67.2;
    %jmp/0 T_67.0, 8;
    %load/vec4 v0x1138169f0_0;
    %jmp/1 T_67.1, 8;
T_67.0 ; End of true expr.
    %load/vec4 v0x113816a80_0;
    %jmp/0 T_67.1, 8;
 ; End of false expr.
    %blend;
T_67.1;
    %store/vec4 v0x113816860_0, 0, 1;
    %jmp T_67;
    .thread T_67, $push;
    .scope S_0x113816cc0;
T_68 ;
    %wait E_0x123980a20;
    %load/vec4 v0x113816e30_0;
    %flag_set/vec4 8;
    %jmp/0xz  T_68.0, 8;
    %load/vec4 v0x113817340_0;
    %assign/vec4 v0x1138174f0_0, 0;
T_68.0 ;
    %jmp T_68;
    .thread T_68;
    .scope S_0x113816cc0;
T_69 ;
    %wait E_0x1239811e0;
    %load/vec4 v0x113816e30_0;
    %flag_set/vec4 8;
    %jmp/0xz  T_69.0, 8;
    %load/vec4 v0x113817340_0;
    %assign/vec4 v0x113817580_0, 0;
T_69.0 ;
    %jmp T_69;
    .thread T_69;
    .scope S_0x113816cc0;
T_70 ;
    %wait E_0x123983600;
    %load/vec4 v0x113816e30_0;
    %flag_set/vec4 8;
    %jmp/0xz  T_70.0, 8;
    %load/vec4 v0x113816fe0_0;
    %assign/vec4 v0x1138176a0_0, 0;
T_70.0 ;
    %jmp T_70;
    .thread T_70;
    .scope S_0x113816cc0;
T_71 ;
    %wait E_0x123983420;
    %load/vec4 v0x113816e30_0;
    %flag_set/vec4 8;
    %jmp/0xz  T_71.0, 8;
    %load/vec4 v0x113817070_0;
    %assign/vec4 v0x113817730_0, 0;
T_71.0 ;
    %jmp T_71;
    .thread T_71;
    .scope S_0x113816cc0;
T_72 ;
    %wait E_0x123983600;
    %load/vec4 v0x113816e30_0;
    %flag_set/vec4 8;
    %jmp/0xz  T_72.0, 8;
    %load/vec4 v0x1138172b0_0;
    %assign/vec4 v0x1138179e0_0, 0;
T_72.0 ;
    %jmp T_72;
    .thread T_72;
    .scope S_0x122f15af0;
T_73 ;
    %wait E_0x123983240;
    %load/vec4 v0x1138174f0_0;
    %store/vec4 v0x1138173d0_0, 0, 1;
    %load/vec4 v0x113817580_0;
    %store/vec4 v0x113817460_0, 0, 1;
    %jmp T_73;
    .thread T_73, $push;
    .scope S_0x122f15af0;
T_74 ;
    %wait E_0x123982ca0;
    %load/vec4 v0x113817220_0;
    %assign/vec4 v0x1138178c0_0, 0;
    %jmp T_74;
    .thread T_74, $push;
    .scope S_0x122f15af0;
T_75 ;
    %wait E_0x1239828e0;
    %load/vec4 v0x1138178c0_0;
    %assign/vec4 v0x113817950_0, 0;
    %jmp T_75;
    .thread T_75, $push;
    .scope S_0x122f15af0;
T_76 ;
    %wait E_0x123982e80;
    %load/vec4 v0x113817950_0;
    %pushi/vec4 0, 0, 1;
    %xor;
    %flag_set/vec4 8;
    %jmp/1 T_76.2, 8;
    %pushi/vec4 0, 0, 1;
    %flag_set/vec4 9;
    %flag_or 8, 9;
T_76.2;
    %jmp/0 T_76.0, 8;
    %load/vec4 v0x1138176a0_0;
    %jmp/1 T_76.1, 8;
T_76.0 ; End of true expr.
    %load/vec4 v0x113817730_0;
    %jmp/0 T_76.1, 8;
 ; End of false expr.
    %blend;
T_76.1;
    %store/vec4 v0x113817610_0, 0, 1;
    %jmp T_76;
    .thread T_76, $push;
    .scope S_0x122f16c60;
T_77 ;
    %wait E_0x1239837e0;
    %load/vec4 v0x11381a120_0;
    %flag_set/vec4 8;
    %jmp/0xz  T_77.0, 8;
    %pushi/vec4 0, 0, 16;
    %assign/vec4 v0x11381dbf0_0, 0;
    %pushi/vec4 0, 0, 16;
    %assign/vec4 v0x11381dad0_0, 0;
    %jmp T_77.1;
T_77.0 ;
    %load/vec4 v0x113819b10_0;
    %flag_set/vec4 8;
    %jmp/0xz  T_77.2, 8;
    %load/vec4 v0x113819ba0_0;
    %nor/r;
    %flag_set/vec4 8;
    %jmp/0xz  T_77.4, 8;
    %load/vec4 v0x113819a80_0;
    %assign/vec4 v0x11381dbf0_0, 0;
T_77.4 ;
    %load/vec4 v0x113819690_0;
    %nor/r;
    %flag_set/vec4 8;
    %jmp/0xz  T_77.6, 8;
    %load/vec4 v0x1138193c0_0;
    %assign/vec4 v0x11381dad0_0, 0;
T_77.6 ;
T_77.2 ;
T_77.1 ;
    %jmp T_77;
    .thread T_77;
    .scope S_0x122f16c60;
T_78 ;
    %wait E_0x123980850;
    %load/vec4 v0x11381a090_0;
    %flag_set/vec4 8;
    %jmp/0xz  T_78.0, 8;
    %pushi/vec4 0, 0, 16;
    %assign/vec4 v0x11381db60_0, 0;
    %pushi/vec4 0, 0, 16;
    %assign/vec4 v0x11381dc80_0, 0;
    %jmp T_78.1;
T_78.0 ;
    %load/vec4 v0x113819b10_0;
    %flag_set/vec4 8;
    %jmp/0xz  T_78.2, 8;
    %load/vec4 v0x1138198d0_0;
    %nor/r;
    %flag_set/vec4 8;
    %jmp/0xz  T_78.4, 8;
    %load/vec4 v0x113819840_0;
    %assign/vec4 v0x11381db60_0, 0;
T_78.4 ;
    %load/vec4 v0x113819f70_0;
    %nor/r;
    %flag_set/vec4 8;
    %jmp/0xz  T_78.6, 8;
    %load/vec4 v0x113819ee0_0;
    %assign/vec4 v0x11381dc80_0, 0;
T_78.6 ;
T_78.2 ;
T_78.1 ;
    %jmp T_78;
    .thread T_78;
    .scope S_0x122f16c60;
T_79 ;
    %wait E_0x1239837e0;
    %load/vec4 v0x11381a120_0;
    %flag_set/vec4 8;
    %jmp/0xz  T_79.0, 8;
    %pushi/vec4 0, 0, 16;
    %assign/vec4 v0x11381dd10_0, 0;
    %pushi/vec4 0, 0, 16;
    %assign/vec4 v0x11381dec0_0, 0;
    %jmp T_79.1;
T_79.0 ;
    %load/vec4 v0x113819b10_0;
    %flag_set/vec4 8;
    %jmp/0xz  T_79.2, 8;
    %load/vec4 v0x11381d890_0;
    %assign/vec4 v0x11381dd10_0, 0;
    %load/vec4 v0x11381d9b0_0;
    %assign/vec4 v0x11381dec0_0, 0;
T_79.2 ;
T_79.1 ;
    %jmp T_79;
    .thread T_79;
    .scope S_0x122f16c60;
T_80 ;
    %wait E_0x123980850;
    %load/vec4 v0x11381a090_0;
    %flag_set/vec4 8;
    %jmp/0xz  T_80.0, 8;
    %pushi/vec4 0, 0, 16;
    %assign/vec4 v0x11381df50_0, 0;
    %pushi/vec4 0, 0, 16;
    %assign/vec4 v0x11381dda0_0, 0;
    %jmp T_80.1;
T_80.0 ;
    %load/vec4 v0x113819b10_0;
    %flag_set/vec4 8;
    %jmp/0xz  T_80.2, 8;
    %load/vec4 v0x11381d920_0;
    %assign/vec4 v0x11381df50_0, 0;
    %load/vec4 v0x11381da40_0;
    %assign/vec4 v0x11381dda0_0, 0;
T_80.2 ;
T_80.1 ;
    %jmp T_80;
    .thread T_80;
    .scope S_0x122f16c60;
T_81 ;
    %wait E_0x123980850;
    %load/vec4 v0x11381a090_0;
    %flag_set/vec4 8;
    %jmp/0xz  T_81.0, 8;
    %pushi/vec4 0, 0, 32;
    %assign/vec4 v0x11381de30_0, 0;
    %jmp T_81.1;
T_81.0 ;
    %load/vec4 v0x113819b10_0;
    %flag_set/vec4 8;
    %jmp/0xz  T_81.2, 8;
    %load/vec4 v0x11381d380_0;
    %assign/vec4 v0x11381de30_0, 0;
T_81.2 ;
T_81.1 ;
    %jmp T_81;
    .thread T_81;
    .scope S_0x122f16c60;
T_82 ;
    %wait E_0x123980460;
    %load/vec4 v0x11381a630_0;
    %flag_set/vec4 8;
    %jmp/0xz  T_82.0, 8;
    %pushi/vec4 0, 0, 16;
    %assign/vec4 v0x11381dfe0_0, 0;
    %jmp T_82.1;
T_82.0 ;
    %load/vec4 v0x113819b10_0;
    %flag_set/vec4 8;
    %jmp/0xz  T_82.2, 8;
    %load/vec4 v0x11381a3f0_0;
    %nor/r;
    %flag_set/vec4 8;
    %jmp/0xz  T_82.4, 8;
    %load/vec4 v0x11381d410_0;
    %assign/vec4 v0x11381dfe0_0, 0;
T_82.4 ;
T_82.2 ;
T_82.1 ;
    %jmp T_82;
    .thread T_82;
    .scope S_0x122f16c60;
T_83 ;
    %wait E_0x123981b40;
    %load/vec4 v0x11381a5a0_0;
    %flag_set/vec4 8;
    %jmp/0xz  T_83.0, 8;
    %pushi/vec4 0, 0, 16;
    %assign/vec4 v0x11381e070_0, 0;
    %jmp T_83.1;
T_83.0 ;
    %load/vec4 v0x113819b10_0;
    %flag_set/vec4 8;
    %jmp/0xz  T_83.2, 8;
    %load/vec4 v0x11381a360_0;
    %nor/r;
    %flag_set/vec4 8;
    %jmp/0xz  T_83.4, 8;
    %load/vec4 v0x11381d530_0;
    %assign/vec4 v0x11381e070_0, 0;
T_83.4 ;
T_83.2 ;
T_83.1 ;
    %jmp T_83;
    .thread T_83;
    .scope S_0x113820700;
T_84 ;
    %pushi/vec4 0, 0, 32;
    %store/vec4 v0x113822800_0, 0, 32;
T_84.0 ; Top of for-loop
    %load/vec4 v0x113822800_0;
    %cmpi/s 16, 0, 32;
	  %jmp/0xz T_84.1, 5;
    %pushi/vec4 0, 0, 256;
    %load/vec4 v0x113822800_0;
    %muli 16, 0, 32;
    %part/s 16;
    %pushi/vec4 0, 0, 32;
    %load/vec4 v0x113822800_0;
    %add;
    %ix/vec4/s 4;
    %store/vec4a v0x113822890, 4, 0;
    %pushi/vec4 0, 0, 256;
    %load/vec4 v0x113822800_0;
    %muli 16, 0, 32;
    %part/s 16;
    %pushi/vec4 16, 0, 32;
    %load/vec4 v0x113822800_0;
    %add;
    %ix/vec4/s 4;
    %store/vec4a v0x113822890, 4, 0;
    %pushi/vec4 0, 0, 256;
    %load/vec4 v0x113822800_0;
    %muli 16, 0, 32;
    %part/s 16;
    %pushi/vec4 32, 0, 32;
    %load/vec4 v0x113822800_0;
    %add;
    %ix/vec4/s 4;
    %store/vec4a v0x113822890, 4, 0;
    %pushi/vec4 0, 0, 256;
    %load/vec4 v0x113822800_0;
    %muli 16, 0, 32;
    %part/s 16;
    %pushi/vec4 48, 0, 32;
    %load/vec4 v0x113822800_0;
    %add;
    %ix/vec4/s 4;
    %store/vec4a v0x113822890, 4, 0;
    %pushi/vec4 0, 0, 256;
    %load/vec4 v0x113822800_0;
    %muli 16, 0, 32;
    %part/s 16;
    %pushi/vec4 64, 0, 32;
    %load/vec4 v0x113822800_0;
    %add;
    %ix/vec4/s 4;
    %store/vec4a v0x113822890, 4, 0;
    %pushi/vec4 0, 0, 256;
    %load/vec4 v0x113822800_0;
    %muli 16, 0, 32;
    %part/s 16;
    %pushi/vec4 80, 0, 32;
    %load/vec4 v0x113822800_0;
    %add;
    %ix/vec4/s 4;
    %store/vec4a v0x113822890, 4, 0;
    %pushi/vec4 0, 0, 256;
    %load/vec4 v0x113822800_0;
    %muli 16, 0, 32;
    %part/s 16;
    %pushi/vec4 96, 0, 32;
    %load/vec4 v0x113822800_0;
    %add;
    %ix/vec4/s 4;
    %store/vec4a v0x113822890, 4, 0;
    %pushi/vec4 0, 0, 256;
    %load/vec4 v0x113822800_0;
    %muli 16, 0, 32;
    %part/s 16;
    %pushi/vec4 112, 0, 32;
    %load/vec4 v0x113822800_0;
    %add;
    %ix/vec4/s 4;
    %store/vec4a v0x113822890, 4, 0;
    %pushi/vec4 0, 0, 256;
    %load/vec4 v0x113822800_0;
    %muli 16, 0, 32;
    %part/s 16;
    %pushi/vec4 128, 0, 32;
    %load/vec4 v0x113822800_0;
    %add;
    %ix/vec4/s 4;
    %store/vec4a v0x113822890, 4, 0;
    %pushi/vec4 0, 0, 256;
    %load/vec4 v0x113822800_0;
    %muli 16, 0, 32;
    %part/s 16;
    %pushi/vec4 144, 0, 32;
    %load/vec4 v0x113822800_0;
    %add;
    %ix/vec4/s 4;
    %store/vec4a v0x113822890, 4, 0;
    %pushi/vec4 0, 0, 256;
    %load/vec4 v0x113822800_0;
    %muli 16, 0, 32;
    %part/s 16;
    %pushi/vec4 160, 0, 32;
    %load/vec4 v0x113822800_0;
    %add;
    %ix/vec4/s 4;
    %store/vec4a v0x113822890, 4, 0;
    %pushi/vec4 0, 0, 256;
    %load/vec4 v0x113822800_0;
    %muli 16, 0, 32;
    %part/s 16;
    %pushi/vec4 176, 0, 32;
    %load/vec4 v0x113822800_0;
    %add;
    %ix/vec4/s 4;
    %store/vec4a v0x113822890, 4, 0;
    %pushi/vec4 0, 0, 256;
    %load/vec4 v0x113822800_0;
    %muli 16, 0, 32;
    %part/s 16;
    %pushi/vec4 192, 0, 32;
    %load/vec4 v0x113822800_0;
    %add;
    %ix/vec4/s 4;
    %store/vec4a v0x113822890, 4, 0;
    %pushi/vec4 0, 0, 256;
    %load/vec4 v0x113822800_0;
    %muli 16, 0, 32;
    %part/s 16;
    %pushi/vec4 208, 0, 32;
    %load/vec4 v0x113822800_0;
    %add;
    %ix/vec4/s 4;
    %store/vec4a v0x113822890, 4, 0;
    %pushi/vec4 0, 0, 256;
    %load/vec4 v0x113822800_0;
    %muli 16, 0, 32;
    %part/s 16;
    %pushi/vec4 224, 0, 32;
    %load/vec4 v0x113822800_0;
    %add;
    %ix/vec4/s 4;
    %store/vec4a v0x113822890, 4, 0;
    %pushi/vec4 0, 0, 256;
    %load/vec4 v0x113822800_0;
    %muli 16, 0, 32;
    %part/s 16;
    %pushi/vec4 240, 0, 32;
    %load/vec4 v0x113822800_0;
    %add;
    %ix/vec4/s 4;
    %store/vec4a v0x113822890, 4, 0;
T_84.2 ; for-loop step statement
    %load/vec4 v0x113822800_0;
    %addi 1, 0, 32;
    %store/vec4 v0x113822800_0, 0, 32;
    %jmp T_84.0;
T_84.1 ; for-loop exit label
    %end;
    .thread T_84;
    .scope S_0x113820700;
T_85 ;
    %wait E_0x12392a080;
    %load/vec4 v0x1138226e0_0;
    %flag_set/vec4 9;
    %flag_get/vec4 9;
    %jmp/0 T_85.2, 9;
    %load/vec4 v0x113822530_0;
    %and;
T_85.2;
    %flag_set/vec4 8;
    %jmp/0xz  T_85.0, 8;
    %load/vec4 v0x113822770_0;
    %parti/s 1, 0, 2;
    %nor/r;
    %flag_set/vec4 8;
    %jmp/0xz  T_85.3, 8;
    %load/vec4 v0x113822650_0;
    %parti/s 1, 0, 2;
    %load/vec4 v0x113822410_0;
    %parti/s 8, 0, 2;
    %pad/u 10;
    %ix/vec4 3;
    %ix/load 4, 0, 0; Constant delay
    %assign/vec4/a/d v0x113822890, 0, 4;
T_85.3 ;
    %load/vec4 v0x113822770_0;
    %parti/s 1, 1, 2;
    %nor/r;
    %flag_set/vec4 8;
    %jmp/0xz  T_85.5, 8;
    %load/vec4 v0x113822650_0;
    %parti/s 1, 1, 2;
    %load/vec4 v0x113822410_0;
    %parti/s 8, 0, 2;
    %pad/u 10;
    %ix/vec4 3;
    %ix/load 4, 1, 0; part off
    %ix/load 5, 0, 0; Constant delay
    %assign/vec4/a/d v0x113822890, 4, 5;
T_85.5 ;
    %load/vec4 v0x113822770_0;
    %parti/s 1, 2, 3;
    %nor/r;
    %flag_set/vec4 8;
    %jmp/0xz  T_85.7, 8;
    %load/vec4 v0x113822650_0;
    %parti/s 1, 2, 3;
    %load/vec4 v0x113822410_0;
    %parti/s 8, 0, 2;
    %pad/u 10;
    %ix/vec4 3;
    %ix/load 4, 2, 0; part off
    %ix/load 5, 0, 0; Constant delay
    %assign/vec4/a/d v0x113822890, 4, 5;
T_85.7 ;
    %load/vec4 v0x113822770_0;
    %parti/s 1, 3, 3;
    %nor/r;
    %flag_set/vec4 8;
    %jmp/0xz  T_85.9, 8;
    %load/vec4 v0x113822650_0;
    %parti/s 1, 3, 3;
    %load/vec4 v0x113822410_0;
    %parti/s 8, 0, 2;
    %pad/u 10;
    %ix/vec4 3;
    %ix/load 4, 3, 0; part off
    %ix/load 5, 0, 0; Constant delay
    %assign/vec4/a/d v0x113822890, 4, 5;
T_85.9 ;
    %load/vec4 v0x113822770_0;
    %parti/s 1, 4, 4;
    %nor/r;
    %flag_set/vec4 8;
    %jmp/0xz  T_85.11, 8;
    %load/vec4 v0x113822650_0;
    %parti/s 1, 4, 4;
    %load/vec4 v0x113822410_0;
    %parti/s 8, 0, 2;
    %pad/u 10;
    %ix/vec4 3;
    %ix/load 4, 4, 0; part off
    %ix/load 5, 0, 0; Constant delay
    %assign/vec4/a/d v0x113822890, 4, 5;
T_85.11 ;
    %load/vec4 v0x113822770_0;
    %parti/s 1, 5, 4;
    %nor/r;
    %flag_set/vec4 8;
    %jmp/0xz  T_85.13, 8;
    %load/vec4 v0x113822650_0;
    %parti/s 1, 5, 4;
    %load/vec4 v0x113822410_0;
    %parti/s 8, 0, 2;
    %pad/u 10;
    %ix/vec4 3;
    %ix/load 4, 5, 0; part off
    %ix/load 5, 0, 0; Constant delay
    %assign/vec4/a/d v0x113822890, 4, 5;
T_85.13 ;
    %load/vec4 v0x113822770_0;
    %parti/s 1, 6, 4;
    %nor/r;
    %flag_set/vec4 8;
    %jmp/0xz  T_85.15, 8;
    %load/vec4 v0x113822650_0;
    %parti/s 1, 6, 4;
    %load/vec4 v0x113822410_0;
    %parti/s 8, 0, 2;
    %pad/u 10;
    %ix/vec4 3;
    %ix/load 4, 6, 0; part off
    %ix/load 5, 0, 0; Constant delay
    %assign/vec4/a/d v0x113822890, 4, 5;
T_85.15 ;
    %load/vec4 v0x113822770_0;
    %parti/s 1, 7, 4;
    %nor/r;
    %flag_set/vec4 8;
    %jmp/0xz  T_85.17, 8;
    %load/vec4 v0x113822650_0;
    %parti/s 1, 7, 4;
    %load/vec4 v0x113822410_0;
    %parti/s 8, 0, 2;
    %pad/u 10;
    %ix/vec4 3;
    %ix/load 4, 7, 0; part off
    %ix/load 5, 0, 0; Constant delay
    %assign/vec4/a/d v0x113822890, 4, 5;
T_85.17 ;
    %load/vec4 v0x113822770_0;
    %parti/s 1, 8, 5;
    %nor/r;
    %flag_set/vec4 8;
    %jmp/0xz  T_85.19, 8;
    %load/vec4 v0x113822650_0;
    %parti/s 1, 8, 5;
    %load/vec4 v0x113822410_0;
    %parti/s 8, 0, 2;
    %pad/u 10;
    %ix/vec4 3;
    %ix/load 4, 8, 0; part off
    %ix/load 5, 0, 0; Constant delay
    %assign/vec4/a/d v0x113822890, 4, 5;
T_85.19 ;
    %load/vec4 v0x113822770_0;
    %parti/s 1, 9, 5;
    %nor/r;
    %flag_set/vec4 8;
    %jmp/0xz  T_85.21, 8;
    %load/vec4 v0x113822650_0;
    %parti/s 1, 9, 5;
    %load/vec4 v0x113822410_0;
    %parti/s 8, 0, 2;
    %pad/u 10;
    %ix/vec4 3;
    %ix/load 4, 9, 0; part off
    %ix/load 5, 0, 0; Constant delay
    %assign/vec4/a/d v0x113822890, 4, 5;
T_85.21 ;
    %load/vec4 v0x113822770_0;
    %parti/s 1, 10, 5;
    %nor/r;
    %flag_set/vec4 8;
    %jmp/0xz  T_85.23, 8;
    %load/vec4 v0x113822650_0;
    %parti/s 1, 10, 5;
    %load/vec4 v0x113822410_0;
    %parti/s 8, 0, 2;
    %pad/u 10;
    %ix/vec4 3;
    %ix/load 4, 10, 0; part off
    %ix/load 5, 0, 0; Constant delay
    %assign/vec4/a/d v0x113822890, 4, 5;
T_85.23 ;
    %load/vec4 v0x113822770_0;
    %parti/s 1, 11, 5;
    %nor/r;
    %flag_set/vec4 8;
    %jmp/0xz  T_85.25, 8;
    %load/vec4 v0x113822650_0;
    %parti/s 1, 11, 5;
    %load/vec4 v0x113822410_0;
    %parti/s 8, 0, 2;
    %pad/u 10;
    %ix/vec4 3;
    %ix/load 4, 11, 0; part off
    %ix/load 5, 0, 0; Constant delay
    %assign/vec4/a/d v0x113822890, 4, 5;
T_85.25 ;
    %load/vec4 v0x113822770_0;
    %parti/s 1, 12, 5;
    %nor/r;
    %flag_set/vec4 8;
    %jmp/0xz  T_85.27, 8;
    %load/vec4 v0x113822650_0;
    %parti/s 1, 12, 5;
    %load/vec4 v0x113822410_0;
    %parti/s 8, 0, 2;
    %pad/u 10;
    %ix/vec4 3;
    %ix/load 4, 12, 0; part off
    %ix/load 5, 0, 0; Constant delay
    %assign/vec4/a/d v0x113822890, 4, 5;
T_85.27 ;
    %load/vec4 v0x113822770_0;
    %parti/s 1, 13, 5;
    %nor/r;
    %flag_set/vec4 8;
    %jmp/0xz  T_85.29, 8;
    %load/vec4 v0x113822650_0;
    %parti/s 1, 13, 5;
    %load/vec4 v0x113822410_0;
    %parti/s 8, 0, 2;
    %pad/u 10;
    %ix/vec4 3;
    %ix/load 4, 13, 0; part off
    %ix/load 5, 0, 0; Constant delay
    %assign/vec4/a/d v0x113822890, 4, 5;
T_85.29 ;
    %load/vec4 v0x113822770_0;
    %parti/s 1, 14, 5;
    %nor/r;
    %flag_set/vec4 8;
    %jmp/0xz  T_85.31, 8;
    %load/vec4 v0x113822650_0;
    %parti/s 1, 14, 5;
    %load/vec4 v0x113822410_0;
    %parti/s 8, 0, 2;
    %pad/u 10;
    %ix/vec4 3;
    %ix/load 4, 14, 0; part off
    %ix/load 5, 0, 0; Constant delay
    %assign/vec4/a/d v0x113822890, 4, 5;
T_85.31 ;
    %load/vec4 v0x113822770_0;
    %parti/s 1, 15, 5;
    %nor/r;
    %flag_set/vec4 8;
    %jmp/0xz  T_85.33, 8;
    %load/vec4 v0x113822650_0;
    %parti/s 1, 15, 5;
    %load/vec4 v0x113822410_0;
    %parti/s 8, 0, 2;
    %pad/u 10;
    %ix/vec4 3;
    %ix/load 4, 15, 0; part off
    %ix/load 5, 0, 0; Constant delay
    %assign/vec4/a/d v0x113822890, 4, 5;
T_85.33 ;
T_85.0 ;
    %jmp T_85;
    .thread T_85;
    .scope S_0x113820700;
T_86 ;
    %wait E_0x123929c80;
    %load/vec4 v0x1138222f0_0;
    %flag_set/vec4 9;
    %flag_get/vec4 9;
    %jmp/0 T_86.2, 9;
    %load/vec4 v0x113822140_0;
    %and;
T_86.2;
    %flag_set/vec4 8;
    %jmp/0xz  T_86.0, 8;
    %load/vec4 v0x113822020_0;
    %parti/s 8, 0, 2;
    %pad/u 10;
    %ix/vec4 4;
    %load/vec4a v0x113822890, 4;
    %load/vec4 v0x113822380_0;
    %inv;
    %and;
    %assign/vec4 v0x113822260_0, 0;
T_86.0 ;
    %jmp T_86;
    .thread T_86;
    .scope S_0x113823050;
T_87 ;
    %pushi/vec4 0, 0, 32;
    %store/vec4 v0x113825150_0, 0, 32;
T_87.0 ; Top of for-loop
    %load/vec4 v0x113825150_0;
    %cmpi/s 16, 0, 32;
	  %jmp/0xz T_87.1, 5;
    %pushi/vec4 0, 0, 256;
    %load/vec4 v0x113825150_0;
    %muli 16, 0, 32;
    %part/s 16;
    %pushi/vec4 0, 0, 32;
    %load/vec4 v0x113825150_0;
    %add;
    %ix/vec4/s 4;
    %store/vec4a v0x1138251e0, 4, 0;
    %pushi/vec4 0, 0, 256;
    %load/vec4 v0x113825150_0;
    %muli 16, 0, 32;
    %part/s 16;
    %pushi/vec4 16, 0, 32;
    %load/vec4 v0x113825150_0;
    %add;
    %ix/vec4/s 4;
    %store/vec4a v0x1138251e0, 4, 0;
    %pushi/vec4 0, 0, 256;
    %load/vec4 v0x113825150_0;
    %muli 16, 0, 32;
    %part/s 16;
    %pushi/vec4 32, 0, 32;
    %load/vec4 v0x113825150_0;
    %add;
    %ix/vec4/s 4;
    %store/vec4a v0x1138251e0, 4, 0;
    %pushi/vec4 0, 0, 256;
    %load/vec4 v0x113825150_0;
    %muli 16, 0, 32;
    %part/s 16;
    %pushi/vec4 48, 0, 32;
    %load/vec4 v0x113825150_0;
    %add;
    %ix/vec4/s 4;
    %store/vec4a v0x1138251e0, 4, 0;
    %pushi/vec4 0, 0, 256;
    %load/vec4 v0x113825150_0;
    %muli 16, 0, 32;
    %part/s 16;
    %pushi/vec4 64, 0, 32;
    %load/vec4 v0x113825150_0;
    %add;
    %ix/vec4/s 4;
    %store/vec4a v0x1138251e0, 4, 0;
    %pushi/vec4 0, 0, 256;
    %load/vec4 v0x113825150_0;
    %muli 16, 0, 32;
    %part/s 16;
    %pushi/vec4 80, 0, 32;
    %load/vec4 v0x113825150_0;
    %add;
    %ix/vec4/s 4;
    %store/vec4a v0x1138251e0, 4, 0;
    %pushi/vec4 0, 0, 256;
    %load/vec4 v0x113825150_0;
    %muli 16, 0, 32;
    %part/s 16;
    %pushi/vec4 96, 0, 32;
    %load/vec4 v0x113825150_0;
    %add;
    %ix/vec4/s 4;
    %store/vec4a v0x1138251e0, 4, 0;
    %pushi/vec4 0, 0, 256;
    %load/vec4 v0x113825150_0;
    %muli 16, 0, 32;
    %part/s 16;
    %pushi/vec4 112, 0, 32;
    %load/vec4 v0x113825150_0;
    %add;
    %ix/vec4/s 4;
    %store/vec4a v0x1138251e0, 4, 0;
    %pushi/vec4 0, 0, 256;
    %load/vec4 v0x113825150_0;
    %muli 16, 0, 32;
    %part/s 16;
    %pushi/vec4 128, 0, 32;
    %load/vec4 v0x113825150_0;
    %add;
    %ix/vec4/s 4;
    %store/vec4a v0x1138251e0, 4, 0;
    %pushi/vec4 0, 0, 256;
    %load/vec4 v0x113825150_0;
    %muli 16, 0, 32;
    %part/s 16;
    %pushi/vec4 144, 0, 32;
    %load/vec4 v0x113825150_0;
    %add;
    %ix/vec4/s 4;
    %store/vec4a v0x1138251e0, 4, 0;
    %pushi/vec4 0, 0, 256;
    %load/vec4 v0x113825150_0;
    %muli 16, 0, 32;
    %part/s 16;
    %pushi/vec4 160, 0, 32;
    %load/vec4 v0x113825150_0;
    %add;
    %ix/vec4/s 4;
    %store/vec4a v0x1138251e0, 4, 0;
    %pushi/vec4 0, 0, 256;
    %load/vec4 v0x113825150_0;
    %muli 16, 0, 32;
    %part/s 16;
    %pushi/vec4 176, 0, 32;
    %load/vec4 v0x113825150_0;
    %add;
    %ix/vec4/s 4;
    %store/vec4a v0x1138251e0, 4, 0;
    %pushi/vec4 0, 0, 256;
    %load/vec4 v0x113825150_0;
    %muli 16, 0, 32;
    %part/s 16;
    %pushi/vec4 192, 0, 32;
    %load/vec4 v0x113825150_0;
    %add;
    %ix/vec4/s 4;
    %store/vec4a v0x1138251e0, 4, 0;
    %pushi/vec4 0, 0, 256;
    %load/vec4 v0x113825150_0;
    %muli 16, 0, 32;
    %part/s 16;
    %pushi/vec4 208, 0, 32;
    %load/vec4 v0x113825150_0;
    %add;
    %ix/vec4/s 4;
    %store/vec4a v0x1138251e0, 4, 0;
    %pushi/vec4 0, 0, 256;
    %load/vec4 v0x113825150_0;
    %muli 16, 0, 32;
    %part/s 16;
    %pushi/vec4 224, 0, 32;
    %load/vec4 v0x113825150_0;
    %add;
    %ix/vec4/s 4;
    %store/vec4a v0x1138251e0, 4, 0;
    %pushi/vec4 0, 0, 256;
    %load/vec4 v0x113825150_0;
    %muli 16, 0, 32;
    %part/s 16;
    %pushi/vec4 240, 0, 32;
    %load/vec4 v0x113825150_0;
    %add;
    %ix/vec4/s 4;
    %store/vec4a v0x1138251e0, 4, 0;
T_87.2 ; for-loop step statement
    %load/vec4 v0x113825150_0;
    %addi 1, 0, 32;
    %store/vec4 v0x113825150_0, 0, 32;
    %jmp T_87.0;
T_87.1 ; for-loop exit label
    %end;
    .thread T_87;
    .scope S_0x113823050;
T_88 ;
    %wait E_0x123965fb0;
    %load/vec4 v0x113825030_0;
    %flag_set/vec4 9;
    %flag_get/vec4 9;
    %jmp/0 T_88.2, 9;
    %load/vec4 v0x113824e80_0;
    %and;
T_88.2;
    %flag_set/vec4 8;
    %jmp/0xz  T_88.0, 8;
    %load/vec4 v0x1138250c0_0;
    %parti/s 1, 0, 2;
    %nor/r;
    %flag_set/vec4 8;
    %jmp/0xz  T_88.3, 8;
    %load/vec4 v0x113824fa0_0;
    %parti/s 1, 0, 2;
    %load/vec4 v0x113824d60_0;
    %parti/s 8, 0, 2;
    %pad/u 10;
    %ix/vec4 3;
    %ix/load 4, 0, 0; Constant delay
    %assign/vec4/a/d v0x1138251e0, 0, 4;
T_88.3 ;
    %load/vec4 v0x1138250c0_0;
    %parti/s 1, 1, 2;
    %nor/r;
    %flag_set/vec4 8;
    %jmp/0xz  T_88.5, 8;
    %load/vec4 v0x113824fa0_0;
    %parti/s 1, 1, 2;
    %load/vec4 v0x113824d60_0;
    %parti/s 8, 0, 2;
    %pad/u 10;
    %ix/vec4 3;
    %ix/load 4, 1, 0; part off
    %ix/load 5, 0, 0; Constant delay
    %assign/vec4/a/d v0x1138251e0, 4, 5;
T_88.5 ;
    %load/vec4 v0x1138250c0_0;
    %parti/s 1, 2, 3;
    %nor/r;
    %flag_set/vec4 8;
    %jmp/0xz  T_88.7, 8;
    %load/vec4 v0x113824fa0_0;
    %parti/s 1, 2, 3;
    %load/vec4 v0x113824d60_0;
    %parti/s 8, 0, 2;
    %pad/u 10;
    %ix/vec4 3;
    %ix/load 4, 2, 0; part off
    %ix/load 5, 0, 0; Constant delay
    %assign/vec4/a/d v0x1138251e0, 4, 5;
T_88.7 ;
    %load/vec4 v0x1138250c0_0;
    %parti/s 1, 3, 3;
    %nor/r;
    %flag_set/vec4 8;
    %jmp/0xz  T_88.9, 8;
    %load/vec4 v0x113824fa0_0;
    %parti/s 1, 3, 3;
    %load/vec4 v0x113824d60_0;
    %parti/s 8, 0, 2;
    %pad/u 10;
    %ix/vec4 3;
    %ix/load 4, 3, 0; part off
    %ix/load 5, 0, 0; Constant delay
    %assign/vec4/a/d v0x1138251e0, 4, 5;
T_88.9 ;
    %load/vec4 v0x1138250c0_0;
    %parti/s 1, 4, 4;
    %nor/r;
    %flag_set/vec4 8;
    %jmp/0xz  T_88.11, 8;
    %load/vec4 v0x113824fa0_0;
    %parti/s 1, 4, 4;
    %load/vec4 v0x113824d60_0;
    %parti/s 8, 0, 2;
    %pad/u 10;
    %ix/vec4 3;
    %ix/load 4, 4, 0; part off
    %ix/load 5, 0, 0; Constant delay
    %assign/vec4/a/d v0x1138251e0, 4, 5;
T_88.11 ;
    %load/vec4 v0x1138250c0_0;
    %parti/s 1, 5, 4;
    %nor/r;
    %flag_set/vec4 8;
    %jmp/0xz  T_88.13, 8;
    %load/vec4 v0x113824fa0_0;
    %parti/s 1, 5, 4;
    %load/vec4 v0x113824d60_0;
    %parti/s 8, 0, 2;
    %pad/u 10;
    %ix/vec4 3;
    %ix/load 4, 5, 0; part off
    %ix/load 5, 0, 0; Constant delay
    %assign/vec4/a/d v0x1138251e0, 4, 5;
T_88.13 ;
    %load/vec4 v0x1138250c0_0;
    %parti/s 1, 6, 4;
    %nor/r;
    %flag_set/vec4 8;
    %jmp/0xz  T_88.15, 8;
    %load/vec4 v0x113824fa0_0;
    %parti/s 1, 6, 4;
    %load/vec4 v0x113824d60_0;
    %parti/s 8, 0, 2;
    %pad/u 10;
    %ix/vec4 3;
    %ix/load 4, 6, 0; part off
    %ix/load 5, 0, 0; Constant delay
    %assign/vec4/a/d v0x1138251e0, 4, 5;
T_88.15 ;
    %load/vec4 v0x1138250c0_0;
    %parti/s 1, 7, 4;
    %nor/r;
    %flag_set/vec4 8;
    %jmp/0xz  T_88.17, 8;
    %load/vec4 v0x113824fa0_0;
    %parti/s 1, 7, 4;
    %load/vec4 v0x113824d60_0;
    %parti/s 8, 0, 2;
    %pad/u 10;
    %ix/vec4 3;
    %ix/load 4, 7, 0; part off
    %ix/load 5, 0, 0; Constant delay
    %assign/vec4/a/d v0x1138251e0, 4, 5;
T_88.17 ;
    %load/vec4 v0x1138250c0_0;
    %parti/s 1, 8, 5;
    %nor/r;
    %flag_set/vec4 8;
    %jmp/0xz  T_88.19, 8;
    %load/vec4 v0x113824fa0_0;
    %parti/s 1, 8, 5;
    %load/vec4 v0x113824d60_0;
    %parti/s 8, 0, 2;
    %pad/u 10;
    %ix/vec4 3;
    %ix/load 4, 8, 0; part off
    %ix/load 5, 0, 0; Constant delay
    %assign/vec4/a/d v0x1138251e0, 4, 5;
T_88.19 ;
    %load/vec4 v0x1138250c0_0;
    %parti/s 1, 9, 5;
    %nor/r;
    %flag_set/vec4 8;
    %jmp/0xz  T_88.21, 8;
    %load/vec4 v0x113824fa0_0;
    %parti/s 1, 9, 5;
    %load/vec4 v0x113824d60_0;
    %parti/s 8, 0, 2;
    %pad/u 10;
    %ix/vec4 3;
    %ix/load 4, 9, 0; part off
    %ix/load 5, 0, 0; Constant delay
    %assign/vec4/a/d v0x1138251e0, 4, 5;
T_88.21 ;
    %load/vec4 v0x1138250c0_0;
    %parti/s 1, 10, 5;
    %nor/r;
    %flag_set/vec4 8;
    %jmp/0xz  T_88.23, 8;
    %load/vec4 v0x113824fa0_0;
    %parti/s 1, 10, 5;
    %load/vec4 v0x113824d60_0;
    %parti/s 8, 0, 2;
    %pad/u 10;
    %ix/vec4 3;
    %ix/load 4, 10, 0; part off
    %ix/load 5, 0, 0; Constant delay
    %assign/vec4/a/d v0x1138251e0, 4, 5;
T_88.23 ;
    %load/vec4 v0x1138250c0_0;
    %parti/s 1, 11, 5;
    %nor/r;
    %flag_set/vec4 8;
    %jmp/0xz  T_88.25, 8;
    %load/vec4 v0x113824fa0_0;
    %parti/s 1, 11, 5;
    %load/vec4 v0x113824d60_0;
    %parti/s 8, 0, 2;
    %pad/u 10;
    %ix/vec4 3;
    %ix/load 4, 11, 0; part off
    %ix/load 5, 0, 0; Constant delay
    %assign/vec4/a/d v0x1138251e0, 4, 5;
T_88.25 ;
    %load/vec4 v0x1138250c0_0;
    %parti/s 1, 12, 5;
    %nor/r;
    %flag_set/vec4 8;
    %jmp/0xz  T_88.27, 8;
    %load/vec4 v0x113824fa0_0;
    %parti/s 1, 12, 5;
    %load/vec4 v0x113824d60_0;
    %parti/s 8, 0, 2;
    %pad/u 10;
    %ix/vec4 3;
    %ix/load 4, 12, 0; part off
    %ix/load 5, 0, 0; Constant delay
    %assign/vec4/a/d v0x1138251e0, 4, 5;
T_88.27 ;
    %load/vec4 v0x1138250c0_0;
    %parti/s 1, 13, 5;
    %nor/r;
    %flag_set/vec4 8;
    %jmp/0xz  T_88.29, 8;
    %load/vec4 v0x113824fa0_0;
    %parti/s 1, 13, 5;
    %load/vec4 v0x113824d60_0;
    %parti/s 8, 0, 2;
    %pad/u 10;
    %ix/vec4 3;
    %ix/load 4, 13, 0; part off
    %ix/load 5, 0, 0; Constant delay
    %assign/vec4/a/d v0x1138251e0, 4, 5;
T_88.29 ;
    %load/vec4 v0x1138250c0_0;
    %parti/s 1, 14, 5;
    %nor/r;
    %flag_set/vec4 8;
    %jmp/0xz  T_88.31, 8;
    %load/vec4 v0x113824fa0_0;
    %parti/s 1, 14, 5;
    %load/vec4 v0x113824d60_0;
    %parti/s 8, 0, 2;
    %pad/u 10;
    %ix/vec4 3;
    %ix/load 4, 14, 0; part off
    %ix/load 5, 0, 0; Constant delay
    %assign/vec4/a/d v0x1138251e0, 4, 5;
T_88.31 ;
    %load/vec4 v0x1138250c0_0;
    %parti/s 1, 15, 5;
    %nor/r;
    %flag_set/vec4 8;
    %jmp/0xz  T_88.33, 8;
    %load/vec4 v0x113824fa0_0;
    %parti/s 1, 15, 5;
    %load/vec4 v0x113824d60_0;
    %parti/s 8, 0, 2;
    %pad/u 10;
    %ix/vec4 3;
    %ix/load 4, 15, 0; part off
    %ix/load 5, 0, 0; Constant delay
    %assign/vec4/a/d v0x1138251e0, 4, 5;
T_88.33 ;
T_88.0 ;
    %jmp T_88;
    .thread T_88;
    .scope S_0x113823050;
T_89 ;
    %wait E_0x123967270;
    %load/vec4 v0x113824c40_0;
    %flag_set/vec4 9;
    %flag_get/vec4 9;
    %jmp/0 T_89.2, 9;
    %load/vec4 v0x113824a90_0;
    %and;
T_89.2;
    %flag_set/vec4 8;
    %jmp/0xz  T_89.0, 8;
    %load/vec4 v0x113824970_0;
    %parti/s 8, 0, 2;
    %pad/u 10;
    %ix/vec4 4;
    %load/vec4a v0x1138251e0, 4;
    %load/vec4 v0x113824cd0_0;
    %inv;
    %and;
    %assign/vec4 v0x113824bb0_0, 0;
T_89.0 ;
    %jmp T_89;
    .thread T_89;
    .scope S_0x1138259a0;
T_90 ;
    %pushi/vec4 0, 0, 32;
    %store/vec4 v0x113827aa0_0, 0, 32;
T_90.0 ; Top of for-loop
    %load/vec4 v0x113827aa0_0;
    %cmpi/s 16, 0, 32;
	  %jmp/0xz T_90.1, 5;
    %pushi/vec4 0, 0, 256;
    %load/vec4 v0x113827aa0_0;
    %muli 16, 0, 32;
    %part/s 16;
    %pushi/vec4 0, 0, 32;
    %load/vec4 v0x113827aa0_0;
    %add;
    %ix/vec4/s 4;
    %store/vec4a v0x113827b30, 4, 0;
    %pushi/vec4 0, 0, 256;
    %load/vec4 v0x113827aa0_0;
    %muli 16, 0, 32;
    %part/s 16;
    %pushi/vec4 16, 0, 32;
    %load/vec4 v0x113827aa0_0;
    %add;
    %ix/vec4/s 4;
    %store/vec4a v0x113827b30, 4, 0;
    %pushi/vec4 0, 0, 256;
    %load/vec4 v0x113827aa0_0;
    %muli 16, 0, 32;
    %part/s 16;
    %pushi/vec4 32, 0, 32;
    %load/vec4 v0x113827aa0_0;
    %add;
    %ix/vec4/s 4;
    %store/vec4a v0x113827b30, 4, 0;
    %pushi/vec4 0, 0, 256;
    %load/vec4 v0x113827aa0_0;
    %muli 16, 0, 32;
    %part/s 16;
    %pushi/vec4 48, 0, 32;
    %load/vec4 v0x113827aa0_0;
    %add;
    %ix/vec4/s 4;
    %store/vec4a v0x113827b30, 4, 0;
    %pushi/vec4 0, 0, 256;
    %load/vec4 v0x113827aa0_0;
    %muli 16, 0, 32;
    %part/s 16;
    %pushi/vec4 64, 0, 32;
    %load/vec4 v0x113827aa0_0;
    %add;
    %ix/vec4/s 4;
    %store/vec4a v0x113827b30, 4, 0;
    %pushi/vec4 0, 0, 256;
    %load/vec4 v0x113827aa0_0;
    %muli 16, 0, 32;
    %part/s 16;
    %pushi/vec4 80, 0, 32;
    %load/vec4 v0x113827aa0_0;
    %add;
    %ix/vec4/s 4;
    %store/vec4a v0x113827b30, 4, 0;
    %pushi/vec4 0, 0, 256;
    %load/vec4 v0x113827aa0_0;
    %muli 16, 0, 32;
    %part/s 16;
    %pushi/vec4 96, 0, 32;
    %load/vec4 v0x113827aa0_0;
    %add;
    %ix/vec4/s 4;
    %store/vec4a v0x113827b30, 4, 0;
    %pushi/vec4 0, 0, 256;
    %load/vec4 v0x113827aa0_0;
    %muli 16, 0, 32;
    %part/s 16;
    %pushi/vec4 112, 0, 32;
    %load/vec4 v0x113827aa0_0;
    %add;
    %ix/vec4/s 4;
    %store/vec4a v0x113827b30, 4, 0;
    %pushi/vec4 0, 0, 256;
    %load/vec4 v0x113827aa0_0;
    %muli 16, 0, 32;
    %part/s 16;
    %pushi/vec4 128, 0, 32;
    %load/vec4 v0x113827aa0_0;
    %add;
    %ix/vec4/s 4;
    %store/vec4a v0x113827b30, 4, 0;
    %pushi/vec4 0, 0, 256;
    %load/vec4 v0x113827aa0_0;
    %muli 16, 0, 32;
    %part/s 16;
    %pushi/vec4 144, 0, 32;
    %load/vec4 v0x113827aa0_0;
    %add;
    %ix/vec4/s 4;
    %store/vec4a v0x113827b30, 4, 0;
    %pushi/vec4 0, 0, 256;
    %load/vec4 v0x113827aa0_0;
    %muli 16, 0, 32;
    %part/s 16;
    %pushi/vec4 160, 0, 32;
    %load/vec4 v0x113827aa0_0;
    %add;
    %ix/vec4/s 4;
    %store/vec4a v0x113827b30, 4, 0;
    %pushi/vec4 0, 0, 256;
    %load/vec4 v0x113827aa0_0;
    %muli 16, 0, 32;
    %part/s 16;
    %pushi/vec4 176, 0, 32;
    %load/vec4 v0x113827aa0_0;
    %add;
    %ix/vec4/s 4;
    %store/vec4a v0x113827b30, 4, 0;
    %pushi/vec4 0, 0, 256;
    %load/vec4 v0x113827aa0_0;
    %muli 16, 0, 32;
    %part/s 16;
    %pushi/vec4 192, 0, 32;
    %load/vec4 v0x113827aa0_0;
    %add;
    %ix/vec4/s 4;
    %store/vec4a v0x113827b30, 4, 0;
    %pushi/vec4 0, 0, 256;
    %load/vec4 v0x113827aa0_0;
    %muli 16, 0, 32;
    %part/s 16;
    %pushi/vec4 208, 0, 32;
    %load/vec4 v0x113827aa0_0;
    %add;
    %ix/vec4/s 4;
    %store/vec4a v0x113827b30, 4, 0;
    %pushi/vec4 0, 0, 256;
    %load/vec4 v0x113827aa0_0;
    %muli 16, 0, 32;
    %part/s 16;
    %pushi/vec4 224, 0, 32;
    %load/vec4 v0x113827aa0_0;
    %add;
    %ix/vec4/s 4;
    %store/vec4a v0x113827b30, 4, 0;
    %pushi/vec4 0, 0, 256;
    %load/vec4 v0x113827aa0_0;
    %muli 16, 0, 32;
    %part/s 16;
    %pushi/vec4 240, 0, 32;
    %load/vec4 v0x113827aa0_0;
    %add;
    %ix/vec4/s 4;
    %store/vec4a v0x113827b30, 4, 0;
T_90.2 ; for-loop step statement
    %load/vec4 v0x113827aa0_0;
    %addi 1, 0, 32;
    %store/vec4 v0x113827aa0_0, 0, 32;
    %jmp T_90.0;
T_90.1 ; for-loop exit label
    %end;
    .thread T_90;
    .scope S_0x1138259a0;
T_91 ;
    %wait E_0x123968bf0;
    %load/vec4 v0x113827980_0;
    %flag_set/vec4 9;
    %flag_get/vec4 9;
    %jmp/0 T_91.2, 9;
    %load/vec4 v0x1138277d0_0;
    %and;
T_91.2;
    %flag_set/vec4 8;
    %jmp/0xz  T_91.0, 8;
    %load/vec4 v0x113827a10_0;
    %parti/s 1, 0, 2;
    %nor/r;
    %flag_set/vec4 8;
    %jmp/0xz  T_91.3, 8;
    %load/vec4 v0x1138278f0_0;
    %parti/s 1, 0, 2;
    %load/vec4 v0x1138276b0_0;
    %parti/s 8, 0, 2;
    %pad/u 10;
    %ix/vec4 3;
    %ix/load 4, 0, 0; Constant delay
    %assign/vec4/a/d v0x113827b30, 0, 4;
T_91.3 ;
    %load/vec4 v0x113827a10_0;
    %parti/s 1, 1, 2;
    %nor/r;
    %flag_set/vec4 8;
    %jmp/0xz  T_91.5, 8;
    %load/vec4 v0x1138278f0_0;
    %parti/s 1, 1, 2;
    %load/vec4 v0x1138276b0_0;
    %parti/s 8, 0, 2;
    %pad/u 10;
    %ix/vec4 3;
    %ix/load 4, 1, 0; part off
    %ix/load 5, 0, 0; Constant delay
    %assign/vec4/a/d v0x113827b30, 4, 5;
T_91.5 ;
    %load/vec4 v0x113827a10_0;
    %parti/s 1, 2, 3;
    %nor/r;
    %flag_set/vec4 8;
    %jmp/0xz  T_91.7, 8;
    %load/vec4 v0x1138278f0_0;
    %parti/s 1, 2, 3;
    %load/vec4 v0x1138276b0_0;
    %parti/s 8, 0, 2;
    %pad/u 10;
    %ix/vec4 3;
    %ix/load 4, 2, 0; part off
    %ix/load 5, 0, 0; Constant delay
    %assign/vec4/a/d v0x113827b30, 4, 5;
T_91.7 ;
    %load/vec4 v0x113827a10_0;
    %parti/s 1, 3, 3;
    %nor/r;
    %flag_set/vec4 8;
    %jmp/0xz  T_91.9, 8;
    %load/vec4 v0x1138278f0_0;
    %parti/s 1, 3, 3;
    %load/vec4 v0x1138276b0_0;
    %parti/s 8, 0, 2;
    %pad/u 10;
    %ix/vec4 3;
    %ix/load 4, 3, 0; part off
    %ix/load 5, 0, 0; Constant delay
    %assign/vec4/a/d v0x113827b30, 4, 5;
T_91.9 ;
    %load/vec4 v0x113827a10_0;
    %parti/s 1, 4, 4;
    %nor/r;
    %flag_set/vec4 8;
    %jmp/0xz  T_91.11, 8;
    %load/vec4 v0x1138278f0_0;
    %parti/s 1, 4, 4;
    %load/vec4 v0x1138276b0_0;
    %parti/s 8, 0, 2;
    %pad/u 10;
    %ix/vec4 3;
    %ix/load 4, 4, 0; part off
    %ix/load 5, 0, 0; Constant delay
    %assign/vec4/a/d v0x113827b30, 4, 5;
T_91.11 ;
    %load/vec4 v0x113827a10_0;
    %parti/s 1, 5, 4;
    %nor/r;
    %flag_set/vec4 8;
    %jmp/0xz  T_91.13, 8;
    %load/vec4 v0x1138278f0_0;
    %parti/s 1, 5, 4;
    %load/vec4 v0x1138276b0_0;
    %parti/s 8, 0, 2;
    %pad/u 10;
    %ix/vec4 3;
    %ix/load 4, 5, 0; part off
    %ix/load 5, 0, 0; Constant delay
    %assign/vec4/a/d v0x113827b30, 4, 5;
T_91.13 ;
    %load/vec4 v0x113827a10_0;
    %parti/s 1, 6, 4;
    %nor/r;
    %flag_set/vec4 8;
    %jmp/0xz  T_91.15, 8;
    %load/vec4 v0x1138278f0_0;
    %parti/s 1, 6, 4;
    %load/vec4 v0x1138276b0_0;
    %parti/s 8, 0, 2;
    %pad/u 10;
    %ix/vec4 3;
    %ix/load 4, 6, 0; part off
    %ix/load 5, 0, 0; Constant delay
    %assign/vec4/a/d v0x113827b30, 4, 5;
T_91.15 ;
    %load/vec4 v0x113827a10_0;
    %parti/s 1, 7, 4;
    %nor/r;
    %flag_set/vec4 8;
    %jmp/0xz  T_91.17, 8;
    %load/vec4 v0x1138278f0_0;
    %parti/s 1, 7, 4;
    %load/vec4 v0x1138276b0_0;
    %parti/s 8, 0, 2;
    %pad/u 10;
    %ix/vec4 3;
    %ix/load 4, 7, 0; part off
    %ix/load 5, 0, 0; Constant delay
    %assign/vec4/a/d v0x113827b30, 4, 5;
T_91.17 ;
    %load/vec4 v0x113827a10_0;
    %parti/s 1, 8, 5;
    %nor/r;
    %flag_set/vec4 8;
    %jmp/0xz  T_91.19, 8;
    %load/vec4 v0x1138278f0_0;
    %parti/s 1, 8, 5;
    %load/vec4 v0x1138276b0_0;
    %parti/s 8, 0, 2;
    %pad/u 10;
    %ix/vec4 3;
    %ix/load 4, 8, 0; part off
    %ix/load 5, 0, 0; Constant delay
    %assign/vec4/a/d v0x113827b30, 4, 5;
T_91.19 ;
    %load/vec4 v0x113827a10_0;
    %parti/s 1, 9, 5;
    %nor/r;
    %flag_set/vec4 8;
    %jmp/0xz  T_91.21, 8;
    %load/vec4 v0x1138278f0_0;
    %parti/s 1, 9, 5;
    %load/vec4 v0x1138276b0_0;
    %parti/s 8, 0, 2;
    %pad/u 10;
    %ix/vec4 3;
    %ix/load 4, 9, 0; part off
    %ix/load 5, 0, 0; Constant delay
    %assign/vec4/a/d v0x113827b30, 4, 5;
T_91.21 ;
    %load/vec4 v0x113827a10_0;
    %parti/s 1, 10, 5;
    %nor/r;
    %flag_set/vec4 8;
    %jmp/0xz  T_91.23, 8;
    %load/vec4 v0x1138278f0_0;
    %parti/s 1, 10, 5;
    %load/vec4 v0x1138276b0_0;
    %parti/s 8, 0, 2;
    %pad/u 10;
    %ix/vec4 3;
    %ix/load 4, 10, 0; part off
    %ix/load 5, 0, 0; Constant delay
    %assign/vec4/a/d v0x113827b30, 4, 5;
T_91.23 ;
    %load/vec4 v0x113827a10_0;
    %parti/s 1, 11, 5;
    %nor/r;
    %flag_set/vec4 8;
    %jmp/0xz  T_91.25, 8;
    %load/vec4 v0x1138278f0_0;
    %parti/s 1, 11, 5;
    %load/vec4 v0x1138276b0_0;
    %parti/s 8, 0, 2;
    %pad/u 10;
    %ix/vec4 3;
    %ix/load 4, 11, 0; part off
    %ix/load 5, 0, 0; Constant delay
    %assign/vec4/a/d v0x113827b30, 4, 5;
T_91.25 ;
    %load/vec4 v0x113827a10_0;
    %parti/s 1, 12, 5;
    %nor/r;
    %flag_set/vec4 8;
    %jmp/0xz  T_91.27, 8;
    %load/vec4 v0x1138278f0_0;
    %parti/s 1, 12, 5;
    %load/vec4 v0x1138276b0_0;
    %parti/s 8, 0, 2;
    %pad/u 10;
    %ix/vec4 3;
    %ix/load 4, 12, 0; part off
    %ix/load 5, 0, 0; Constant delay
    %assign/vec4/a/d v0x113827b30, 4, 5;
T_91.27 ;
    %load/vec4 v0x113827a10_0;
    %parti/s 1, 13, 5;
    %nor/r;
    %flag_set/vec4 8;
    %jmp/0xz  T_91.29, 8;
    %load/vec4 v0x1138278f0_0;
    %parti/s 1, 13, 5;
    %load/vec4 v0x1138276b0_0;
    %parti/s 8, 0, 2;
    %pad/u 10;
    %ix/vec4 3;
    %ix/load 4, 13, 0; part off
    %ix/load 5, 0, 0; Constant delay
    %assign/vec4/a/d v0x113827b30, 4, 5;
T_91.29 ;
    %load/vec4 v0x113827a10_0;
    %parti/s 1, 14, 5;
    %nor/r;
    %flag_set/vec4 8;
    %jmp/0xz  T_91.31, 8;
    %load/vec4 v0x1138278f0_0;
    %parti/s 1, 14, 5;
    %load/vec4 v0x1138276b0_0;
    %parti/s 8, 0, 2;
    %pad/u 10;
    %ix/vec4 3;
    %ix/load 4, 14, 0; part off
    %ix/load 5, 0, 0; Constant delay
    %assign/vec4/a/d v0x113827b30, 4, 5;
T_91.31 ;
    %load/vec4 v0x113827a10_0;
    %parti/s 1, 15, 5;
    %nor/r;
    %flag_set/vec4 8;
    %jmp/0xz  T_91.33, 8;
    %load/vec4 v0x1138278f0_0;
    %parti/s 1, 15, 5;
    %load/vec4 v0x1138276b0_0;
    %parti/s 8, 0, 2;
    %pad/u 10;
    %ix/vec4 3;
    %ix/load 4, 15, 0; part off
    %ix/load 5, 0, 0; Constant delay
    %assign/vec4/a/d v0x113827b30, 4, 5;
T_91.33 ;
T_91.0 ;
    %jmp T_91;
    .thread T_91;
    .scope S_0x1138259a0;
T_92 ;
    %wait E_0x123968dc0;
    %load/vec4 v0x113827590_0;
    %flag_set/vec4 9;
    %flag_get/vec4 9;
    %jmp/0 T_92.2, 9;
    %load/vec4 v0x1138273e0_0;
    %and;
T_92.2;
    %flag_set/vec4 8;
    %jmp/0xz  T_92.0, 8;
    %load/vec4 v0x1138272c0_0;
    %parti/s 8, 0, 2;
    %pad/u 10;
    %ix/vec4 4;
    %load/vec4a v0x113827b30, 4;
    %load/vec4 v0x113827620_0;
    %inv;
    %and;
    %assign/vec4 v0x113827500_0, 0;
T_92.0 ;
    %jmp T_92;
    .thread T_92;
    .scope S_0x122f202e0;
T_93 ;
    %wait E_0x1239a7010;
    %pushi/vec4 0, 0, 32;
    %store/vec4 v0x11382b110_0, 0, 32;
T_93.0 ; Top of for-loop
    %load/vec4 v0x11382b110_0;
    %cmpi/s 16383, 0, 32;
    %flag_or 5, 4;
	  %jmp/0xz T_93.1, 5;
    %pushi/vec4 65535, 65535, 16;
    %ix/getv/s 4, v0x11382b110_0;
    %store/vec4a v0x11382b1a0, 4, 0;
T_93.2 ; for-loop step statement
    %load/vec4 v0x11382b110_0;
    %addi 1, 0, 32;
    %store/vec4 v0x11382b110_0, 0, 32;
    %jmp T_93.0;
T_93.1 ; for-loop exit label
    %jmp T_93;
    .thread T_93;
    .scope S_0x122f202e0;
T_94 ;
    %wait E_0x1239a7150;
    %load/vec4 v0x11382b230_0;
    %flag_set/vec4 8;
    %jmp/0xz  T_94.0, 8;
    %pushi/vec4 0, 0, 16;
    %assign/vec4 v0x11382ad20_0, 0;
    %jmp T_94.1;
T_94.0 ;
    %load/vec4 v0x11382af60_0;
    %flag_set/vec4 8;
    %jmp/0xz  T_94.2, 8;
    %pushi/vec4 65535, 65535, 16;
    %assign/vec4 v0x11382ad20_0, 0;
    %jmp T_94.3;
T_94.2 ;
    %load/vec4 v0x11382ab70_0;
    %flag_set/vec4 8;
    %jmp/0xz  T_94.4, 8;
    %load/vec4 v0x11382aff0_0;
    %nor/r;
    %flag_set/vec4 8;
    %jmp/0xz  T_94.6, 8;
    %load/vec4 v0x11382aae0_0;
    %pad/u 16;
    %ix/vec4 4;
    %load/vec4a v0x11382b1a0, 4;
    %assign/vec4 v0x11382ad20_0, 0;
    %jmp T_94.7;
T_94.6 ;
    %load/vec4 v0x11382adb0_0;
    %parti/s 1, 0, 2;
    %flag_set/vec4 8;
    %jmp/0xz  T_94.8, 8;
    %load/vec4 v0x11382ac90_0;
    %parti/s 4, 0, 2;
    %load/vec4 v0x11382aae0_0;
    %pad/u 16;
    %ix/vec4 3;
    %ix/load 4, 0, 0; Constant delay
    %assign/vec4/a/d v0x11382b1a0, 0, 4;
T_94.8 ;
    %load/vec4 v0x11382adb0_0;
    %parti/s 1, 1, 2;
    %flag_set/vec4 8;
    %jmp/0xz  T_94.10, 8;
    %load/vec4 v0x11382ac90_0;
    %parti/s 4, 4, 4;
    %load/vec4 v0x11382aae0_0;
    %pad/u 16;
    %ix/vec4 3;
    %ix/load 4, 4, 0; part off
    %ix/load 5, 0, 0; Constant delay
    %assign/vec4/a/d v0x11382b1a0, 4, 5;
T_94.10 ;
    %load/vec4 v0x11382adb0_0;
    %parti/s 1, 2, 3;
    %flag_set/vec4 8;
    %jmp/0xz  T_94.12, 8;
    %load/vec4 v0x11382ac90_0;
    %parti/s 4, 8, 5;
    %load/vec4 v0x11382aae0_0;
    %pad/u 16;
    %ix/vec4 3;
    %ix/load 4, 8, 0; part off
    %ix/load 5, 0, 0; Constant delay
    %assign/vec4/a/d v0x11382b1a0, 4, 5;
T_94.12 ;
    %load/vec4 v0x11382adb0_0;
    %parti/s 1, 3, 3;
    %flag_set/vec4 8;
    %jmp/0xz  T_94.14, 8;
    %load/vec4 v0x11382ac90_0;
    %parti/s 4, 12, 5;
    %load/vec4 v0x11382aae0_0;
    %pad/u 16;
    %ix/vec4 3;
    %ix/load 4, 12, 0; part off
    %ix/load 5, 0, 0; Constant delay
    %assign/vec4/a/d v0x11382b1a0, 4, 5;
T_94.14 ;
    %pushi/vec4 65535, 65535, 16;
    %assign/vec4 v0x11382ad20_0, 0;
T_94.7 ;
T_94.4 ;
T_94.3 ;
T_94.1 ;
    %jmp T_94;
    .thread T_94;
    .scope S_0x122f20800;
T_95 ;
    %vpi_call/w 4 18 "$dumpvars", 32'sb00000000000000000000000000000000, S_0x122f20800 {0 0 0};
    %pushi/vec4 1, 0, 4;
    %ix/load 4, 0, 0;
    %flag_set/imm 4, 0;
    %store/vec4 v0x11382f790_0, 4, 4;
    %pushi/vec4 1, 0, 4;
    %ix/load 4, 14, 0;
    %flag_set/imm 4, 0;
    %store/vec4 v0x11382f790_0, 4, 4;
    %pushi/vec4 0, 0, 2;
    %ix/load 4, 8, 0;
    %flag_set/imm 4, 0;
    %store/vec4 v0x11382f790_0, 4, 2;
    %delay 10000, 0;
    %pushi/vec4 15, 0, 4;
    %ix/load 4, 0, 0;
    %flag_set/imm 4, 0;
    %store/vec4 v0x11382f790_0, 4, 4;
    %pushi/vec4 0, 0, 4;
    %ix/load 4, 14, 0;
    %flag_set/imm 4, 0;
    %store/vec4 v0x11382f790_0, 4, 4;
    %pushi/vec4 0, 0, 2;
    %ix/load 4, 8, 0;
    %flag_set/imm 4, 0;
    %store/vec4 v0x11382f790_0, 4, 2;
    %delay 10000, 0;
    %pushi/vec4 1, 0, 4;
    %ix/load 4, 0, 0;
    %flag_set/imm 4, 0;
    %store/vec4 v0x11382f790_0, 4, 4;
    %pushi/vec4 1, 0, 4;
    %ix/load 4, 14, 0;
    %flag_set/imm 4, 0;
    %store/vec4 v0x11382f790_0, 4, 4;
    %pushi/vec4 1, 0, 2;
    %ix/load 4, 8, 0;
    %flag_set/imm 4, 0;
    %store/vec4 v0x11382f790_0, 4, 2;
    %delay 10000, 0;
    %pushi/vec4 0, 0, 4;
    %ix/load 4, 0, 0;
    %flag_set/imm 4, 0;
    %store/vec4 v0x11382f790_0, 4, 4;
    %pushi/vec4 15, 0, 4;
    %ix/load 4, 14, 0;
    %flag_set/imm 4, 0;
    %store/vec4 v0x11382f790_0, 4, 4;
    %pushi/vec4 1, 0, 2;
    %ix/load 4, 8, 0;
    %flag_set/imm 4, 0;
    %store/vec4 v0x11382f790_0, 4, 2;
    %delay 10000, 0;
    %pushi/vec4 1, 0, 4;
    %ix/load 4, 0, 0;
    %flag_set/imm 4, 0;
    %store/vec4 v0x11382f790_0, 4, 4;
    %pushi/vec4 1, 0, 4;
    %ix/load 4, 14, 0;
    %flag_set/imm 4, 0;
    %store/vec4 v0x11382f790_0, 4, 4;
    %pushi/vec4 2, 0, 2;
    %ix/load 4, 8, 0;
    %flag_set/imm 4, 0;
    %store/vec4 v0x11382f790_0, 4, 2;
    %delay 10000, 0;
    %pushi/vec4 5, 0, 4;
    %ix/load 4, 0, 0;
    %flag_set/imm 4, 0;
    %store/vec4 v0x11382f790_0, 4, 4;
    %pushi/vec4 5, 0, 4;
    %ix/load 4, 14, 0;
    %flag_set/imm 4, 0;
    %store/vec4 v0x11382f790_0, 4, 4;
    %pushi/vec4 2, 0, 2;
    %ix/load 4, 8, 0;
    %flag_set/imm 4, 0;
    %store/vec4 v0x11382f790_0, 4, 2;
    %delay 10000, 0;
    %pushi/vec4 0, 0, 4;
    %ix/load 4, 0, 0;
    %flag_set/imm 4, 0;
    %store/vec4 v0x11382f790_0, 4, 4;
    %pushi/vec4 15, 0, 4;
    %ix/load 4, 14, 0;
    %flag_set/imm 4, 0;
    %store/vec4 v0x11382f790_0, 4, 4;
    %pushi/vec4 2, 0, 2;
    %ix/load 4, 8, 0;
    %flag_set/imm 4, 0;
    %store/vec4 v0x11382f790_0, 4, 2;
    %delay 10000, 0;
    %pushi/vec4 0, 0, 4;
    %ix/load 4, 0, 0;
    %flag_set/imm 4, 0;
    %store/vec4 v0x11382f790_0, 4, 4;
    %pushi/vec4 0, 0, 4;
    %ix/load 4, 14, 0;
    %flag_set/imm 4, 0;
    %store/vec4 v0x11382f790_0, 4, 4;
    %pushi/vec4 2, 0, 2;
    %ix/load 4, 8, 0;
    %flag_set/imm 4, 0;
    %store/vec4 v0x11382f790_0, 4, 2;
    %delay 10000, 0;
    %pushi/vec4 15, 0, 4;
    %ix/load 4, 0, 0;
    %flag_set/imm 4, 0;
    %store/vec4 v0x11382f790_0, 4, 4;
    %pushi/vec4 15, 0, 4;
    %ix/load 4, 14, 0;
    %flag_set/imm 4, 0;
    %store/vec4 v0x11382f790_0, 4, 4;
    %pushi/vec4 2, 0, 2;
    %ix/load 4, 8, 0;
    %flag_set/imm 4, 0;
    %store/vec4 v0x11382f790_0, 4, 2;
    %delay 10000, 0;
    %pushi/vec4 1, 0, 4;
    %ix/load 4, 0, 0;
    %flag_set/imm 4, 0;
    %store/vec4 v0x11382f790_0, 4, 4;
    %pushi/vec4 1, 0, 4;
    %ix/load 4, 14, 0;
    %flag_set/imm 4, 0;
    %store/vec4 v0x11382f790_0, 4, 4;
    %pushi/vec4 3, 0, 2;
    %ix/load 4, 8, 0;
    %flag_set/imm 4, 0;
    %store/vec4 v0x11382f790_0, 4, 2;
    %delay 10000, 0;
    %pushi/vec4 5, 0, 4;
    %ix/load 4, 0, 0;
    %flag_set/imm 4, 0;
    %store/vec4 v0x11382f790_0, 4, 4;
    %pushi/vec4 10, 0, 4;
    %ix/load 4, 14, 0;
    %flag_set/imm 4, 0;
    %store/vec4 v0x11382f790_0, 4, 4;
    %pushi/vec4 3, 0, 2;
    %ix/load 4, 8, 0;
    %flag_set/imm 4, 0;
    %store/vec4 v0x11382f790_0, 4, 2;
    %delay 10000, 0;
    %pushi/vec4 0, 0, 4;
    %ix/load 4, 0, 0;
    %flag_set/imm 4, 0;
    %store/vec4 v0x11382f790_0, 4, 4;
    %pushi/vec4 0, 0, 4;
    %ix/load 4, 14, 0;
    %flag_set/imm 4, 0;
    %store/vec4 v0x11382f790_0, 4, 4;
    %pushi/vec4 3, 0, 2;
    %ix/load 4, 8, 0;
    %flag_set/imm 4, 0;
    %store/vec4 v0x11382f790_0, 4, 2;
    %delay 10000, 0;
    %pushi/vec4 15, 0, 4;
    %ix/load 4, 0, 0;
    %flag_set/imm 4, 0;
    %store/vec4 v0x11382f790_0, 4, 4;
    %pushi/vec4 15, 0, 4;
    %ix/load 4, 14, 0;
    %flag_set/imm 4, 0;
    %store/vec4 v0x11382f790_0, 4, 4;
    %pushi/vec4 3, 0, 2;
    %ix/load 4, 8, 0;
    %flag_set/imm 4, 0;
    %store/vec4 v0x11382f790_0, 4, 2;
    %delay 10000, 0;
    %end;
    .thread T_95;
# The file index is used to find the file name in the following table.
:file_names 9;
    "N/A";
    "<interactive>";
    "-";
    "/Users/katrinalin/.apio/packages/oss-cad-suite/share/yosys/ice40/cells_sim.v";
    "Lab3_tb.v";
    "lab3.v";
    "alu.v";
    "rca.v";
    "fulladder.v";
