#! /Users/katrinalin/.apio/packages/oss-cad-suite/bin/vvp
:ivl_version "14.0 (devel)" "(s20251012-140-g5c6cdec6a)";
:ivl_delay_selection "TYPICAL";
:vpi_time_precision - 12;
:vpi_module "/Users/katrinalin/.apio/packages/oss-cad-suite/lib/ivl/system.vpi";
:vpi_module "/Users/katrinalin/.apio/packages/oss-cad-suite/lib/ivl/vhdl_sys.vpi";
:vpi_module "/Users/katrinalin/.apio/packages/oss-cad-suite/lib/ivl/vhdl_textio.vpi";
:vpi_module "/Users/katrinalin/.apio/packages/oss-cad-suite/lib/ivl/v2005_math.vpi";
:vpi_module "/Users/katrinalin/.apio/packages/oss-cad-suite/lib/ivl/va_math.vpi";
:vpi_module "/Users/katrinalin/.apio/packages/oss-cad-suite/lib/ivl/v2009.vpi";
S_0x1319d0260 .scope package, "$unit" "$unit" 2 1;
 .timescale 0 0;
S_0x1319953b0 .scope module, "ICESTORM_LC" "ICESTORM_LC" 3 2136;
 .timescale -12 -12;
    .port_info 0 /INPUT 1 "I0";
    .port_info 1 /INPUT 1 "I1";
    .port_info 2 /INPUT 1 "I2";
    .port_info 3 /INPUT 1 "I3";
    .port_info 4 /INPUT 1 "CIN";
    .port_info 5 /INPUT 1 "CLK";
    .port_info 6 /INPUT 1 "CEN";
    .port_info 7 /INPUT 1 "SR";
    .port_info 8 /OUTPUT 1 "LO";
    .port_info 9 /OUTPUT 1 "O";
    .port_info 10 /OUTPUT 1 "COUT";
P_0x1319d1460 .param/l "ASYNC_SR" 0 3 2148, C4<0>;
P_0x1319d14a0 .param/l "CARRY_ENABLE" 0 3 2145, C4<0>;
P_0x1319d14e0 .param/l "CIN_CONST" 0 3 2150, C4<0>;
P_0x1319d1520 .param/l "CIN_SET" 0 3 2151, C4<0>;
P_0x1319d1560 .param/l "DFF_ENABLE" 0 3 2146, C4<0>;
P_0x1319d15a0 .param/l "LUT_INIT" 0 3 2142, C4<0000000000000000>;
P_0x1319d15e0 .param/l "NEG_CLK" 0 3 2144, C4<0>;
P_0x1319d1620 .param/l "SET_NORESET" 0 3 2147, C4<0>;
o0x138050070 .functor BUFZ 1, c4<z>; HiZ drive
L_0x1319f4510 .functor BUFZ 1, o0x138050070, C4<0>, C4<0>, C4<0>;
L_0x1319f5070 .functor BUFZ 1, L_0x1319f4d20, C4<0>, C4<0>, C4<0>;
o0x1380500a0 .functor BUFZ 1, c4<z>; HiZ drive
L_0x138088298 .functor BUFT 1, C4<0>, C4<0>, C4<0>, C4<0>;
L_0x1319f5120 .functor XOR 1, o0x1380500a0, L_0x138088298, C4<0>, C4<0>;
L_0x1319f51d0 .functor BUFZ 1, L_0x1319f4d20, C4<0>, C4<0>, C4<0>;
o0x138050010 .functor BUFZ 1, c4<z>; HiZ drive
v0x1319555b0_0 .net "CEN", 0 0, o0x138050010;  0 drivers
v0x13195a810_0 .net "CEN_pu", 0 0, L_0x1319f43b0;  1 drivers
v0x13195aed0_0 .net "CIN", 0 0, o0x138050070;  0 drivers
v0x13195b240_0 .net "CLK", 0 0, o0x1380500a0;  0 drivers
L_0x1380881c0 .functor BUFT 1, C4<x>, C4<0>, C4<0>, C4<0>;
v0x1319770c0_0 .net "COUT", 0 0, L_0x1380881c0;  1 drivers
o0x138050100 .functor BUFZ 1, c4<z>; HiZ drive
v0x1319806c0_0 .net "I0", 0 0, o0x138050100;  0 drivers
v0x131982bc0_0 .net "I0_pd", 0 0, L_0x1319f3830;  1 drivers
o0x138050160 .functor BUFZ 1, c4<z>; HiZ drive
v0x13198e5f0_0 .net "I1", 0 0, o0x138050160;  0 drivers
v0x131999f00_0 .net "I1_pd", 0 0, L_0x1319f3a90;  1 drivers
o0x1380501c0 .functor BUFZ 1, c4<z>; HiZ drive
v0x13199e1a0_0 .net "I2", 0 0, o0x1380501c0;  0 drivers
v0x1319a2d80_0 .net "I2_pd", 0 0, L_0x1319f3ce0;  1 drivers
o0x138050220 .functor BUFZ 1, c4<z>; HiZ drive
v0x13198dc30_0 .net "I3", 0 0, o0x138050220;  0 drivers
v0x13198df70_0 .net "I3_pd", 0 0, L_0x1319f3f40;  1 drivers
v0x13198e2b0_0 .net "LO", 0 0, L_0x1319f5070;  1 drivers
v0x1319a7d20_0 .net "O", 0 0, L_0x1319f51d0;  1 drivers
o0x1380502e0 .functor BUFZ 1, c4<z>; HiZ drive
v0x1319a8090_0 .net "SR", 0 0, o0x1380502e0;  0 drivers
v0x131982f20_0 .net "SR_pd", 0 0, L_0x1319f4190;  1 drivers
o0x138050340 .functor BUFZ 1, c4<z>; HiZ drive
; Elide local net with no drivers, v0x131983290_0 name=_ivl_0
v0x1319809f0_0 .net *"_ivl_10", 0 0, L_0x1319f39b0;  1 drivers
L_0x138088058 .functor BUFT 1, C4<0>, C4<0>, C4<0>, C4<0>;
v0x131986200_0 .net/2u *"_ivl_12", 0 0, L_0x138088058;  1 drivers
o0x1380503d0 .functor BUFZ 1, c4<z>; HiZ drive
; Elide local net with no drivers, v0x131988fa0_0 name=_ivl_16
v0x13199e490_0 .net *"_ivl_18", 0 0, L_0x1319f3c10;  1 drivers
v0x1319a3070_0 .net *"_ivl_2", 0 0, L_0x1319f3730;  1 drivers
L_0x1380880a0 .functor BUFT 1, C4<0>, C4<0>, C4<0>, C4<0>;
v0x1319926d0_0 .net/2u *"_ivl_20", 0 0, L_0x1380880a0;  1 drivers
o0x138050490 .functor BUFZ 1, c4<z>; HiZ drive
; Elide local net with no drivers, v0x1319a41a0_0 name=_ivl_24
v0x1319a4ac0_0 .net *"_ivl_26", 0 0, L_0x1319f3e60;  1 drivers
L_0x1380880e8 .functor BUFT 1, C4<0>, C4<0>, C4<0>, C4<0>;
v0x1319a4ba0_0 .net/2u *"_ivl_28", 0 0, L_0x1380880e8;  1 drivers
o0x138050520 .functor BUFZ 1, c4<z>; HiZ drive
; Elide local net with no drivers, v0x1319a5c30_0 name=_ivl_32
v0x1319a5d10_0 .net *"_ivl_34", 0 0, L_0x1319f40a0;  1 drivers
L_0x138088130 .functor BUFT 1, C4<0>, C4<0>, C4<0>, C4<0>;
v0x1319881e0_0 .net/2u *"_ivl_36", 0 0, L_0x138088130;  1 drivers
L_0x138088010 .functor BUFT 1, C4<0>, C4<0>, C4<0>, C4<0>;
v0x131985440_0 .net/2u *"_ivl_4", 0 0, L_0x138088010;  1 drivers
o0x1380505e0 .functor BUFZ 1, c4<z>; HiZ drive
; Elide local net with no drivers, v0x131980d60_0 name=_ivl_40
v0x131981770_0 .net *"_ivl_42", 0 0, L_0x1319f42b0;  1 drivers
L_0x138088178 .functor BUFT 1, C4<1>, C4<0>, C4<0>, C4<0>;
v0x131981b00_0 .net/2u *"_ivl_44", 0 0, L_0x138088178;  1 drivers
L_0x138088208 .functor BUFT 1, C4<00000000>, C4<0>, C4<0>, C4<0>;
v0x131806fc0_0 .net/2u *"_ivl_52", 7 0, L_0x138088208;  1 drivers
L_0x138088250 .functor BUFT 1, C4<00000000>, C4<0>, C4<0>, C4<0>;
v0x1319d1660_0 .net/2u *"_ivl_54", 7 0, L_0x138088250;  1 drivers
v0x13186c0d0_0 .net *"_ivl_59", 3 0, L_0x1319f4790;  1 drivers
v0x131869600_0 .net *"_ivl_61", 3 0, L_0x1319f4870;  1 drivers
v0x13186fe20_0 .net *"_ivl_65", 1 0, L_0x1319f4ab0;  1 drivers
v0x131875f80_0 .net *"_ivl_67", 1 0, L_0x1319f4be0;  1 drivers
v0x131891eb0_0 .net *"_ivl_71", 0 0, L_0x1319f4dc0;  1 drivers
v0x1318110d0_0 .net *"_ivl_73", 0 0, L_0x1319f4e60;  1 drivers
v0x1318608c0_0 .net/2u *"_ivl_78", 0 0, L_0x138088298;  1 drivers
o0x138050820 .functor BUFZ 1, c4<z>; HiZ drive
; Elide local net with no drivers, v0x131982580_0 name=_ivl_8
v0x131950650_0 .net "lut_o", 0 0, L_0x1319f4d20;  1 drivers
v0x13182fc00_0 .net "lut_s1", 1 0, L_0x1319f4c80;  1 drivers
v0x13186ef60_0 .net "lut_s2", 3 0, L_0x1319f4990;  1 drivers
v0x131874fc0_0 .net "lut_s3", 7 0, L_0x1319f4600;  1 drivers
v0x131871f20_0 .net "mux_cin", 0 0, L_0x1319f4510;  1 drivers
v0x13187e490_0 .var "o_reg", 0 0;
v0x131954910_0 .var "o_reg_async", 0 0;
v0x131953bb0_0 .net "polarized_clk", 0 0, L_0x1319f5120;  1 drivers
E_0x131875500 .event posedge, v0x131982f20_0, v0x131953bb0_0;
E_0x131875920 .event posedge, v0x131953bb0_0;
L_0x1319f3730 .cmp/eeq 1, o0x138050100, o0x138050340;
L_0x1319f3830 .functor MUXZ 1, o0x138050100, L_0x138088010, L_0x1319f3730, C4<>;
L_0x1319f39b0 .cmp/eeq 1, o0x138050160, o0x138050820;
L_0x1319f3a90 .functor MUXZ 1, o0x138050160, L_0x138088058, L_0x1319f39b0, C4<>;
L_0x1319f3c10 .cmp/eeq 1, o0x1380501c0, o0x1380503d0;
L_0x1319f3ce0 .functor MUXZ 1, o0x1380501c0, L_0x1380880a0, L_0x1319f3c10, C4<>;
L_0x1319f3e60 .cmp/eeq 1, o0x138050220, o0x138050490;
L_0x1319f3f40 .functor MUXZ 1, o0x138050220, L_0x1380880e8, L_0x1319f3e60, C4<>;
L_0x1319f40a0 .cmp/eeq 1, o0x1380502e0, o0x138050520;
L_0x1319f4190 .functor MUXZ 1, o0x1380502e0, L_0x138088130, L_0x1319f40a0, C4<>;
L_0x1319f42b0 .cmp/eeq 1, o0x138050010, o0x1380505e0;
L_0x1319f43b0 .functor MUXZ 1, o0x138050010, L_0x138088178, L_0x1319f42b0, C4<>;
L_0x1319f4600 .functor MUXZ 8, L_0x138088250, L_0x138088208, L_0x1319f3f40, C4<>;
L_0x1319f4790 .part L_0x1319f4600, 4, 4;
L_0x1319f4870 .part L_0x1319f4600, 0, 4;
L_0x1319f4990 .functor MUXZ 4, L_0x1319f4870, L_0x1319f4790, L_0x1319f3ce0, C4<>;
L_0x1319f4ab0 .part L_0x1319f4990, 2, 2;
L_0x1319f4be0 .part L_0x1319f4990, 0, 2;
L_0x1319f4c80 .functor MUXZ 2, L_0x1319f4be0, L_0x1319f4ab0, L_0x1319f3a90, C4<>;
L_0x1319f4dc0 .part L_0x1319f4c80, 1, 1;
L_0x1319f4e60 .part L_0x1319f4c80, 0, 1;
L_0x1319f4d20 .functor MUXZ 1, L_0x1319f4e60, L_0x1319f4dc0, L_0x1319f3830, C4<>;
S_0x131994b50 .scope module, "ICESTORM_RAM" "ICESTORM_RAM" 3 3167;
 .timescale -12 -12;
    .port_info 0 /OUTPUT 1 "RDATA_15";
    .port_info 1 /OUTPUT 1 "RDATA_14";
    .port_info 2 /OUTPUT 1 "RDATA_13";
    .port_info 3 /OUTPUT 1 "RDATA_12";
    .port_info 4 /OUTPUT 1 "RDATA_11";
    .port_info 5 /OUTPUT 1 "RDATA_10";
    .port_info 6 /OUTPUT 1 "RDATA_9";
    .port_info 7 /OUTPUT 1 "RDATA_8";
    .port_info 8 /OUTPUT 1 "RDATA_7";
    .port_info 9 /OUTPUT 1 "RDATA_6";
    .port_info 10 /OUTPUT 1 "RDATA_5";
    .port_info 11 /OUTPUT 1 "RDATA_4";
    .port_info 12 /OUTPUT 1 "RDATA_3";
    .port_info 13 /OUTPUT 1 "RDATA_2";
    .port_info 14 /OUTPUT 1 "RDATA_1";
    .port_info 15 /OUTPUT 1 "RDATA_0";
    .port_info 16 /INPUT 1 "RCLK";
    .port_info 17 /INPUT 1 "RCLKE";
    .port_info 18 /INPUT 1 "RE";
    .port_info 19 /INPUT 1 "RADDR_10";
    .port_info 20 /INPUT 1 "RADDR_9";
    .port_info 21 /INPUT 1 "RADDR_8";
    .port_info 22 /INPUT 1 "RADDR_7";
    .port_info 23 /INPUT 1 "RADDR_6";
    .port_info 24 /INPUT 1 "RADDR_5";
    .port_info 25 /INPUT 1 "RADDR_4";
    .port_info 26 /INPUT 1 "RADDR_3";
    .port_info 27 /INPUT 1 "RADDR_2";
    .port_info 28 /INPUT 1 "RADDR_1";
    .port_info 29 /INPUT 1 "RADDR_0";
    .port_info 30 /INPUT 1 "WCLK";
    .port_info 31 /INPUT 1 "WCLKE";
    .port_info 32 /INPUT 1 "WE";
    .port_info 33 /INPUT 1 "WADDR_10";
    .port_info 34 /INPUT 1 "WADDR_9";
    .port_info 35 /INPUT 1 "WADDR_8";
    .port_info 36 /INPUT 1 "WADDR_7";
    .port_info 37 /INPUT 1 "WADDR_6";
    .port_info 38 /INPUT 1 "WADDR_5";
    .port_info 39 /INPUT 1 "WADDR_4";
    .port_info 40 /INPUT 1 "WADDR_3";
    .port_info 41 /INPUT 1 "WADDR_2";
    .port_info 42 /INPUT 1 "WADDR_1";
    .port_info 43 /INPUT 1 "WADDR_0";
    .port_info 44 /INPUT 1 "MASK_15";
    .port_info 45 /INPUT 1 "MASK_14";
    .port_info 46 /INPUT 1 "MASK_13";
    .port_info 47 /INPUT 1 "MASK_12";
    .port_info 48 /INPUT 1 "MASK_11";
    .port_info 49 /INPUT 1 "MASK_10";
    .port_info 50 /INPUT 1 "MASK_9";
    .port_info 51 /INPUT 1 "MASK_8";
    .port_info 52 /INPUT 1 "MASK_7";
    .port_info 53 /INPUT 1 "MASK_6";
    .port_info 54 /INPUT 1 "MASK_5";
    .port_info 55 /INPUT 1 "MASK_4";
    .port_info 56 /INPUT 1 "MASK_3";
    .port_info 57 /INPUT 1 "MASK_2";
    .port_info 58 /INPUT 1 "MASK_1";
    .port_info 59 /INPUT 1 "MASK_0";
    .port_info 60 /INPUT 1 "WDATA_15";
    .port_info 61 /INPUT 1 "WDATA_14";
    .port_info 62 /INPUT 1 "WDATA_13";
    .port_info 63 /INPUT 1 "WDATA_12";
    .port_info 64 /INPUT 1 "WDATA_11";
    .port_info 65 /INPUT 1 "WDATA_10";
    .port_info 66 /INPUT 1 "WDATA_9";
    .port_info 67 /INPUT 1 "WDATA_8";
    .port_info 68 /INPUT 1 "WDATA_7";
    .port_info 69 /INPUT 1 "WDATA_6";
    .port_info 70 /INPUT 1 "WDATA_5";
    .port_info 71 /INPUT 1 "WDATA_4";
    .port_info 72 /INPUT 1 "WDATA_3";
    .port_info 73 /INPUT 1 "WDATA_2";
    .port_info 74 /INPUT 1 "WDATA_1";
    .port_info 75 /INPUT 1 "WDATA_0";
P_0x132050600 .param/l "INIT_0" 0 3 3182, C4<0000000000000000000000000000000000000000000000000000000000000000000000000000000000000000000000000000000000000000000000000000000000000000000000000000000000000000000000000000000000000000000000000000000000000000000000000000000000000000000000000000000000000000>;
P_0x132050640 .param/l "INIT_1" 0 3 3183, C4<0000000000000000000000000000000000000000000000000000000000000000000000000000000000000000000000000000000000000000000000000000000000000000000000000000000000000000000000000000000000000000000000000000000000000000000000000000000000000000000000000000000000000000>;
P_0x132050680 .param/l "INIT_2" 0 3 3184, C4<0000000000000000000000000000000000000000000000000000000000000000000000000000000000000000000000000000000000000000000000000000000000000000000000000000000000000000000000000000000000000000000000000000000000000000000000000000000000000000000000000000000000000000>;
P_0x1320506c0 .param/l "INIT_3" 0 3 3185, C4<0000000000000000000000000000000000000000000000000000000000000000000000000000000000000000000000000000000000000000000000000000000000000000000000000000000000000000000000000000000000000000000000000000000000000000000000000000000000000000000000000000000000000000>;
P_0x132050700 .param/l "INIT_4" 0 3 3186, C4<0000000000000000000000000000000000000000000000000000000000000000000000000000000000000000000000000000000000000000000000000000000000000000000000000000000000000000000000000000000000000000000000000000000000000000000000000000000000000000000000000000000000000000>;
P_0x132050740 .param/l "INIT_5" 0 3 3187, C4<0000000000000000000000000000000000000000000000000000000000000000000000000000000000000000000000000000000000000000000000000000000000000000000000000000000000000000000000000000000000000000000000000000000000000000000000000000000000000000000000000000000000000000>;
P_0x132050780 .param/l "INIT_6" 0 3 3188, C4<0000000000000000000000000000000000000000000000000000000000000000000000000000000000000000000000000000000000000000000000000000000000000000000000000000000000000000000000000000000000000000000000000000000000000000000000000000000000000000000000000000000000000000>;
P_0x1320507c0 .param/l "INIT_7" 0 3 3189, C4<0000000000000000000000000000000000000000000000000000000000000000000000000000000000000000000000000000000000000000000000000000000000000000000000000000000000000000000000000000000000000000000000000000000000000000000000000000000000000000000000000000000000000000>;
P_0x132050800 .param/l "INIT_8" 0 3 3190, C4<0000000000000000000000000000000000000000000000000000000000000000000000000000000000000000000000000000000000000000000000000000000000000000000000000000000000000000000000000000000000000000000000000000000000000000000000000000000000000000000000000000000000000000>;
P_0x132050840 .param/l "INIT_9" 0 3 3191, C4<0000000000000000000000000000000000000000000000000000000000000000000000000000000000000000000000000000000000000000000000000000000000000000000000000000000000000000000000000000000000000000000000000000000000000000000000000000000000000000000000000000000000000000>;
P_0x132050880 .param/l "INIT_A" 0 3 3192, C4<0000000000000000000000000000000000000000000000000000000000000000000000000000000000000000000000000000000000000000000000000000000000000000000000000000000000000000000000000000000000000000000000000000000000000000000000000000000000000000000000000000000000000000>;
P_0x1320508c0 .param/l "INIT_B" 0 3 3193, C4<0000000000000000000000000000000000000000000000000000000000000000000000000000000000000000000000000000000000000000000000000000000000000000000000000000000000000000000000000000000000000000000000000000000000000000000000000000000000000000000000000000000000000000>;
P_0x132050900 .param/l "INIT_C" 0 3 3194, C4<0000000000000000000000000000000000000000000000000000000000000000000000000000000000000000000000000000000000000000000000000000000000000000000000000000000000000000000000000000000000000000000000000000000000000000000000000000000000000000000000000000000000000000>;
P_0x132050940 .param/l "INIT_D" 0 3 3195, C4<0000000000000000000000000000000000000000000000000000000000000000000000000000000000000000000000000000000000000000000000000000000000000000000000000000000000000000000000000000000000000000000000000000000000000000000000000000000000000000000000000000000000000000>;
P_0x132050980 .param/l "INIT_E" 0 3 3196, C4<0000000000000000000000000000000000000000000000000000000000000000000000000000000000000000000000000000000000000000000000000000000000000000000000000000000000000000000000000000000000000000000000000000000000000000000000000000000000000000000000000000000000000000>;
P_0x1320509c0 .param/l "INIT_F" 0 3 3197, C4<0000000000000000000000000000000000000000000000000000000000000000000000000000000000000000000000000000000000000000000000000000000000000000000000000000000000000000000000000000000000000000000000000000000000000000000000000000000000000000000000000000000000000000>;
P_0x132050a00 .param/l "NEG_CLK_R" 0 3 3179, C4<0>;
P_0x132050a40 .param/l "NEG_CLK_W" 0 3 3180, C4<0>;
P_0x132050a80 .param/l "READ_MODE" 0 3 3177, +C4<00000000000000000000000000000000>;
P_0x132050ac0 .param/l "WRITE_MODE" 0 3 3176, +C4<00000000000000000000000000000000>;
L_0x138088328 .functor BUFT 1, C4<0>, C4<0>, C4<0>, C4<0>;
L_0x1319f5a10 .functor XOR 1, L_0x1319f62f0, L_0x138088328, C4<0>, C4<0>;
L_0x138088370 .functor BUFT 1, C4<0>, C4<0>, C4<0>, C4<0>;
L_0x1319f6eb0 .functor XOR 1, L_0x1319f7440, L_0x138088370, C4<0>, C4<0>;
o0x1380511b0 .functor BUFZ 1, c4<z>; HiZ drive
v0x131873310_0 .net "MASK_0", 0 0, o0x1380511b0;  0 drivers
o0x1380511e0 .functor BUFZ 1, c4<z>; HiZ drive
v0x1318733a0_0 .net "MASK_1", 0 0, o0x1380511e0;  0 drivers
o0x138051210 .functor BUFZ 1, c4<z>; HiZ drive
v0x131813370_0 .net "MASK_10", 0 0, o0x138051210;  0 drivers
o0x138051240 .functor BUFZ 1, c4<z>; HiZ drive
v0x131813400_0 .net "MASK_11", 0 0, o0x138051240;  0 drivers
o0x138051270 .functor BUFZ 1, c4<z>; HiZ drive
v0x131813490_0 .net "MASK_12", 0 0, o0x138051270;  0 drivers
o0x1380512a0 .functor BUFZ 1, c4<z>; HiZ drive
v0x131813520_0 .net "MASK_13", 0 0, o0x1380512a0;  0 drivers
o0x1380512d0 .functor BUFZ 1, c4<z>; HiZ drive
v0x1318135b0_0 .net "MASK_14", 0 0, o0x1380512d0;  0 drivers
o0x138051300 .functor BUFZ 1, c4<z>; HiZ drive
v0x131813640_0 .net "MASK_15", 0 0, o0x138051300;  0 drivers
o0x138051330 .functor BUFZ 1, c4<z>; HiZ drive
v0x13187c910_0 .net "MASK_2", 0 0, o0x138051330;  0 drivers
o0x138051360 .functor BUFZ 1, c4<z>; HiZ drive
v0x13187c9a0_0 .net "MASK_3", 0 0, o0x138051360;  0 drivers
o0x138051390 .functor BUFZ 1, c4<z>; HiZ drive
v0x13187ca30_0 .net "MASK_4", 0 0, o0x138051390;  0 drivers
o0x1380513c0 .functor BUFZ 1, c4<z>; HiZ drive
v0x13187cac0_0 .net "MASK_5", 0 0, o0x1380513c0;  0 drivers
o0x1380513f0 .functor BUFZ 1, c4<z>; HiZ drive
v0x13187cb50_0 .net "MASK_6", 0 0, o0x1380513f0;  0 drivers
o0x138051420 .functor BUFZ 1, c4<z>; HiZ drive
v0x13187cbe0_0 .net "MASK_7", 0 0, o0x138051420;  0 drivers
o0x138051450 .functor BUFZ 1, c4<z>; HiZ drive
v0x13181c5c0_0 .net "MASK_8", 0 0, o0x138051450;  0 drivers
o0x138051480 .functor BUFZ 1, c4<z>; HiZ drive
v0x13181c650_0 .net "MASK_9", 0 0, o0x138051480;  0 drivers
o0x1380514b0 .functor BUFZ 1, c4<z>; HiZ drive
v0x13181c6e0_0 .net "RADDR_0", 0 0, o0x1380514b0;  0 drivers
o0x1380514e0 .functor BUFZ 1, c4<z>; HiZ drive
v0x13181c870_0 .net "RADDR_1", 0 0, o0x1380514e0;  0 drivers
o0x138051510 .functor BUFZ 1, c4<z>; HiZ drive
v0x131819ff0_0 .net "RADDR_10", 0 0, o0x138051510;  0 drivers
o0x138051540 .functor BUFZ 1, c4<z>; HiZ drive
v0x13181a080_0 .net "RADDR_2", 0 0, o0x138051540;  0 drivers
o0x138051570 .functor BUFZ 1, c4<z>; HiZ drive
v0x13181a110_0 .net "RADDR_3", 0 0, o0x138051570;  0 drivers
o0x1380515a0 .functor BUFZ 1, c4<z>; HiZ drive
v0x13181a1a0_0 .net "RADDR_4", 0 0, o0x1380515a0;  0 drivers
o0x1380515d0 .functor BUFZ 1, c4<z>; HiZ drive
v0x13181a230_0 .net "RADDR_5", 0 0, o0x1380515d0;  0 drivers
o0x138051600 .functor BUFZ 1, c4<z>; HiZ drive
v0x13181a2c0_0 .net "RADDR_6", 0 0, o0x138051600;  0 drivers
o0x138051630 .functor BUFZ 1, c4<z>; HiZ drive
v0x131828c30_0 .net "RADDR_7", 0 0, o0x138051630;  0 drivers
o0x138051660 .functor BUFZ 1, c4<z>; HiZ drive
v0x131828cc0_0 .net "RADDR_8", 0 0, o0x138051660;  0 drivers
o0x138051690 .functor BUFZ 1, c4<z>; HiZ drive
v0x131828d50_0 .net "RADDR_9", 0 0, o0x138051690;  0 drivers
o0x1380516c0 .functor BUFZ 1, c4<z>; HiZ drive
v0x131828de0_0 .net "RCLK", 0 0, o0x1380516c0;  0 drivers
o0x1380516f0 .functor BUFZ 1, c4<z>; HiZ drive
v0x131828e70_0 .net "RCLKE", 0 0, o0x1380516f0;  0 drivers
v0x131828f00_0 .net "RDATA_0", 0 0, L_0x1319f6250;  1 drivers
v0x131826660_0 .net "RDATA_1", 0 0, L_0x1319f5fb0;  1 drivers
v0x1318266f0_0 .net "RDATA_10", 0 0, L_0x1319f5840;  1 drivers
v0x131826780_0 .net "RDATA_11", 0 0, L_0x1319f5770;  1 drivers
v0x13181c770_0 .net "RDATA_12", 0 0, L_0x1319f56d0;  1 drivers
v0x131816fa0_0 .net "RDATA_13", 0 0, L_0x1319f5590;  1 drivers
v0x131817030_0 .net "RDATA_14", 0 0, L_0x1319f54f0;  1 drivers
v0x131826810_0 .net "RDATA_15", 0 0, L_0x1319f53f0;  1 drivers
v0x1318268a0_0 .net "RDATA_2", 0 0, L_0x1319f5ef0;  1 drivers
v0x131826930_0 .net "RDATA_3", 0 0, L_0x1319f5de0;  1 drivers
v0x131815d20_0 .net "RDATA_4", 0 0, L_0x1319f5d40;  1 drivers
v0x131815db0_0 .net "RDATA_5", 0 0, L_0x1319f5ca0;  1 drivers
v0x131815e40_0 .net "RDATA_6", 0 0, L_0x1319f5c00;  1 drivers
v0x131815ed0_0 .net "RDATA_7", 0 0, L_0x1319f5b60;  1 drivers
v0x131815f60_0 .net "RDATA_8", 0 0, L_0x1319f5ac0;  1 drivers
v0x131815ff0_0 .net "RDATA_9", 0 0, L_0x1319f58e0;  1 drivers
o0x138051a20 .functor BUFZ 1, c4<z>; HiZ drive
v0x13182e450_0 .net "RE", 0 0, o0x138051a20;  0 drivers
o0x138051a50 .functor BUFZ 1, c4<z>; HiZ drive
v0x13182e4e0_0 .net "WADDR_0", 0 0, o0x138051a50;  0 drivers
o0x138051a80 .functor BUFZ 1, c4<z>; HiZ drive
v0x13182e570_0 .net "WADDR_1", 0 0, o0x138051a80;  0 drivers
o0x138051ab0 .functor BUFZ 1, c4<z>; HiZ drive
v0x13182e600_0 .net "WADDR_10", 0 0, o0x138051ab0;  0 drivers
o0x138051ae0 .functor BUFZ 1, c4<z>; HiZ drive
v0x13182e690_0 .net "WADDR_2", 0 0, o0x138051ae0;  0 drivers
o0x138051b10 .functor BUFZ 1, c4<z>; HiZ drive
v0x13182e720_0 .net "WADDR_3", 0 0, o0x138051b10;  0 drivers
o0x138051b40 .functor BUFZ 1, c4<z>; HiZ drive
v0x13181b320_0 .net "WADDR_4", 0 0, o0x138051b40;  0 drivers
o0x138051b70 .functor BUFZ 1, c4<z>; HiZ drive
v0x13181b3b0_0 .net "WADDR_5", 0 0, o0x138051b70;  0 drivers
o0x138051ba0 .functor BUFZ 1, c4<z>; HiZ drive
v0x13181b440_0 .net "WADDR_6", 0 0, o0x138051ba0;  0 drivers
o0x138051bd0 .functor BUFZ 1, c4<z>; HiZ drive
v0x13181b4d0_0 .net "WADDR_7", 0 0, o0x138051bd0;  0 drivers
o0x138051c00 .functor BUFZ 1, c4<z>; HiZ drive
v0x13181b560_0 .net "WADDR_8", 0 0, o0x138051c00;  0 drivers
o0x138051c30 .functor BUFZ 1, c4<z>; HiZ drive
v0x13181b5f0_0 .net "WADDR_9", 0 0, o0x138051c30;  0 drivers
o0x138051c60 .functor BUFZ 1, c4<z>; HiZ drive
v0x131818d50_0 .net "WCLK", 0 0, o0x138051c60;  0 drivers
o0x138051c90 .functor BUFZ 1, c4<z>; HiZ drive
v0x131818de0_0 .net "WCLKE", 0 0, o0x138051c90;  0 drivers
o0x138051cc0 .functor BUFZ 1, c4<z>; HiZ drive
v0x131818e70_0 .net "WDATA_0", 0 0, o0x138051cc0;  0 drivers
o0x138051cf0 .functor BUFZ 1, c4<z>; HiZ drive
v0x131818f00_0 .net "WDATA_1", 0 0, o0x138051cf0;  0 drivers
o0x138051d20 .functor BUFZ 1, c4<z>; HiZ drive
v0x131818f90_0 .net "WDATA_10", 0 0, o0x138051d20;  0 drivers
o0x138051d50 .functor BUFZ 1, c4<z>; HiZ drive
v0x131819020_0 .net "WDATA_11", 0 0, o0x138051d50;  0 drivers
o0x138051d80 .functor BUFZ 1, c4<z>; HiZ drive
v0x131817c00_0 .net "WDATA_12", 0 0, o0x138051d80;  0 drivers
o0x138051db0 .functor BUFZ 1, c4<z>; HiZ drive
v0x131817c90_0 .net "WDATA_13", 0 0, o0x138051db0;  0 drivers
o0x138051de0 .functor BUFZ 1, c4<z>; HiZ drive
v0x131816da0_0 .net "WDATA_14", 0 0, o0x138051de0;  0 drivers
o0x138051e10 .functor BUFZ 1, c4<z>; HiZ drive
v0x131816e30_0 .net "WDATA_15", 0 0, o0x138051e10;  0 drivers
o0x138051e40 .functor BUFZ 1, c4<z>; HiZ drive
v0x131816ec0_0 .net "WDATA_2", 0 0, o0x138051e40;  0 drivers
o0x138051e70 .functor BUFZ 1, c4<z>; HiZ drive
v0x131817d20_0 .net "WDATA_3", 0 0, o0x138051e70;  0 drivers
o0x138051ea0 .functor BUFZ 1, c4<z>; HiZ drive
v0x131817db0_0 .net "WDATA_4", 0 0, o0x138051ea0;  0 drivers
o0x138051ed0 .functor BUFZ 1, c4<z>; HiZ drive
v0x131817e40_0 .net "WDATA_5", 0 0, o0x138051ed0;  0 drivers
o0x138051f00 .functor BUFZ 1, c4<z>; HiZ drive
v0x131817ed0_0 .net "WDATA_6", 0 0, o0x138051f00;  0 drivers
o0x138051f30 .functor BUFZ 1, c4<z>; HiZ drive
v0x131827990_0 .net "WDATA_7", 0 0, o0x138051f30;  0 drivers
o0x138051f60 .functor BUFZ 1, c4<z>; HiZ drive
v0x131827a20_0 .net "WDATA_8", 0 0, o0x138051f60;  0 drivers
o0x138051f90 .functor BUFZ 1, c4<z>; HiZ drive
v0x131827ab0_0 .net "WDATA_9", 0 0, o0x138051f90;  0 drivers
o0x138051fc0 .functor BUFZ 1, c4<z>; HiZ drive
v0x131827b40_0 .net "WE", 0 0, o0x138051fc0;  0 drivers
v0x131827bd0_0 .net *"_ivl_100", 0 0, L_0x1319f8890;  1 drivers
v0x131827c60_0 .net *"_ivl_102", 0 0, L_0x1319f8930;  1 drivers
v0x1318253c0_0 .net *"_ivl_104", 0 0, L_0x1319f86e0;  1 drivers
v0x131825450_0 .net *"_ivl_106", 0 0, L_0x1319f87c0;  1 drivers
v0x1318254e0_0 .net *"_ivl_108", 0 0, L_0x1319f8bc0;  1 drivers
v0x131825570_0 .net *"_ivl_110", 0 0, L_0x1319f8ca0;  1 drivers
v0x131825600_0 .net *"_ivl_112", 0 0, L_0x1319f89f0;  1 drivers
v0x131825690_0 .net *"_ivl_114", 0 0, L_0x1319f8ad0;  1 drivers
v0x131824270_0 .net *"_ivl_116", 0 0, L_0x1319f8f70;  1 drivers
v0x131824300_0 .net *"_ivl_120", 0 0, L_0x1319f8d80;  1 drivers
v0x131824390_0 .net *"_ivl_122", 0 0, L_0x1319f8e20;  1 drivers
v0x131824420_0 .net *"_ivl_124", 0 0, L_0x1319f8ec0;  1 drivers
v0x1318244b0_0 .net *"_ivl_126", 0 0, L_0x1319f97d0;  1 drivers
v0x131824540_0 .net *"_ivl_128", 0 0, L_0x1319f95c0;  1 drivers
v0x13182ccd0_0 .net *"_ivl_130", 0 0, L_0x1319f9660;  1 drivers
v0x13182cd60_0 .net *"_ivl_132", 0 0, L_0x1319f9700;  1 drivers
v0x13182cdf0_0 .net *"_ivl_134", 0 0, L_0x1319f9aa0;  1 drivers
v0x13182ce80_0 .net *"_ivl_136", 0 0, L_0x1319f9870;  1 drivers
v0x13182cf10_0 .net *"_ivl_138", 0 0, L_0x1319f9910;  1 drivers
v0x13182cfa0_0 .net *"_ivl_140", 0 0, L_0x1319f99b0;  1 drivers
v0x13182b6e0_0 .net *"_ivl_142", 0 0, L_0x1319f9d90;  1 drivers
v0x13182b770_0 .net *"_ivl_144", 0 0, L_0x1319f9b40;  1 drivers
v0x13182b800_0 .net *"_ivl_146", 0 0, L_0x1319f9c20;  1 drivers
v0x13182b890_0 .net *"_ivl_148", 0 0, L_0x1319fa0e0;  1 drivers
v0x13182b920_0 .net *"_ivl_150", 0 0, L_0x1319fa180;  1 drivers
v0x13182b9b0_0 .net *"_ivl_18", 0 0, L_0x1319f62f0;  1 drivers
v0x131829f60_0 .net/2u *"_ivl_19", 0 0, L_0x138088328;  1 drivers
v0x131829ff0_0 .net *"_ivl_28", 0 0, L_0x1319f6610;  1 drivers
v0x13182a080_0 .net *"_ivl_30", 0 0, L_0x1319f66d0;  1 drivers
v0x13182a110_0 .net *"_ivl_32", 0 0, L_0x1319f6570;  1 drivers
v0x13182a1a0_0 .net *"_ivl_34", 0 0, L_0x1319f6840;  1 drivers
v0x13182a230_0 .net *"_ivl_36", 0 0, L_0x1319f69e0;  1 drivers
v0x1318233d0_0 .net *"_ivl_38", 0 0, L_0x1319f6aa0;  1 drivers
v0x131823460_0 .net *"_ivl_40", 0 0, L_0x1319f6c10;  1 drivers
v0x1318234f0_0 .net *"_ivl_42", 0 0, L_0x1319f6920;  1 drivers
v0x131823580_0 .net *"_ivl_44", 0 0, L_0x1319f6db0;  1 drivers
v0x131823610_0 .net *"_ivl_46", 0 0, L_0x1319f6b60;  1 drivers
v0x1318236a0_0 .net *"_ivl_48", 0 0, L_0x1319f6fa0;  1 drivers
v0x131821de0_0 .net *"_ivl_52", 0 0, L_0x1319f7440;  1 drivers
v0x131821e70_0 .net/2u *"_ivl_53", 0 0, L_0x138088370;  1 drivers
v0x131821f00_0 .net *"_ivl_62", 0 0, L_0x1319f7690;  1 drivers
v0x131821f90_0 .net *"_ivl_64", 0 0, L_0x1319f7580;  1 drivers
v0x131822020_0 .net *"_ivl_66", 0 0, L_0x1319f7850;  1 drivers
v0x1318220b0_0 .net *"_ivl_68", 0 0, L_0x1319f7730;  1 drivers
v0x131820660_0 .net *"_ivl_70", 0 0, L_0x1319f7a20;  1 drivers
v0x1318206f0_0 .net *"_ivl_72", 0 0, L_0x1319f78f0;  1 drivers
v0x131820780_0 .net *"_ivl_74", 0 0, L_0x1319f7c00;  1 drivers
v0x131820810_0 .net *"_ivl_76", 0 0, L_0x1319f7ac0;  1 drivers
v0x1318208a0_0 .net *"_ivl_78", 0 0, L_0x1319f7b60;  1 drivers
v0x131820930_0 .net *"_ivl_80", 0 0, L_0x1319f7e00;  1 drivers
v0x13181f070_0 .net *"_ivl_82", 0 0, L_0x1319f7ea0;  1 drivers
v0x13181f100_0 .net *"_ivl_86", 0 0, L_0x1319f8370;  1 drivers
v0x13181f190_0 .net *"_ivl_88", 0 0, L_0x1319f7f80;  1 drivers
v0x13181f220_0 .net *"_ivl_90", 0 0, L_0x1319f8020;  1 drivers
v0x13181f2b0_0 .net *"_ivl_92", 0 0, L_0x1319f85a0;  1 drivers
v0x13181f340_0 .net *"_ivl_94", 0 0, L_0x1319f8640;  1 drivers
v0x13181d8f0_0 .net *"_ivl_96", 0 0, L_0x1319f8410;  1 drivers
v0x13181d980_0 .net *"_ivl_98", 0 0, L_0x1319f84b0;  1 drivers
L_0x1319f53f0 .part v0x13187f340_0, 15, 1;
L_0x1319f54f0 .part v0x13187f340_0, 14, 1;
L_0x1319f5590 .part v0x13187f340_0, 13, 1;
L_0x1319f56d0 .part v0x13187f340_0, 12, 1;
L_0x1319f5770 .part v0x13187f340_0, 11, 1;
L_0x1319f5840 .part v0x13187f340_0, 10, 1;
L_0x1319f58e0 .part v0x13187f340_0, 9, 1;
L_0x1319f5ac0 .part v0x13187f340_0, 8, 1;
L_0x1319f5b60 .part v0x13187f340_0, 7, 1;
L_0x1319f5c00 .part v0x13187f340_0, 6, 1;
L_0x1319f5ca0 .part v0x13187f340_0, 5, 1;
L_0x1319f5d40 .part v0x13187f340_0, 4, 1;
L_0x1319f5de0 .part v0x13187f340_0, 3, 1;
L_0x1319f5ef0 .part v0x13187f340_0, 2, 1;
L_0x1319f5fb0 .part v0x13187f340_0, 1, 1;
L_0x1319f6250 .part v0x13187f340_0, 0, 1;
L_0x1319f62f0 .ufunc/vec4 TD_ICESTORM_RAM.pd, 1, o0x1380516c0 (v0x13186d280_0) S_0x13186d080;
L_0x1319f6410 .ufunc/vec4 TD_ICESTORM_RAM.pu, 1, o0x1380516f0 (v0x131873280_0) S_0x131873110;
L_0x1319f64b0 .ufunc/vec4 TD_ICESTORM_RAM.pd, 1, o0x138051a20 (v0x13186d280_0) S_0x13186d080;
L_0x1319f6610 .ufunc/vec4 TD_ICESTORM_RAM.pd, 1, o0x138051510 (v0x13186d280_0) S_0x13186d080;
L_0x1319f66d0 .ufunc/vec4 TD_ICESTORM_RAM.pd, 1, o0x138051690 (v0x13186d280_0) S_0x13186d080;
L_0x1319f6570 .ufunc/vec4 TD_ICESTORM_RAM.pd, 1, o0x138051660 (v0x13186d280_0) S_0x13186d080;
L_0x1319f6840 .ufunc/vec4 TD_ICESTORM_RAM.pd, 1, o0x138051630 (v0x13186d280_0) S_0x13186d080;
L_0x1319f69e0 .ufunc/vec4 TD_ICESTORM_RAM.pd, 1, o0x138051600 (v0x13186d280_0) S_0x13186d080;
L_0x1319f6aa0 .ufunc/vec4 TD_ICESTORM_RAM.pd, 1, o0x1380515d0 (v0x13186d280_0) S_0x13186d080;
L_0x1319f6c10 .ufunc/vec4 TD_ICESTORM_RAM.pd, 1, o0x1380515a0 (v0x13186d280_0) S_0x13186d080;
L_0x1319f6920 .ufunc/vec4 TD_ICESTORM_RAM.pd, 1, o0x138051570 (v0x13186d280_0) S_0x13186d080;
L_0x1319f6db0 .ufunc/vec4 TD_ICESTORM_RAM.pd, 1, o0x138051540 (v0x13186d280_0) S_0x13186d080;
L_0x1319f6b60 .ufunc/vec4 TD_ICESTORM_RAM.pd, 1, o0x1380514e0 (v0x13186d280_0) S_0x13186d080;
L_0x1319f6fa0 .ufunc/vec4 TD_ICESTORM_RAM.pd, 1, o0x1380514b0 (v0x13186d280_0) S_0x13186d080;
LS_0x1319f6cf0_0_0 .concat [ 1 1 1 1], L_0x1319f6fa0, L_0x1319f6b60, L_0x1319f6db0, L_0x1319f6920;
LS_0x1319f6cf0_0_4 .concat [ 1 1 1 1], L_0x1319f6c10, L_0x1319f6aa0, L_0x1319f69e0, L_0x1319f6840;
LS_0x1319f6cf0_0_8 .concat [ 1 1 1 0], L_0x1319f6570, L_0x1319f66d0, L_0x1319f6610;
L_0x1319f6cf0 .concat [ 4 4 3 0], LS_0x1319f6cf0_0_0, LS_0x1319f6cf0_0_4, LS_0x1319f6cf0_0_8;
L_0x1319f7440 .ufunc/vec4 TD_ICESTORM_RAM.pd, 1, o0x138051c60 (v0x13186d280_0) S_0x13186d080;
L_0x1319f74e0 .ufunc/vec4 TD_ICESTORM_RAM.pu, 1, o0x138051c90 (v0x131873280_0) S_0x131873110;
L_0x1319f7340 .ufunc/vec4 TD_ICESTORM_RAM.pd, 1, o0x138051fc0 (v0x13186d280_0) S_0x13186d080;
L_0x1319f7690 .ufunc/vec4 TD_ICESTORM_RAM.pd, 1, o0x138051ab0 (v0x13186d280_0) S_0x13186d080;
L_0x1319f7580 .ufunc/vec4 TD_ICESTORM_RAM.pd, 1, o0x138051c30 (v0x13186d280_0) S_0x13186d080;
L_0x1319f7850 .ufunc/vec4 TD_ICESTORM_RAM.pd, 1, o0x138051c00 (v0x13186d280_0) S_0x13186d080;
L_0x1319f7730 .ufunc/vec4 TD_ICESTORM_RAM.pd, 1, o0x138051bd0 (v0x13186d280_0) S_0x13186d080;
L_0x1319f7a20 .ufunc/vec4 TD_ICESTORM_RAM.pd, 1, o0x138051ba0 (v0x13186d280_0) S_0x13186d080;
L_0x1319f78f0 .ufunc/vec4 TD_ICESTORM_RAM.pd, 1, o0x138051b70 (v0x13186d280_0) S_0x13186d080;
L_0x1319f7c00 .ufunc/vec4 TD_ICESTORM_RAM.pd, 1, o0x138051b40 (v0x13186d280_0) S_0x13186d080;
L_0x1319f7ac0 .ufunc/vec4 TD_ICESTORM_RAM.pd, 1, o0x138051b10 (v0x13186d280_0) S_0x13186d080;
L_0x1319f7b60 .ufunc/vec4 TD_ICESTORM_RAM.pd, 1, o0x138051ae0 (v0x13186d280_0) S_0x13186d080;
L_0x1319f7e00 .ufunc/vec4 TD_ICESTORM_RAM.pd, 1, o0x138051a80 (v0x13186d280_0) S_0x13186d080;
L_0x1319f7ea0 .ufunc/vec4 TD_ICESTORM_RAM.pd, 1, o0x138051a50 (v0x13186d280_0) S_0x13186d080;
LS_0x1319f7ca0_0_0 .concat [ 1 1 1 1], L_0x1319f7ea0, L_0x1319f7e00, L_0x1319f7b60, L_0x1319f7ac0;
LS_0x1319f7ca0_0_4 .concat [ 1 1 1 1], L_0x1319f7c00, L_0x1319f78f0, L_0x1319f7a20, L_0x1319f7730;
LS_0x1319f7ca0_0_8 .concat [ 1 1 1 0], L_0x1319f7850, L_0x1319f7580, L_0x1319f7690;
L_0x1319f7ca0 .concat [ 4 4 3 0], LS_0x1319f7ca0_0_0, LS_0x1319f7ca0_0_4, LS_0x1319f7ca0_0_8;
L_0x1319f8370 .ufunc/vec4 TD_ICESTORM_RAM.pd, 1, o0x138051300 (v0x13186d280_0) S_0x13186d080;
L_0x1319f7f80 .ufunc/vec4 TD_ICESTORM_RAM.pd, 1, o0x1380512d0 (v0x13186d280_0) S_0x13186d080;
L_0x1319f8020 .ufunc/vec4 TD_ICESTORM_RAM.pd, 1, o0x1380512a0 (v0x13186d280_0) S_0x13186d080;
L_0x1319f85a0 .ufunc/vec4 TD_ICESTORM_RAM.pd, 1, o0x138051270 (v0x13186d280_0) S_0x13186d080;
L_0x1319f8640 .ufunc/vec4 TD_ICESTORM_RAM.pd, 1, o0x138051240 (v0x13186d280_0) S_0x13186d080;
L_0x1319f8410 .ufunc/vec4 TD_ICESTORM_RAM.pd, 1, o0x138051210 (v0x13186d280_0) S_0x13186d080;
L_0x1319f84b0 .ufunc/vec4 TD_ICESTORM_RAM.pd, 1, o0x138051480 (v0x13186d280_0) S_0x13186d080;
L_0x1319f8890 .ufunc/vec4 TD_ICESTORM_RAM.pd, 1, o0x138051450 (v0x13186d280_0) S_0x13186d080;
L_0x1319f8930 .ufunc/vec4 TD_ICESTORM_RAM.pd, 1, o0x138051420 (v0x13186d280_0) S_0x13186d080;
L_0x1319f86e0 .ufunc/vec4 TD_ICESTORM_RAM.pd, 1, o0x1380513f0 (v0x13186d280_0) S_0x13186d080;
L_0x1319f87c0 .ufunc/vec4 TD_ICESTORM_RAM.pd, 1, o0x1380513c0 (v0x13186d280_0) S_0x13186d080;
L_0x1319f8bc0 .ufunc/vec4 TD_ICESTORM_RAM.pd, 1, o0x138051390 (v0x13186d280_0) S_0x13186d080;
L_0x1319f8ca0 .ufunc/vec4 TD_ICESTORM_RAM.pd, 1, o0x138051360 (v0x13186d280_0) S_0x13186d080;
L_0x1319f89f0 .ufunc/vec4 TD_ICESTORM_RAM.pd, 1, o0x138051330 (v0x13186d280_0) S_0x13186d080;
L_0x1319f8ad0 .ufunc/vec4 TD_ICESTORM_RAM.pd, 1, o0x1380511e0 (v0x13186d280_0) S_0x13186d080;
L_0x1319f8f70 .ufunc/vec4 TD_ICESTORM_RAM.pd, 1, o0x1380511b0 (v0x13186d280_0) S_0x13186d080;
LS_0x1319f9050_0_0 .concat [ 1 1 1 1], L_0x1319f8f70, L_0x1319f8ad0, L_0x1319f89f0, L_0x1319f8ca0;
LS_0x1319f9050_0_4 .concat [ 1 1 1 1], L_0x1319f8bc0, L_0x1319f87c0, L_0x1319f86e0, L_0x1319f8930;
LS_0x1319f9050_0_8 .concat [ 1 1 1 1], L_0x1319f8890, L_0x1319f84b0, L_0x1319f8410, L_0x1319f8640;
LS_0x1319f9050_0_12 .concat [ 1 1 1 1], L_0x1319f85a0, L_0x1319f8020, L_0x1319f7f80, L_0x1319f8370;
L_0x1319f9050 .concat [ 4 4 4 4], LS_0x1319f9050_0_0, LS_0x1319f9050_0_4, LS_0x1319f9050_0_8, LS_0x1319f9050_0_12;
L_0x1319f8d80 .ufunc/vec4 TD_ICESTORM_RAM.pd, 1, o0x138051e10 (v0x13186d280_0) S_0x13186d080;
L_0x1319f8e20 .ufunc/vec4 TD_ICESTORM_RAM.pd, 1, o0x138051de0 (v0x13186d280_0) S_0x13186d080;
L_0x1319f8ec0 .ufunc/vec4 TD_ICESTORM_RAM.pd, 1, o0x138051db0 (v0x13186d280_0) S_0x13186d080;
L_0x1319f97d0 .ufunc/vec4 TD_ICESTORM_RAM.pd, 1, o0x138051d80 (v0x13186d280_0) S_0x13186d080;
L_0x1319f95c0 .ufunc/vec4 TD_ICESTORM_RAM.pd, 1, o0x138051d50 (v0x13186d280_0) S_0x13186d080;
L_0x1319f9660 .ufunc/vec4 TD_ICESTORM_RAM.pd, 1, o0x138051d20 (v0x13186d280_0) S_0x13186d080;
L_0x1319f9700 .ufunc/vec4 TD_ICESTORM_RAM.pd, 1, o0x138051f90 (v0x13186d280_0) S_0x13186d080;
L_0x1319f9aa0 .ufunc/vec4 TD_ICESTORM_RAM.pd, 1, o0x138051f60 (v0x13186d280_0) S_0x13186d080;
L_0x1319f9870 .ufunc/vec4 TD_ICESTORM_RAM.pd, 1, o0x138051f30 (v0x13186d280_0) S_0x13186d080;
L_0x1319f9910 .ufunc/vec4 TD_ICESTORM_RAM.pd, 1, o0x138051f00 (v0x13186d280_0) S_0x13186d080;
L_0x1319f99b0 .ufunc/vec4 TD_ICESTORM_RAM.pd, 1, o0x138051ed0 (v0x13186d280_0) S_0x13186d080;
L_0x1319f9d90 .ufunc/vec4 TD_ICESTORM_RAM.pd, 1, o0x138051ea0 (v0x13186d280_0) S_0x13186d080;
L_0x1319f9b40 .ufunc/vec4 TD_ICESTORM_RAM.pd, 1, o0x138051e70 (v0x13186d280_0) S_0x13186d080;
L_0x1319f9c20 .ufunc/vec4 TD_ICESTORM_RAM.pd, 1, o0x138051e40 (v0x13186d280_0) S_0x13186d080;
L_0x1319fa0e0 .ufunc/vec4 TD_ICESTORM_RAM.pd, 1, o0x138051cf0 (v0x13186d280_0) S_0x13186d080;
L_0x1319fa180 .ufunc/vec4 TD_ICESTORM_RAM.pd, 1, o0x138051cc0 (v0x13186d280_0) S_0x13186d080;
LS_0x1319f9e70_0_0 .concat [ 1 1 1 1], L_0x1319fa180, L_0x1319fa0e0, L_0x1319f9c20, L_0x1319f9b40;
LS_0x1319f9e70_0_4 .concat [ 1 1 1 1], L_0x1319f9d90, L_0x1319f99b0, L_0x1319f9910, L_0x1319f9870;
LS_0x1319f9e70_0_8 .concat [ 1 1 1 1], L_0x1319f9aa0, L_0x1319f9700, L_0x1319f9660, L_0x1319f95c0;
LS_0x1319f9e70_0_12 .concat [ 1 1 1 1], L_0x1319f97d0, L_0x1319f8ec0, L_0x1319f8e20, L_0x1319f8d80;
L_0x1319f9e70 .concat [ 4 4 4 4], LS_0x1319f9e70_0_0, LS_0x1319f9e70_0_4, LS_0x1319f9e70_0_8, LS_0x1319f9e70_0_12;
S_0x131890620 .scope module, "RAM" "SB_RAM40_4K" 3 3233, 3 1487 0, S_0x131994b50;
 .timescale -12 -12;
    .port_info 0 /OUTPUT 16 "RDATA";
    .port_info 1 /INPUT 1 "RCLK";
    .port_info 2 /INPUT 1 "RCLKE";
    .port_info 3 /INPUT 1 "RE";
    .port_info 4 /INPUT 11 "RADDR";
    .port_info 5 /INPUT 1 "WCLK";
    .port_info 6 /INPUT 1 "WCLKE";
    .port_info 7 /INPUT 1 "WE";
    .port_info 8 /INPUT 11 "WADDR";
    .port_info 9 /INPUT 16 "MASK";
    .port_info 10 /INPUT 16 "WDATA";
P_0x132054600 .param/l "INIT_0" 0 3 1507, C4<0000000000000000000000000000000000000000000000000000000000000000000000000000000000000000000000000000000000000000000000000000000000000000000000000000000000000000000000000000000000000000000000000000000000000000000000000000000000000000000000000000000000000000>;
P_0x132054640 .param/l "INIT_1" 0 3 1508, C4<0000000000000000000000000000000000000000000000000000000000000000000000000000000000000000000000000000000000000000000000000000000000000000000000000000000000000000000000000000000000000000000000000000000000000000000000000000000000000000000000000000000000000000>;
P_0x132054680 .param/l "INIT_2" 0 3 1509, C4<0000000000000000000000000000000000000000000000000000000000000000000000000000000000000000000000000000000000000000000000000000000000000000000000000000000000000000000000000000000000000000000000000000000000000000000000000000000000000000000000000000000000000000>;
P_0x1320546c0 .param/l "INIT_3" 0 3 1510, C4<0000000000000000000000000000000000000000000000000000000000000000000000000000000000000000000000000000000000000000000000000000000000000000000000000000000000000000000000000000000000000000000000000000000000000000000000000000000000000000000000000000000000000000>;
P_0x132054700 .param/l "INIT_4" 0 3 1511, C4<0000000000000000000000000000000000000000000000000000000000000000000000000000000000000000000000000000000000000000000000000000000000000000000000000000000000000000000000000000000000000000000000000000000000000000000000000000000000000000000000000000000000000000>;
P_0x132054740 .param/l "INIT_5" 0 3 1512, C4<0000000000000000000000000000000000000000000000000000000000000000000000000000000000000000000000000000000000000000000000000000000000000000000000000000000000000000000000000000000000000000000000000000000000000000000000000000000000000000000000000000000000000000>;
P_0x132054780 .param/l "INIT_6" 0 3 1513, C4<0000000000000000000000000000000000000000000000000000000000000000000000000000000000000000000000000000000000000000000000000000000000000000000000000000000000000000000000000000000000000000000000000000000000000000000000000000000000000000000000000000000000000000>;
P_0x1320547c0 .param/l "INIT_7" 0 3 1514, C4<0000000000000000000000000000000000000000000000000000000000000000000000000000000000000000000000000000000000000000000000000000000000000000000000000000000000000000000000000000000000000000000000000000000000000000000000000000000000000000000000000000000000000000>;
P_0x132054800 .param/l "INIT_8" 0 3 1515, C4<0000000000000000000000000000000000000000000000000000000000000000000000000000000000000000000000000000000000000000000000000000000000000000000000000000000000000000000000000000000000000000000000000000000000000000000000000000000000000000000000000000000000000000>;
P_0x132054840 .param/l "INIT_9" 0 3 1516, C4<0000000000000000000000000000000000000000000000000000000000000000000000000000000000000000000000000000000000000000000000000000000000000000000000000000000000000000000000000000000000000000000000000000000000000000000000000000000000000000000000000000000000000000>;
P_0x132054880 .param/l "INIT_A" 0 3 1517, C4<0000000000000000000000000000000000000000000000000000000000000000000000000000000000000000000000000000000000000000000000000000000000000000000000000000000000000000000000000000000000000000000000000000000000000000000000000000000000000000000000000000000000000000>;
P_0x1320548c0 .param/l "INIT_B" 0 3 1518, C4<0000000000000000000000000000000000000000000000000000000000000000000000000000000000000000000000000000000000000000000000000000000000000000000000000000000000000000000000000000000000000000000000000000000000000000000000000000000000000000000000000000000000000000>;
P_0x132054900 .param/l "INIT_C" 0 3 1519, C4<0000000000000000000000000000000000000000000000000000000000000000000000000000000000000000000000000000000000000000000000000000000000000000000000000000000000000000000000000000000000000000000000000000000000000000000000000000000000000000000000000000000000000000>;
P_0x132054940 .param/l "INIT_D" 0 3 1520, C4<0000000000000000000000000000000000000000000000000000000000000000000000000000000000000000000000000000000000000000000000000000000000000000000000000000000000000000000000000000000000000000000000000000000000000000000000000000000000000000000000000000000000000000>;
P_0x132054980 .param/l "INIT_E" 0 3 1521, C4<0000000000000000000000000000000000000000000000000000000000000000000000000000000000000000000000000000000000000000000000000000000000000000000000000000000000000000000000000000000000000000000000000000000000000000000000000000000000000000000000000000000000000000>;
P_0x1320549c0 .param/l "INIT_F" 0 3 1522, C4<0000000000000000000000000000000000000000000000000000000000000000000000000000000000000000000000000000000000000000000000000000000000000000000000000000000000000000000000000000000000000000000000000000000000000000000000000000000000000000000000000000000000000000>;
P_0x132054a00 .param/str "INIT_FILE" 0 3 1524, "\000";
P_0x132054a40 .param/l "READ_MODE" 0 3 1505, +C4<00000000000000000000000000000000>;
P_0x132054a80 .param/l "WRITE_MODE" 0 3 1504, +C4<00000000000000000000000000000000>;
v0x1318812b0_0 .net "MASK", 15 0, L_0x1319f9050;  1 drivers
v0x131952e50_0 .net "RADDR", 10 0, L_0x1319f6cf0;  1 drivers
v0x1319520f0_0 .net "RCLK", 0 0, L_0x1319f5a10;  1 drivers
v0x131951390_0 .net "RCLKE", 0 0, L_0x1319f6410;  1 drivers
v0x13187f2b0_0 .net "RDATA", 15 0, v0x13187f340_0;  1 drivers
v0x13187f340_0 .var "RDATA_I", 15 0;
v0x13187f3d0_0 .net "RE", 0 0, L_0x1319f64b0;  1 drivers
L_0x1380882e0 .functor BUFT 1, C4<0000000000000000>, C4<0>, C4<0>, C4<0>;
v0x13186a5b0_0 .net "RMASK_I", 15 0, L_0x1380882e0;  1 drivers
v0x13186a640_0 .net "WADDR", 10 0, L_0x1319f7ca0;  1 drivers
v0x13186a6d0_0 .net "WCLK", 0 0, L_0x1319f6eb0;  1 drivers
v0x13186a760_0 .net "WCLKE", 0 0, L_0x1319f74e0;  1 drivers
v0x13186a7f0_0 .net "WDATA", 15 0, L_0x1319f9e70;  1 drivers
v0x13186a880_0 .net "WDATA_I", 15 0, L_0x1319f52b0;  1 drivers
v0x131867af0_0 .net "WE", 0 0, L_0x1319f7340;  1 drivers
v0x131867b80_0 .net "WMASK_I", 15 0, L_0x1319f5240;  1 drivers
v0x131867c10_0 .var/i "i", 31 0;
v0x131867ca0 .array "memory", 255 0, 15 0;
E_0x1318d5970 .event posedge, v0x1319520f0_0;
E_0x13185c4d0 .event posedge, v0x13186a6d0_0;
S_0x13185f280 .scope generate, "genblk1" "genblk1" 3 1534, 3 1534 0, S_0x131890620;
 .timescale -12 -12;
L_0x1319f5240 .functor BUFZ 16, L_0x1319f9050, C4<0000000000000000>, C4<0000000000000000>, C4<0000000000000000>;
S_0x131880fd0 .scope generate, "genblk2" "genblk2" 3 1555, 3 1555 0, S_0x131890620;
 .timescale -12 -12;
S_0x131881140 .scope generate, "genblk3" "genblk3" 3 1576, 3 1576 0, S_0x131890620;
 .timescale -12 -12;
L_0x1319f52b0 .functor BUFZ 16, L_0x1319f9e70, C4<0000000000000000>, C4<0000000000000000>, C4<0000000000000000>;
S_0x13187f140 .scope generate, "genblk4" "genblk4" 3 1595, 3 1595 0, S_0x131890620;
 .timescale -12 -12;
S_0x13186d080 .scope function.vec4.s1, "pd" "pd" 3 3200, 3 3200 0, S_0x131994b50;
 .timescale -12 -12;
; Variable pd is vec4 return value of scope S_0x13186d080
v0x13186d280_0 .var "x", 0 0;
TD_ICESTORM_RAM.pd ;
    %load/vec4 v0x13186d280_0;
    %cmpi/e 0, 1, 1;
    %flag_mov 8, 6;
    %jmp/0 T_0.0, 8;
    %pushi/vec4 0, 0, 1;
    %jmp/1 T_0.1, 8;
T_0.0 ; End of true expr.
    %load/vec4 v0x13186d280_0;
    %jmp/0 T_0.1, 8;
 ; End of false expr.
    %blend;
T_0.1;
    %ret/vec4 0, 0, 1;  Assign to pd (store_vec4_to_lval)
    %end;
S_0x131873110 .scope function.vec4.s1, "pu" "pu" 3 3207, 3 3207 0, S_0x131994b50;
 .timescale -12 -12;
; Variable pu is vec4 return value of scope S_0x131873110
v0x131873280_0 .var "x", 0 0;
TD_ICESTORM_RAM.pu ;
    %load/vec4 v0x131873280_0;
    %cmpi/e 0, 1, 1;
    %flag_mov 8, 6;
    %jmp/0 T_1.2, 8;
    %pushi/vec4 1, 0, 1;
    %jmp/1 T_1.3, 8;
T_1.2 ; End of true expr.
    %load/vec4 v0x131873280_0;
    %jmp/0 T_1.3, 8;
 ; End of false expr.
    %blend;
T_1.3;
    %ret/vec4 0, 0, 1;  Assign to pu (store_vec4_to_lval)
    %end;
S_0x131991350 .scope module, "Lab2" "Lab2" 4 1;
 .timescale -12 -12;
    .port_info 0 /INPUT 4 "SW";
    .port_info 1 /OUTPUT 1 "LEDR";
v0x13188fe70_0 .net "LEDR", 0 0, L_0x1319faa60;  1 drivers
o0x138053bb0 .functor BUFZ 4, c4<zzzz>; HiZ drive
v0x13188ff00_0 .net "SW", 3 0, o0x138053bb0;  0 drivers
L_0x1319fab90 .part o0x138053bb0, 2, 1;
L_0x1319fac30 .part o0x138053bb0, 0, 1;
L_0x1319fad10 .part o0x138053bb0, 1, 1;
L_0x1319fadf0 .part o0x138053bb0, 3, 1;
S_0x1318c8d90 .scope module, "MS" "Museum_Security" 4 7, 5 1 0, S_0x131991350;
 .timescale -12 -12;
    .port_info 0 /INPUT 1 "D";
    .port_info 1 /INPUT 1 "V";
    .port_info 2 /INPUT 1 "M";
    .port_info 3 /INPUT 1 "H";
    .port_info 4 /OUTPUT 1 "A";
L_0x1319fa7a0 .functor OR 1, L_0x1319fab90, L_0x1319fac30, C4<0>, C4<0>;
L_0x1319fa810 .functor OR 1, L_0x1319fa7a0, L_0x1319fad10, C4<0>, C4<0>;
L_0x1319fa8c0 .functor AND 1, L_0x1319fadf0, L_0x1319fa810, C4<1>, C4<1>;
L_0x1319fa970 .functor AND 1, L_0x1319fab90, L_0x1319fac30, C4<1>, C4<1>;
L_0x1319faa60 .functor OR 1, L_0x1319fa8c0, L_0x1319fa970, C4<0>, C4<0>;
v0x131880800_0 .net "A", 0 0, L_0x1319faa60;  alias, 1 drivers
v0x131880890_0 .net "D", 0 0, L_0x1319fab90;  1 drivers
v0x131880920_0 .net "H", 0 0, L_0x1319fadf0;  1 drivers
v0x1318809b0_0 .net "M", 0 0, L_0x1319fad10;  1 drivers
v0x131880a40_0 .net "V", 0 0, L_0x1319fac30;  1 drivers
v0x131880ad0_0 .net *"_ivl_0", 0 0, L_0x1319fa7a0;  1 drivers
v0x13188fcc0_0 .net *"_ivl_2", 0 0, L_0x1319fa810;  1 drivers
v0x13188fd50_0 .net *"_ivl_4", 0 0, L_0x1319fa8c0;  1 drivers
v0x13188fde0_0 .net *"_ivl_6", 0 0, L_0x1319fa970;  1 drivers
S_0x1319907a0 .scope module, "SB_CARRY" "SB_CARRY" 3 228;
 .timescale -12 -12;
    .port_info 0 /OUTPUT 1 "CO";
    .port_info 1 /INPUT 1 "I0";
    .port_info 2 /INPUT 1 "I1";
    .port_info 3 /INPUT 1 "CI";
o0x138053ca0 .functor BUFZ 1, c4<z>; HiZ drive
o0x138053cd0 .functor BUFZ 1, c4<z>; HiZ drive
L_0x1319faf50 .functor AND 1, o0x138053ca0, o0x138053cd0, C4<1>, C4<1>;
L_0x1319fafc0 .functor OR 1, o0x138053ca0, o0x138053cd0, C4<0>, C4<0>;
o0x138053c40 .functor BUFZ 1, c4<z>; HiZ drive
L_0x1319fb070 .functor AND 1, L_0x1319fafc0, o0x138053c40, C4<1>, C4<1>;
L_0x1319fb120 .functor OR 1, L_0x1319faf50, L_0x1319fb070, C4<0>, C4<0>;
v0x13188ff90_0 .net "CI", 0 0, o0x138053c40;  0 drivers
v0x131890020_0 .net "CO", 0 0, L_0x1319fb120;  1 drivers
v0x1319d1710_0 .net "I0", 0 0, o0x138053ca0;  0 drivers
v0x1319d17a0_0 .net "I1", 0 0, o0x138053cd0;  0 drivers
v0x1319d1830_0 .net *"_ivl_1", 0 0, L_0x1319faf50;  1 drivers
v0x1319d18c0_0 .net *"_ivl_3", 0 0, L_0x1319fafc0;  1 drivers
v0x1319d1950_0 .net *"_ivl_5", 0 0, L_0x1319fb070;  1 drivers
S_0x13198fba0 .scope module, "SB_DFF" "SB_DFF" 3 265;
 .timescale -12 -12;
    .port_info 0 /OUTPUT 1 "Q";
    .port_info 1 /INPUT 1 "C";
    .port_info 2 /INPUT 1 "D";
o0x138053e50 .functor BUFZ 1, c4<z>; HiZ drive
v0x1319d19e0_0 .net "C", 0 0, o0x138053e50;  0 drivers
o0x138053e80 .functor BUFZ 1, c4<z>; HiZ drive
v0x1319d1a70_0 .net "D", 0 0, o0x138053e80;  0 drivers
v0x1319d1b00_0 .var "Q", 0 0;
E_0x131831c40 .event posedge, v0x1319d19e0_0;
S_0x13198d6c0 .scope module, "SB_DFFE" "SB_DFFE" 3 303;
 .timescale -12 -12;
    .port_info 0 /OUTPUT 1 "Q";
    .port_info 1 /INPUT 1 "C";
    .port_info 2 /INPUT 1 "E";
    .port_info 3 /INPUT 1 "D";
o0x138053f70 .functor BUFZ 1, c4<z>; HiZ drive
v0x1319d1b90_0 .net "C", 0 0, o0x138053f70;  0 drivers
o0x138053fa0 .functor BUFZ 1, c4<z>; HiZ drive
v0x1319d1c20_0 .net "D", 0 0, o0x138053fa0;  0 drivers
o0x138053fd0 .functor BUFZ 1, c4<z>; HiZ drive
v0x1319d1cb0_0 .net "E", 0 0, o0x138053fd0;  0 drivers
v0x1319d1d40_0 .var "Q", 0 0;
E_0x13186c500 .event posedge, v0x1319d1b90_0;
S_0x1319a27c0 .scope module, "SB_DFFER" "SB_DFFER" 3 653;
 .timescale -12 -12;
    .port_info 0 /OUTPUT 1 "Q";
    .port_info 1 /INPUT 1 "C";
    .port_info 2 /INPUT 1 "E";
    .port_info 3 /INPUT 1 "R";
    .port_info 4 /INPUT 1 "D";
o0x1380540f0 .functor BUFZ 1, c4<z>; HiZ drive
v0x1319d1dd0_0 .net "C", 0 0, o0x1380540f0;  0 drivers
o0x138054120 .functor BUFZ 1, c4<z>; HiZ drive
v0x1319d1e60_0 .net "D", 0 0, o0x138054120;  0 drivers
o0x138054150 .functor BUFZ 1, c4<z>; HiZ drive
v0x1319d1ef0_0 .net "E", 0 0, o0x138054150;  0 drivers
v0x1319d1f80_0 .var "Q", 0 0;
o0x1380541b0 .functor BUFZ 1, c4<z>; HiZ drive
v0x1319d2010_0 .net "R", 0 0, o0x1380541b0;  0 drivers
E_0x13186c640 .event posedge, v0x1319d2010_0, v0x1319d1dd0_0;
S_0x13198eff0 .scope module, "SB_DFFES" "SB_DFFES" 3 794;
 .timescale -12 -12;
    .port_info 0 /OUTPUT 1 "Q";
    .port_info 1 /INPUT 1 "C";
    .port_info 2 /INPUT 1 "E";
    .port_info 3 /INPUT 1 "S";
    .port_info 4 /INPUT 1 "D";
o0x1380542d0 .functor BUFZ 1, c4<z>; HiZ drive
v0x1319d20a0_0 .net "C", 0 0, o0x1380542d0;  0 drivers
o0x138054300 .functor BUFZ 1, c4<z>; HiZ drive
v0x1319d2130_0 .net "D", 0 0, o0x138054300;  0 drivers
o0x138054330 .functor BUFZ 1, c4<z>; HiZ drive
v0x1319d21c0_0 .net "E", 0 0, o0x138054330;  0 drivers
v0x1319d2250_0 .var "Q", 0 0;
o0x138054390 .functor BUFZ 1, c4<z>; HiZ drive
v0x1319d22e0_0 .net "S", 0 0, o0x138054390;  0 drivers
E_0x13186c920 .event posedge, v0x1319d22e0_0, v0x1319d20a0_0;
S_0x13199dbe0 .scope module, "SB_DFFESR" "SB_DFFESR" 3 592;
 .timescale -12 -12;
    .port_info 0 /OUTPUT 1 "Q";
    .port_info 1 /INPUT 1 "C";
    .port_info 2 /INPUT 1 "E";
    .port_info 3 /INPUT 1 "R";
    .port_info 4 /INPUT 1 "D";
o0x1380544b0 .functor BUFZ 1, c4<z>; HiZ drive
v0x1319d2370_0 .net "C", 0 0, o0x1380544b0;  0 drivers
o0x1380544e0 .functor BUFZ 1, c4<z>; HiZ drive
v0x1319d2400_0 .net "D", 0 0, o0x1380544e0;  0 drivers
o0x138054510 .functor BUFZ 1, c4<z>; HiZ drive
v0x1319d2490_0 .net "E", 0 0, o0x138054510;  0 drivers
v0x1319d2520_0 .var "Q", 0 0;
o0x138054570 .functor BUFZ 1, c4<z>; HiZ drive
v0x1319d25b0_0 .net "R", 0 0, o0x138054570;  0 drivers
E_0x1318699f0 .event posedge, v0x1319d2370_0;
S_0x131999660 .scope module, "SB_DFFESS" "SB_DFFESS" 3 733;
 .timescale -12 -12;
    .port_info 0 /OUTPUT 1 "Q";
    .port_info 1 /INPUT 1 "C";
    .port_info 2 /INPUT 1 "E";
    .port_info 3 /INPUT 1 "S";
    .port_info 4 /INPUT 1 "D";
o0x138054690 .functor BUFZ 1, c4<z>; HiZ drive
v0x1319d2640_0 .net "C", 0 0, o0x138054690;  0 drivers
o0x1380546c0 .functor BUFZ 1, c4<z>; HiZ drive
v0x1319d26d0_0 .net "D", 0 0, o0x1380546c0;  0 drivers
o0x1380546f0 .functor BUFZ 1, c4<z>; HiZ drive
v0x1319d2760_0 .net "E", 0 0, o0x1380546f0;  0 drivers
v0x1319d27f0_0 .var "Q", 0 0;
o0x138054750 .functor BUFZ 1, c4<z>; HiZ drive
v0x1319d2880_0 .net "S", 0 0, o0x138054750;  0 drivers
E_0x131869b60 .event posedge, v0x1319d2640_0;
S_0x13198acf0 .scope module, "SB_DFFN" "SB_DFFN" 3 876;
 .timescale -12 -12;
    .port_info 0 /OUTPUT 1 "Q";
    .port_info 1 /INPUT 1 "C";
    .port_info 2 /INPUT 1 "D";
o0x138054870 .functor BUFZ 1, c4<z>; HiZ drive
v0x1319d2910_0 .net "C", 0 0, o0x138054870;  0 drivers
o0x1380548a0 .functor BUFZ 1, c4<z>; HiZ drive
v0x1319d29a0_0 .net "D", 0 0, o0x1380548a0;  0 drivers
v0x1319d2a30_0 .var "Q", 0 0;
E_0x131869e20 .event negedge, v0x1319d2910_0;
S_0x13198cfd0 .scope module, "SB_DFFNE" "SB_DFFNE" 3 914;
 .timescale -12 -12;
    .port_info 0 /OUTPUT 1 "Q";
    .port_info 1 /INPUT 1 "C";
    .port_info 2 /INPUT 1 "E";
    .port_info 3 /INPUT 1 "D";
o0x138054990 .functor BUFZ 1, c4<z>; HiZ drive
v0x1319d2ac0_0 .net "C", 0 0, o0x138054990;  0 drivers
o0x1380549c0 .functor BUFZ 1, c4<z>; HiZ drive
v0x1319d2b50_0 .net "D", 0 0, o0x1380549c0;  0 drivers
o0x1380549f0 .functor BUFZ 1, c4<z>; HiZ drive
v0x1319d2be0_0 .net "E", 0 0, o0x1380549f0;  0 drivers
v0x1319d2c70_0 .var "Q", 0 0;
E_0x13186a090 .event negedge, v0x1319d2ac0_0;
S_0x13198c330 .scope module, "SB_DFFNER" "SB_DFFNER" 3 1264;
 .timescale -12 -12;
    .port_info 0 /OUTPUT 1 "Q";
    .port_info 1 /INPUT 1 "C";
    .port_info 2 /INPUT 1 "E";
    .port_info 3 /INPUT 1 "R";
    .port_info 4 /INPUT 1 "D";
o0x138054b10 .functor BUFZ 1, c4<z>; HiZ drive
v0x1319d2d00_0 .net "C", 0 0, o0x138054b10;  0 drivers
o0x138054b40 .functor BUFZ 1, c4<z>; HiZ drive
v0x1319d2d90_0 .net "D", 0 0, o0x138054b40;  0 drivers
o0x138054b70 .functor BUFZ 1, c4<z>; HiZ drive
v0x1319d2e20_0 .net "E", 0 0, o0x138054b70;  0 drivers
v0x1319d2eb0_0 .var "Q", 0 0;
o0x138054bd0 .functor BUFZ 1, c4<z>; HiZ drive
v0x1319d2f40_0 .net "R", 0 0, o0x138054bd0;  0 drivers
E_0x13186f380/0 .event negedge, v0x1319d2d00_0;
E_0x13186f380/1 .event posedge, v0x1319d2f40_0;
E_0x13186f380 .event/or E_0x13186f380/0, E_0x13186f380/1;
S_0x13198b810 .scope module, "SB_DFFNES" "SB_DFFNES" 3 1405;
 .timescale -12 -12;
    .port_info 0 /OUTPUT 1 "Q";
    .port_info 1 /INPUT 1 "C";
    .port_info 2 /INPUT 1 "E";
    .port_info 3 /INPUT 1 "S";
    .port_info 4 /INPUT 1 "D";
o0x138054cf0 .functor BUFZ 1, c4<z>; HiZ drive
v0x1319d2fd0_0 .net "C", 0 0, o0x138054cf0;  0 drivers
o0x138054d20 .functor BUFZ 1, c4<z>; HiZ drive
v0x1319d3060_0 .net "D", 0 0, o0x138054d20;  0 drivers
o0x138054d50 .functor BUFZ 1, c4<z>; HiZ drive
v0x1319d30f0_0 .net "E", 0 0, o0x138054d50;  0 drivers
v0x1319d3180_0 .var "Q", 0 0;
o0x138054db0 .functor BUFZ 1, c4<z>; HiZ drive
v0x1319d3210_0 .net "S", 0 0, o0x138054db0;  0 drivers
E_0x13186fd30/0 .event negedge, v0x1319d2fd0_0;
E_0x13186fd30/1 .event posedge, v0x1319d3210_0;
E_0x13186fd30 .event/or E_0x13186fd30/0, E_0x13186fd30/1;
S_0x13196ed20 .scope module, "SB_DFFNESR" "SB_DFFNESR" 3 1203;
 .timescale -12 -12;
    .port_info 0 /OUTPUT 1 "Q";
    .port_info 1 /INPUT 1 "C";
    .port_info 2 /INPUT 1 "E";
    .port_info 3 /INPUT 1 "R";
    .port_info 4 /INPUT 1 "D";
o0x138054ed0 .functor BUFZ 1, c4<z>; HiZ drive
v0x1319d32a0_0 .net "C", 0 0, o0x138054ed0;  0 drivers
o0x138054f00 .functor BUFZ 1, c4<z>; HiZ drive
v0x1319d3330_0 .net "D", 0 0, o0x138054f00;  0 drivers
o0x138054f30 .functor BUFZ 1, c4<z>; HiZ drive
v0x1319d33c0_0 .net "E", 0 0, o0x138054f30;  0 drivers
v0x1319d3450_0 .var "Q", 0 0;
o0x138054f90 .functor BUFZ 1, c4<z>; HiZ drive
v0x1319d34e0_0 .net "R", 0 0, o0x138054f90;  0 drivers
E_0x13186f230 .event negedge, v0x1319d32a0_0;
S_0x131968810 .scope module, "SB_DFFNESS" "SB_DFFNESS" 3 1344;
 .timescale -12 -12;
    .port_info 0 /OUTPUT 1 "Q";
    .port_info 1 /INPUT 1 "C";
    .port_info 2 /INPUT 1 "E";
    .port_info 3 /INPUT 1 "S";
    .port_info 4 /INPUT 1 "D";
o0x1380550b0 .functor BUFZ 1, c4<z>; HiZ drive
v0x1319d3570_0 .net "C", 0 0, o0x1380550b0;  0 drivers
o0x1380550e0 .functor BUFZ 1, c4<z>; HiZ drive
v0x1319d3600_0 .net "D", 0 0, o0x1380550e0;  0 drivers
o0x138055110 .functor BUFZ 1, c4<z>; HiZ drive
v0x1319d3690_0 .net "E", 0 0, o0x138055110;  0 drivers
v0x1319d3720_0 .var "Q", 0 0;
o0x138055170 .functor BUFZ 1, c4<z>; HiZ drive
v0x1319d37b0_0 .net "S", 0 0, o0x138055170;  0 drivers
E_0x1318756e0 .event negedge, v0x1319d3570_0;
S_0x13196b590 .scope module, "SB_DFFNR" "SB_DFFNR" 3 1011;
 .timescale -12 -12;
    .port_info 0 /OUTPUT 1 "Q";
    .port_info 1 /INPUT 1 "C";
    .port_info 2 /INPUT 1 "R";
    .port_info 3 /INPUT 1 "D";
o0x138055290 .functor BUFZ 1, c4<z>; HiZ drive
v0x1319d3840_0 .net "C", 0 0, o0x138055290;  0 drivers
o0x1380552c0 .functor BUFZ 1, c4<z>; HiZ drive
v0x1319d38d0_0 .net "D", 0 0, o0x1380552c0;  0 drivers
v0x1319d3960_0 .var "Q", 0 0;
o0x138055320 .functor BUFZ 1, c4<z>; HiZ drive
v0x1319d39f0_0 .net "R", 0 0, o0x138055320;  0 drivers
E_0x1318755e0/0 .event negedge, v0x1319d3840_0;
E_0x1318755e0/1 .event posedge, v0x1319d39f0_0;
E_0x1318755e0 .event/or E_0x1318755e0/0, E_0x1318755e0/1;
S_0x1319680d0 .scope module, "SB_DFFNS" "SB_DFFNS" 3 1132;
 .timescale -12 -12;
    .port_info 0 /OUTPUT 1 "Q";
    .port_info 1 /INPUT 1 "C";
    .port_info 2 /INPUT 1 "S";
    .port_info 3 /INPUT 1 "D";
o0x138055410 .functor BUFZ 1, c4<z>; HiZ drive
v0x1319d3a80_0 .net "C", 0 0, o0x138055410;  0 drivers
o0x138055440 .functor BUFZ 1, c4<z>; HiZ drive
v0x1319d3b10_0 .net "D", 0 0, o0x138055440;  0 drivers
v0x1319d3ba0_0 .var "Q", 0 0;
o0x1380554a0 .functor BUFZ 1, c4<z>; HiZ drive
v0x1319d3c30_0 .net "S", 0 0, o0x1380554a0;  0 drivers
E_0x131875ea0/0 .event negedge, v0x1319d3a80_0;
E_0x131875ea0/1 .event posedge, v0x1319d3c30_0;
E_0x131875ea0 .event/or E_0x131875ea0/0, E_0x131875ea0/1;
S_0x131976170 .scope module, "SB_DFFNSR" "SB_DFFNSR" 3 961;
 .timescale -12 -12;
    .port_info 0 /OUTPUT 1 "Q";
    .port_info 1 /INPUT 1 "C";
    .port_info 2 /INPUT 1 "R";
    .port_info 3 /INPUT 1 "D";
o0x138055590 .functor BUFZ 1, c4<z>; HiZ drive
v0x1319d3cc0_0 .net "C", 0 0, o0x138055590;  0 drivers
o0x1380555c0 .functor BUFZ 1, c4<z>; HiZ drive
v0x1319d3d50_0 .net "D", 0 0, o0x1380555c0;  0 drivers
v0x1319d3de0_0 .var "Q", 0 0;
o0x138055620 .functor BUFZ 1, c4<z>; HiZ drive
v0x1319d3e70_0 .net "R", 0 0, o0x138055620;  0 drivers
E_0x131875b60 .event negedge, v0x1319d3cc0_0;
S_0x1319728d0 .scope module, "SB_DFFNSS" "SB_DFFNSS" 3 1082;
 .timescale -12 -12;
    .port_info 0 /OUTPUT 1 "Q";
    .port_info 1 /INPUT 1 "C";
    .port_info 2 /INPUT 1 "S";
    .port_info 3 /INPUT 1 "D";
o0x138055710 .functor BUFZ 1, c4<z>; HiZ drive
v0x1319d3f00_0 .net "C", 0 0, o0x138055710;  0 drivers
o0x138055740 .functor BUFZ 1, c4<z>; HiZ drive
v0x1319d3f90_0 .net "D", 0 0, o0x138055740;  0 drivers
v0x1319d4020_0 .var "Q", 0 0;
o0x1380557a0 .functor BUFZ 1, c4<z>; HiZ drive
v0x1319d40b0_0 .net "S", 0 0, o0x1380557a0;  0 drivers
E_0x131872340 .event negedge, v0x1319d3f00_0;
S_0x131958d30 .scope module, "SB_DFFR" "SB_DFFR" 3 400;
 .timescale -12 -12;
    .port_info 0 /OUTPUT 1 "Q";
    .port_info 1 /INPUT 1 "C";
    .port_info 2 /INPUT 1 "R";
    .port_info 3 /INPUT 1 "D";
o0x138055890 .functor BUFZ 1, c4<z>; HiZ drive
v0x1319d4140_0 .net "C", 0 0, o0x138055890;  0 drivers
o0x1380558c0 .functor BUFZ 1, c4<z>; HiZ drive
v0x1319d41d0_0 .net "D", 0 0, o0x1380558c0;  0 drivers
v0x1319d4260_0 .var "Q", 0 0;
o0x138055920 .functor BUFZ 1, c4<z>; HiZ drive
v0x1319d42f0_0 .net "R", 0 0, o0x138055920;  0 drivers
E_0x131872650 .event posedge, v0x1319d42f0_0, v0x1319d4140_0;
S_0x131958340 .scope module, "SB_DFFS" "SB_DFFS" 3 521;
 .timescale -12 -12;
    .port_info 0 /OUTPUT 1 "Q";
    .port_info 1 /INPUT 1 "C";
    .port_info 2 /INPUT 1 "S";
    .port_info 3 /INPUT 1 "D";
o0x138055a10 .functor BUFZ 1, c4<z>; HiZ drive
v0x1319d4380_0 .net "C", 0 0, o0x138055a10;  0 drivers
o0x138055a40 .functor BUFZ 1, c4<z>; HiZ drive
v0x1319d4410_0 .net "D", 0 0, o0x138055a40;  0 drivers
v0x1319d44a0_0 .var "Q", 0 0;
o0x138055aa0 .functor BUFZ 1, c4<z>; HiZ drive
v0x1319d4530_0 .net "S", 0 0, o0x138055aa0;  0 drivers
E_0x131872560 .event posedge, v0x1319d4530_0, v0x1319d4380_0;
S_0x1319576c0 .scope module, "SB_DFFSR" "SB_DFFSR" 3 350;
 .timescale -12 -12;
    .port_info 0 /OUTPUT 1 "Q";
    .port_info 1 /INPUT 1 "C";
    .port_info 2 /INPUT 1 "R";
    .port_info 3 /INPUT 1 "D";
o0x138055b90 .functor BUFZ 1, c4<z>; HiZ drive
v0x1319d45c0_0 .net "C", 0 0, o0x138055b90;  0 drivers
o0x138055bc0 .functor BUFZ 1, c4<z>; HiZ drive
v0x1319d4650_0 .net "D", 0 0, o0x138055bc0;  0 drivers
v0x1319d46e0_0 .var "Q", 0 0;
o0x138055c20 .functor BUFZ 1, c4<z>; HiZ drive
v0x1319d4770_0 .net "R", 0 0, o0x138055c20;  0 drivers
E_0x131872e00 .event posedge, v0x1319d45c0_0;
S_0x131956bc0 .scope module, "SB_DFFSS" "SB_DFFSS" 3 471;
 .timescale -12 -12;
    .port_info 0 /OUTPUT 1 "Q";
    .port_info 1 /INPUT 1 "C";
    .port_info 2 /INPUT 1 "S";
    .port_info 3 /INPUT 1 "D";
o0x138055d10 .functor BUFZ 1, c4<z>; HiZ drive
v0x1319d4800_0 .net "C", 0 0, o0x138055d10;  0 drivers
o0x138055d40 .functor BUFZ 1, c4<z>; HiZ drive
v0x1319d4890_0 .net "D", 0 0, o0x138055d40;  0 drivers
v0x1319d4920_0 .var "Q", 0 0;
o0x138055da0 .functor BUFZ 1, c4<z>; HiZ drive
v0x1319d49b0_0 .net "S", 0 0, o0x138055da0;  0 drivers
E_0x131872ac0 .event posedge, v0x1319d4800_0;
S_0x131950d60 .scope module, "SB_FILTER_50NS" "SB_FILTER_50NS" 3 2856;
 .timescale -12 -12;
    .port_info 0 /INPUT 1 "FILTERIN";
    .port_info 1 /OUTPUT 1 "FILTEROUT";
o0x138055e90 .functor BUFZ 1, c4<z>; HiZ drive
v0x1319d4a40_0 .net "FILTERIN", 0 0, o0x138055e90;  0 drivers
o0x138055ec0 .functor BUFZ 1, c4<z>; HiZ drive
v0x1319d4ad0_0 .net "FILTEROUT", 0 0, o0x138055ec0;  0 drivers
S_0x1319560c0 .scope module, "SB_GB" "SB_GB" 3 162;
 .timescale -12 -12;
    .port_info 0 /INPUT 1 "USER_SIGNAL_TO_GLOBAL_BUFFER";
    .port_info 1 /OUTPUT 1 "GLOBAL_BUFFER_OUTPUT";
o0x138055f80 .functor BUFZ 1, c4<z>; HiZ drive
L_0x1319fb210 .functor BUFZ 1, o0x138055f80, C4<0>, C4<0>, C4<0>;
v0x1319d4b60_0 .net "GLOBAL_BUFFER_OUTPUT", 0 0, L_0x1319fb210;  1 drivers
v0x1319d4bf0_0 .net "USER_SIGNAL_TO_GLOBAL_BUFFER", 0 0, o0x138055f80;  0 drivers
S_0x131955040 .scope module, "SB_GB_IO" "SB_GB_IO" 3 123;
 .timescale -12 -12;
    .port_info 0 /INOUT 1 "PACKAGE_PIN";
    .port_info 1 /OUTPUT 1 "GLOBAL_BUFFER_OUTPUT";
    .port_info 2 /INPUT 1 "LATCH_INPUT_VALUE";
    .port_info 3 /INPUT 1 "CLOCK_ENABLE";
    .port_info 4 /INPUT 1 "INPUT_CLK";
    .port_info 5 /INPUT 1 "OUTPUT_CLK";
    .port_info 6 /INPUT 1 "OUTPUT_ENABLE";
    .port_info 7 /INPUT 1 "D_OUT_0";
    .port_info 8 /INPUT 1 "D_OUT_1";
    .port_info 9 /OUTPUT 1 "D_IN_0";
    .port_info 10 /OUTPUT 1 "D_IN_1";
P_0x1319b36e0 .param/str "IO_STANDARD" 0 3 139, "SB_LVCMOS";
P_0x1319b3720 .param/l "NEG_TRIGGER" 0 3 138, C4<0>;
P_0x1319b3760 .param/l "PIN_TYPE" 0 3 136, C4<000000>;
P_0x1319b37a0 .param/l "PULLUP" 0 3 137, C4<0>;
o0x1380561c0 .functor BUFZ 1, c4<z>; HiZ drive
L_0x1319fb280 .functor BUFZ 1, o0x1380561c0, C4<0>, C4<0>, C4<0>;
o0x138056010 .functor BUFZ 1, c4<z>; HiZ drive
v0x1319d60b0_0 .net "CLOCK_ENABLE", 0 0, o0x138056010;  0 drivers
v0x1319d6140_0 .net "D_IN_0", 0 0, L_0x1319fb4c0;  1 drivers
v0x1319d61d0_0 .net "D_IN_1", 0 0, L_0x1319fb570;  1 drivers
o0x1380560a0 .functor BUFZ 1, c4<z>; HiZ drive
v0x1319d6260_0 .net "D_OUT_0", 0 0, o0x1380560a0;  0 drivers
o0x1380560d0 .functor BUFZ 1, c4<z>; HiZ drive
v0x1319d62f0_0 .net "D_OUT_1", 0 0, o0x1380560d0;  0 drivers
v0x1319d6380_0 .net "GLOBAL_BUFFER_OUTPUT", 0 0, L_0x1319fb280;  1 drivers
o0x138056100 .functor BUFZ 1, c4<z>; HiZ drive
v0x1319d6410_0 .net "INPUT_CLK", 0 0, o0x138056100;  0 drivers
o0x138056130 .functor BUFZ 1, c4<z>; HiZ drive
v0x1319d64a0_0 .net "LATCH_INPUT_VALUE", 0 0, o0x138056130;  0 drivers
o0x138056160 .functor BUFZ 1, c4<z>; HiZ drive
v0x1319d6530_0 .net "OUTPUT_CLK", 0 0, o0x138056160;  0 drivers
o0x138056190 .functor BUFZ 1, c4<z>; HiZ drive
v0x1319d65c0_0 .net "OUTPUT_ENABLE", 0 0, o0x138056190;  0 drivers
v0x1319d6650_0 .net "PACKAGE_PIN", 0 0, o0x1380561c0;  0 drivers
S_0x1319d4c80 .scope module, "IO" "SB_IO" 3 148, 3 17 0, S_0x131955040;
 .timescale -12 -12;
    .port_info 0 /INOUT 1 "PACKAGE_PIN";
    .port_info 1 /INPUT 1 "LATCH_INPUT_VALUE";
    .port_info 2 /INPUT 1 "CLOCK_ENABLE";
    .port_info 3 /INPUT 1 "INPUT_CLK";
    .port_info 4 /INPUT 1 "OUTPUT_CLK";
    .port_info 5 /INPUT 1 "OUTPUT_ENABLE";
    .port_info 6 /INPUT 1 "D_OUT_0";
    .port_info 7 /INPUT 1 "D_OUT_1";
    .port_info 8 /OUTPUT 1 "D_IN_0";
    .port_info 9 /OUTPUT 1 "D_IN_1";
P_0x1319d4df0 .param/str "IO_STANDARD" 0 3 32, "SB_LVCMOS";
P_0x1319d4e30 .param/l "NEG_TRIGGER" 0 3 31, C4<0>;
P_0x1319d4e70 .param/l "PIN_TYPE" 0 3 29, C4<000000>;
P_0x1319d4eb0 .param/l "PULLUP" 0 3 30, C4<0>;
L_0x1319fb410 .functor OR 1, o0x138056010, L_0x1319fb330, C4<0>, C4<0>;
L_0x1319fb4c0 .functor BUFZ 1, v0x1319d5a10_0, C4<0>, C4<0>, C4<0>;
L_0x1319fb570 .functor BUFZ 1, v0x1319d5aa0_0, C4<0>, C4<0>, C4<0>;
v0x1319d51a0_0 .net "CLOCK_ENABLE", 0 0, o0x138056010;  alias, 0 drivers
v0x1319d5230_0 .net "D_IN_0", 0 0, L_0x1319fb4c0;  alias, 1 drivers
v0x1319d52c0_0 .net "D_IN_1", 0 0, L_0x1319fb570;  alias, 1 drivers
v0x1319d5350_0 .net "D_OUT_0", 0 0, o0x1380560a0;  alias, 0 drivers
v0x1319d53e0_0 .net "D_OUT_1", 0 0, o0x1380560d0;  alias, 0 drivers
v0x1319d5470_0 .net "INPUT_CLK", 0 0, o0x138056100;  alias, 0 drivers
v0x1319d5500_0 .net "LATCH_INPUT_VALUE", 0 0, o0x138056130;  alias, 0 drivers
v0x1319d5590_0 .net "OUTPUT_CLK", 0 0, o0x138056160;  alias, 0 drivers
v0x1319d5620_0 .net "OUTPUT_ENABLE", 0 0, o0x138056190;  alias, 0 drivers
v0x1319d56b0_0 .net "PACKAGE_PIN", 0 0, o0x1380561c0;  alias, 0 drivers
o0x1380561f0 .functor BUFZ 1, c4<z>; HiZ drive
; Elide local net with no drivers, v0x1319d5740_0 name=_ivl_0
v0x1319d57d0_0 .net *"_ivl_2", 0 0, L_0x1319fb330;  1 drivers
v0x1319d5860_0 .net "clken_pulled", 0 0, L_0x1319fb410;  1 drivers
v0x1319d58f0_0 .var "clken_pulled_ri", 0 0;
v0x1319d5980_0 .var "clken_pulled_ro", 0 0;
v0x1319d5a10_0 .var "din_0", 0 0;
v0x1319d5aa0_0 .var "din_1", 0 0;
v0x1319d5c30_0 .var "din_q_0", 0 0;
v0x1319d5cc0_0 .var "din_q_1", 0 0;
v0x1319d5d50_0 .var "dout", 0 0;
v0x1319d5de0_0 .var "dout_q_0", 0 0;
v0x1319d5e70_0 .var "dout_q_1", 0 0;
v0x1319d5f00_0 .var "outclk_delayed_1", 0 0;
v0x1319d5f90_0 .var "outclk_delayed_2", 0 0;
v0x1319d6020_0 .var "outena_q", 0 0;
E_0x131807660 .event anyedge, v0x1319d5f90_0, v0x1319d5de0_0, v0x1319d5e70_0;
E_0x1318076a0 .event anyedge, v0x1319d5f00_0;
E_0x131807750 .event anyedge, v0x1319d5590_0;
E_0x131807790 .event anyedge, v0x1319d5c30_0, v0x1319d5cc0_0;
L_0x1319fb330 .cmp/eeq 1, o0x138056010, o0x1380561f0;
S_0x1319d5030 .scope generate, "genblk1" "genblk1" 3 45, 3 45 0, S_0x1319d4c80;
 .timescale -12 -12;
E_0x13187e650 .event posedge, v0x1319d5590_0;
E_0x13187e690 .event negedge, v0x1319d5590_0;
E_0x131811540 .event negedge, v0x1319d5470_0;
E_0x131811770 .event posedge, v0x1319d5470_0;
S_0x1319542e0 .scope module, "SB_HFOSC" "SB_HFOSC" 3 2664;
 .timescale -12 -12;
    .port_info 0 /INPUT 1 "TRIM0";
    .port_info 1 /INPUT 1 "TRIM1";
    .port_info 2 /INPUT 1 "TRIM2";
    .port_info 3 /INPUT 1 "TRIM3";
    .port_info 4 /INPUT 1 "TRIM4";
    .port_info 5 /INPUT 1 "TRIM5";
    .port_info 6 /INPUT 1 "TRIM6";
    .port_info 7 /INPUT 1 "TRIM7";
    .port_info 8 /INPUT 1 "TRIM8";
    .port_info 9 /INPUT 1 "TRIM9";
    .port_info 10 /INPUT 1 "CLKHFPU";
    .port_info 11 /INPUT 1 "CLKHFEN";
    .port_info 12 /OUTPUT 1 "CLKHF";
P_0x131858290 .param/str "CLKHF_DIV" 0 3 2680, "0b00";
P_0x1318582d0 .param/str "TRIM_EN" 0 3 2679, "0b0";
o0x1380568e0 .functor BUFZ 1, c4<z>; HiZ drive
v0x1319d66e0_0 .net "CLKHF", 0 0, o0x1380568e0;  0 drivers
o0x138056910 .functor BUFZ 1, c4<z>; HiZ drive
v0x1319d6770_0 .net "CLKHFEN", 0 0, o0x138056910;  0 drivers
o0x138056940 .functor BUFZ 1, c4<z>; HiZ drive
v0x1319d6800_0 .net "CLKHFPU", 0 0, o0x138056940;  0 drivers
o0x138056970 .functor BUFZ 1, c4<z>; HiZ drive
v0x1319d6890_0 .net "TRIM0", 0 0, o0x138056970;  0 drivers
o0x1380569a0 .functor BUFZ 1, c4<z>; HiZ drive
v0x1319d6920_0 .net "TRIM1", 0 0, o0x1380569a0;  0 drivers
o0x1380569d0 .functor BUFZ 1, c4<z>; HiZ drive
v0x1319d69b0_0 .net "TRIM2", 0 0, o0x1380569d0;  0 drivers
o0x138056a00 .functor BUFZ 1, c4<z>; HiZ drive
v0x1319d6a40_0 .net "TRIM3", 0 0, o0x138056a00;  0 drivers
o0x138056a30 .functor BUFZ 1, c4<z>; HiZ drive
v0x1319d6ad0_0 .net "TRIM4", 0 0, o0x138056a30;  0 drivers
o0x138056a60 .functor BUFZ 1, c4<z>; HiZ drive
v0x1319d6b60_0 .net "TRIM5", 0 0, o0x138056a60;  0 drivers
o0x138056a90 .functor BUFZ 1, c4<z>; HiZ drive
v0x1319d6bf0_0 .net "TRIM6", 0 0, o0x138056a90;  0 drivers
o0x138056ac0 .functor BUFZ 1, c4<z>; HiZ drive
v0x1319d6c80_0 .net "TRIM7", 0 0, o0x138056ac0;  0 drivers
o0x138056af0 .functor BUFZ 1, c4<z>; HiZ drive
v0x1319d6d10_0 .net "TRIM8", 0 0, o0x138056af0;  0 drivers
o0x138056b20 .functor BUFZ 1, c4<z>; HiZ drive
v0x1319d6da0_0 .net "TRIM9", 0 0, o0x138056b20;  0 drivers
S_0x131953580 .scope module, "SB_I2C" "SB_I2C" 3 2733;
 .timescale -12 -12;
    .port_info 0 /INPUT 1 "SBCLKI";
    .port_info 1 /INPUT 1 "SBRWI";
    .port_info 2 /INPUT 1 "SBSTBI";
    .port_info 3 /INPUT 1 "SBADRI7";
    .port_info 4 /INPUT 1 "SBADRI6";
    .port_info 5 /INPUT 1 "SBADRI5";
    .port_info 6 /INPUT 1 "SBADRI4";
    .port_info 7 /INPUT 1 "SBADRI3";
    .port_info 8 /INPUT 1 "SBADRI2";
    .port_info 9 /INPUT 1 "SBADRI1";
    .port_info 10 /INPUT 1 "SBADRI0";
    .port_info 11 /INPUT 1 "SBDATI7";
    .port_info 12 /INPUT 1 "SBDATI6";
    .port_info 13 /INPUT 1 "SBDATI5";
    .port_info 14 /INPUT 1 "SBDATI4";
    .port_info 15 /INPUT 1 "SBDATI3";
    .port_info 16 /INPUT 1 "SBDATI2";
    .port_info 17 /INPUT 1 "SBDATI1";
    .port_info 18 /INPUT 1 "SBDATI0";
    .port_info 19 /INPUT 1 "SCLI";
    .port_info 20 /INPUT 1 "SDAI";
    .port_info 21 /OUTPUT 1 "SBDATO7";
    .port_info 22 /OUTPUT 1 "SBDATO6";
    .port_info 23 /OUTPUT 1 "SBDATO5";
    .port_info 24 /OUTPUT 1 "SBDATO4";
    .port_info 25 /OUTPUT 1 "SBDATO3";
    .port_info 26 /OUTPUT 1 "SBDATO2";
    .port_info 27 /OUTPUT 1 "SBDATO1";
    .port_info 28 /OUTPUT 1 "SBDATO0";
    .port_info 29 /OUTPUT 1 "SBACKO";
    .port_info 30 /OUTPUT 1 "I2CIRQ";
    .port_info 31 /OUTPUT 1 "I2CWKUP";
    .port_info 32 /OUTPUT 1 "SCLO";
    .port_info 33 /OUTPUT 1 "SCLOE";
    .port_info 34 /OUTPUT 1 "SDAO";
    .port_info 35 /OUTPUT 1 "SDAOE";
P_0x1318580a0 .param/str "BUS_ADDR74" 0 3 2772, "0b0001";
P_0x1318580e0 .param/str "I2C_SLAVE_INIT_ADDR" 0 3 2771, "0b1111100001";
o0x138056dc0 .functor BUFZ 1, c4<z>; HiZ drive
v0x1319d6e30_0 .net "I2CIRQ", 0 0, o0x138056dc0;  0 drivers
o0x138056df0 .functor BUFZ 1, c4<z>; HiZ drive
v0x1319d6ec0_0 .net "I2CWKUP", 0 0, o0x138056df0;  0 drivers
o0x138056e20 .functor BUFZ 1, c4<z>; HiZ drive
v0x1319d6f50_0 .net "SBACKO", 0 0, o0x138056e20;  0 drivers
o0x138056e50 .functor BUFZ 1, c4<z>; HiZ drive
v0x1319d6fe0_0 .net "SBADRI0", 0 0, o0x138056e50;  0 drivers
o0x138056e80 .functor BUFZ 1, c4<z>; HiZ drive
v0x1319d7070_0 .net "SBADRI1", 0 0, o0x138056e80;  0 drivers
o0x138056eb0 .functor BUFZ 1, c4<z>; HiZ drive
v0x1319d7100_0 .net "SBADRI2", 0 0, o0x138056eb0;  0 drivers
o0x138056ee0 .functor BUFZ 1, c4<z>; HiZ drive
v0x1319d7190_0 .net "SBADRI3", 0 0, o0x138056ee0;  0 drivers
o0x138056f10 .functor BUFZ 1, c4<z>; HiZ drive
v0x1319d7220_0 .net "SBADRI4", 0 0, o0x138056f10;  0 drivers
o0x138056f40 .functor BUFZ 1, c4<z>; HiZ drive
v0x1319d72b0_0 .net "SBADRI5", 0 0, o0x138056f40;  0 drivers
o0x138056f70 .functor BUFZ 1, c4<z>; HiZ drive
v0x1319d7340_0 .net "SBADRI6", 0 0, o0x138056f70;  0 drivers
o0x138056fa0 .functor BUFZ 1, c4<z>; HiZ drive
v0x1319d73d0_0 .net "SBADRI7", 0 0, o0x138056fa0;  0 drivers
o0x138056fd0 .functor BUFZ 1, c4<z>; HiZ drive
v0x1319d7460_0 .net "SBCLKI", 0 0, o0x138056fd0;  0 drivers
o0x138057000 .functor BUFZ 1, c4<z>; HiZ drive
v0x1319d74f0_0 .net "SBDATI0", 0 0, o0x138057000;  0 drivers
o0x138057030 .functor BUFZ 1, c4<z>; HiZ drive
v0x1319d7580_0 .net "SBDATI1", 0 0, o0x138057030;  0 drivers
o0x138057060 .functor BUFZ 1, c4<z>; HiZ drive
v0x1319d7610_0 .net "SBDATI2", 0 0, o0x138057060;  0 drivers
o0x138057090 .functor BUFZ 1, c4<z>; HiZ drive
v0x1319d76a0_0 .net "SBDATI3", 0 0, o0x138057090;  0 drivers
o0x1380570c0 .functor BUFZ 1, c4<z>; HiZ drive
v0x1319d7730_0 .net "SBDATI4", 0 0, o0x1380570c0;  0 drivers
o0x1380570f0 .functor BUFZ 1, c4<z>; HiZ drive
v0x1319d78c0_0 .net "SBDATI5", 0 0, o0x1380570f0;  0 drivers
o0x138057120 .functor BUFZ 1, c4<z>; HiZ drive
v0x1319d7950_0 .net "SBDATI6", 0 0, o0x138057120;  0 drivers
o0x138057150 .functor BUFZ 1, c4<z>; HiZ drive
v0x1319d79e0_0 .net "SBDATI7", 0 0, o0x138057150;  0 drivers
o0x138057180 .functor BUFZ 1, c4<z>; HiZ drive
v0x1319d7a70_0 .net "SBDATO0", 0 0, o0x138057180;  0 drivers
o0x1380571b0 .functor BUFZ 1, c4<z>; HiZ drive
v0x1319d7b00_0 .net "SBDATO1", 0 0, o0x1380571b0;  0 drivers
o0x1380571e0 .functor BUFZ 1, c4<z>; HiZ drive
v0x1319d7b90_0 .net "SBDATO2", 0 0, o0x1380571e0;  0 drivers
o0x138057210 .functor BUFZ 1, c4<z>; HiZ drive
v0x1319d7c20_0 .net "SBDATO3", 0 0, o0x138057210;  0 drivers
o0x138057240 .functor BUFZ 1, c4<z>; HiZ drive
v0x1319d7cb0_0 .net "SBDATO4", 0 0, o0x138057240;  0 drivers
o0x138057270 .functor BUFZ 1, c4<z>; HiZ drive
v0x1319d7d40_0 .net "SBDATO5", 0 0, o0x138057270;  0 drivers
o0x1380572a0 .functor BUFZ 1, c4<z>; HiZ drive
v0x1319d7dd0_0 .net "SBDATO6", 0 0, o0x1380572a0;  0 drivers
o0x1380572d0 .functor BUFZ 1, c4<z>; HiZ drive
v0x1319d7e60_0 .net "SBDATO7", 0 0, o0x1380572d0;  0 drivers
o0x138057300 .functor BUFZ 1, c4<z>; HiZ drive
v0x1319d7ef0_0 .net "SBRWI", 0 0, o0x138057300;  0 drivers
o0x138057330 .functor BUFZ 1, c4<z>; HiZ drive
v0x1319d7f80_0 .net "SBSTBI", 0 0, o0x138057330;  0 drivers
o0x138057360 .functor BUFZ 1, c4<z>; HiZ drive
v0x1319d8010_0 .net "SCLI", 0 0, o0x138057360;  0 drivers
o0x138057390 .functor BUFZ 1, c4<z>; HiZ drive
v0x1319d80a0_0 .net "SCLO", 0 0, o0x138057390;  0 drivers
o0x1380573c0 .functor BUFZ 1, c4<z>; HiZ drive
v0x1319d8130_0 .net "SCLOE", 0 0, o0x1380573c0;  0 drivers
o0x1380573f0 .functor BUFZ 1, c4<z>; HiZ drive
v0x1319d77c0_0 .net "SDAI", 0 0, o0x1380573f0;  0 drivers
o0x138057420 .functor BUFZ 1, c4<z>; HiZ drive
v0x1319d83c0_0 .net "SDAO", 0 0, o0x138057420;  0 drivers
o0x138057450 .functor BUFZ 1, c4<z>; HiZ drive
v0x1319d8450_0 .net "SDAOE", 0 0, o0x138057450;  0 drivers
S_0x131952820 .scope module, "SB_IO_I3C" "SB_IO_I3C" 3 2862;
 .timescale -12 -12;
    .port_info 0 /INOUT 1 "PACKAGE_PIN";
    .port_info 1 /INPUT 1 "LATCH_INPUT_VALUE";
    .port_info 2 /INPUT 1 "CLOCK_ENABLE";
    .port_info 3 /INPUT 1 "INPUT_CLK";
    .port_info 4 /INPUT 1 "OUTPUT_CLK";
    .port_info 5 /INPUT 1 "OUTPUT_ENABLE";
    .port_info 6 /INPUT 1 "D_OUT_0";
    .port_info 7 /INPUT 1 "D_OUT_1";
    .port_info 8 /OUTPUT 1 "D_IN_0";
    .port_info 9 /OUTPUT 1 "D_IN_1";
    .port_info 10 /INPUT 1 "PU_ENB";
    .port_info 11 /INPUT 1 "WEAK_PU_ENB";
P_0x1319a3140 .param/str "IO_STANDARD" 0 3 2880, "SB_LVCMOS";
P_0x1319a3180 .param/l "NEG_TRIGGER" 0 3 2879, C4<0>;
P_0x1319a31c0 .param/l "PIN_TYPE" 0 3 2876, C4<000000>;
P_0x1319a3200 .param/l "PULLUP" 0 3 2877, C4<0>;
P_0x1319a3240 .param/l "WEAK_PULLUP" 0 3 2878, C4<0>;
L_0x1319fb620 .functor BUFZ 1, v0x1319d8d10_0, C4<0>, C4<0>, C4<0>;
L_0x1319fb6b0 .functor BUFZ 1, v0x1319d8da0_0, C4<0>, C4<0>, C4<0>;
o0x138057b40 .functor BUFZ 1, c4<z>; HiZ drive
v0x1319a3580_0 .net "CLOCK_ENABLE", 0 0, o0x138057b40;  0 drivers
v0x1319a3610_0 .net "D_IN_0", 0 0, L_0x1319fb620;  1 drivers
v0x1319d8770_0 .net "D_IN_1", 0 0, L_0x1319fb6b0;  1 drivers
o0x138057bd0 .functor BUFZ 1, c4<z>; HiZ drive
v0x1319d8800_0 .net "D_OUT_0", 0 0, o0x138057bd0;  0 drivers
o0x138057c00 .functor BUFZ 1, c4<z>; HiZ drive
v0x1319d8890_0 .net "D_OUT_1", 0 0, o0x138057c00;  0 drivers
o0x138057c30 .functor BUFZ 1, c4<z>; HiZ drive
v0x1319d8920_0 .net "INPUT_CLK", 0 0, o0x138057c30;  0 drivers
o0x138057c60 .functor BUFZ 1, c4<z>; HiZ drive
v0x1319d89b0_0 .net "LATCH_INPUT_VALUE", 0 0, o0x138057c60;  0 drivers
o0x138057c90 .functor BUFZ 1, c4<z>; HiZ drive
v0x1319d8a40_0 .net "OUTPUT_CLK", 0 0, o0x138057c90;  0 drivers
o0x138057cc0 .functor BUFZ 1, c4<z>; HiZ drive
v0x1319d8ad0_0 .net "OUTPUT_ENABLE", 0 0, o0x138057cc0;  0 drivers
o0x138057cf0 .functor BUFZ 1, c4<z>; HiZ drive
v0x1319d8b60_0 .net "PACKAGE_PIN", 0 0, o0x138057cf0;  0 drivers
o0x138057d20 .functor BUFZ 1, c4<z>; HiZ drive
v0x1319d8bf0_0 .net "PU_ENB", 0 0, o0x138057d20;  0 drivers
o0x138057d50 .functor BUFZ 1, c4<z>; HiZ drive
v0x1319d8c80_0 .net "WEAK_PU_ENB", 0 0, o0x138057d50;  0 drivers
v0x1319d8d10_0 .var "din_0", 0 0;
v0x1319d8da0_0 .var "din_1", 0 0;
v0x1319d8e30_0 .var "din_q_0", 0 0;
v0x1319d8ec0_0 .var "din_q_1", 0 0;
v0x1319d8f50_0 .var "dout", 0 0;
v0x1319d90e0_0 .var "dout_q_0", 0 0;
v0x1319d9170_0 .var "dout_q_1", 0 0;
v0x1319d9200_0 .var "outclk_delayed_1", 0 0;
v0x1319d9290_0 .var "outclk_delayed_2", 0 0;
v0x1319d9320_0 .var "outena_q", 0 0;
E_0x1318c9d30 .event anyedge, v0x1319d9290_0, v0x1319d90e0_0, v0x1319d9170_0;
E_0x1318c9820 .event anyedge, v0x1319d9200_0;
E_0x1318c9a20 .event anyedge, v0x1319d8a40_0;
E_0x1318c9a60 .event anyedge, v0x1319d8e30_0, v0x1319d8ec0_0;
S_0x1319d8600 .scope generate, "genblk1" "genblk1" 3 2888, 3 2888 0, S_0x131952820;
 .timescale -12 -12;
E_0x1318c9b20 .event posedge, v0x1319d8a40_0;
E_0x1318c9b60 .event negedge, v0x1319d8a40_0;
E_0x1318c9930 .event negedge, v0x1319d8920_0;
E_0x1318c9620 .event posedge, v0x1319d8920_0;
S_0x131951ac0 .scope module, "SB_IO_OD" "SB_IO_OD" 3 2931;
 .timescale -12 -12;
    .port_info 0 /INOUT 1 "PACKAGEPIN";
    .port_info 1 /INPUT 1 "LATCHINPUTVALUE";
    .port_info 2 /INPUT 1 "CLOCKENABLE";
    .port_info 3 /INPUT 1 "INPUTCLK";
    .port_info 4 /INPUT 1 "OUTPUTCLK";
    .port_info 5 /INPUT 1 "OUTPUTENABLE";
    .port_info 6 /INPUT 1 "DOUT1";
    .port_info 7 /INPUT 1 "DOUT0";
    .port_info 8 /OUTPUT 1 "DIN1";
    .port_info 9 /OUTPUT 1 "DIN0";
P_0x131857ea0 .param/l "NEG_TRIGGER" 0 3 2944, C4<0>;
P_0x131857ee0 .param/l "PIN_TYPE" 0 3 2943, C4<000000>;
L_0x1319fb760 .functor BUFZ 1, v0x1319d9ac0_0, C4<0>, C4<0>, C4<0>;
L_0x1319fb810 .functor BUFZ 1, v0x1319d9b50_0, C4<0>, C4<0>, C4<0>;
o0x1380581a0 .functor BUFZ 1, c4<z>; HiZ drive
v0x1319d9520_0 .net "CLOCKENABLE", 0 0, o0x1380581a0;  0 drivers
v0x1319d95b0_0 .net "DIN0", 0 0, L_0x1319fb760;  1 drivers
v0x1319d9640_0 .net "DIN1", 0 0, L_0x1319fb810;  1 drivers
o0x138058230 .functor BUFZ 1, c4<z>; HiZ drive
v0x1319d96d0_0 .net "DOUT0", 0 0, o0x138058230;  0 drivers
o0x138058260 .functor BUFZ 1, c4<z>; HiZ drive
v0x1319d9760_0 .net "DOUT1", 0 0, o0x138058260;  0 drivers
o0x138058290 .functor BUFZ 1, c4<z>; HiZ drive
v0x1319d97f0_0 .net "INPUTCLK", 0 0, o0x138058290;  0 drivers
o0x1380582c0 .functor BUFZ 1, c4<z>; HiZ drive
v0x1319d9880_0 .net "LATCHINPUTVALUE", 0 0, o0x1380582c0;  0 drivers
o0x1380582f0 .functor BUFZ 1, c4<z>; HiZ drive
v0x1319d9910_0 .net "OUTPUTCLK", 0 0, o0x1380582f0;  0 drivers
o0x138058320 .functor BUFZ 1, c4<z>; HiZ drive
v0x1319d99a0_0 .net "OUTPUTENABLE", 0 0, o0x138058320;  0 drivers
o0x138058350 .functor BUFZ 1, c4<z>; HiZ drive
v0x1319d9a30_0 .net "PACKAGEPIN", 0 0, o0x138058350;  0 drivers
v0x1319d9ac0_0 .var "din_0", 0 0;
v0x1319d9b50_0 .var "din_1", 0 0;
v0x1319d9bf0_0 .var "din_q_0", 0 0;
v0x1319d9c90_0 .var "din_q_1", 0 0;
v0x1319d9d30_0 .var "dout", 0 0;
v0x1319d9dd0_0 .var "dout_q_0", 0 0;
v0x1319d9e70_0 .var "dout_q_1", 0 0;
v0x1319da000_0 .var "outclk_delayed_1", 0 0;
v0x1319da090_0 .var "outclk_delayed_2", 0 0;
v0x1319da120_0 .var "outena_q", 0 0;
E_0x131985ef0 .event anyedge, v0x1319da090_0, v0x1319d9dd0_0, v0x1319d9e70_0;
E_0x13196c090 .event anyedge, v0x1319da000_0;
E_0x131988c50 .event anyedge, v0x1319d9910_0;
E_0x13188a5d0 .event anyedge, v0x1319d9bf0_0, v0x1319d9c90_0;
S_0x1319d93b0 .scope generate, "genblk1" "genblk1" 3 2952, 3 2952 0, S_0x131951ac0;
 .timescale -12 -12;
E_0x13199a310 .event posedge, v0x1319d9910_0;
E_0x13199a350 .event negedge, v0x1319d9910_0;
E_0x13199ec50 .event negedge, v0x1319d97f0_0;
E_0x13199ec90 .event posedge, v0x1319d97f0_0;
S_0x1319d1060 .scope module, "SB_LEDDA_IP" "SB_LEDDA_IP" 3 2830;
 .timescale -12 -12;
    .port_info 0 /INPUT 1 "LEDDCS";
    .port_info 1 /INPUT 1 "LEDDCLK";
    .port_info 2 /INPUT 1 "LEDDDAT7";
    .port_info 3 /INPUT 1 "LEDDDAT6";
    .port_info 4 /INPUT 1 "LEDDDAT5";
    .port_info 5 /INPUT 1 "LEDDDAT4";
    .port_info 6 /INPUT 1 "LEDDDAT3";
    .port_info 7 /INPUT 1 "LEDDDAT2";
    .port_info 8 /INPUT 1 "LEDDDAT1";
    .port_info 9 /INPUT 1 "LEDDDAT0";
    .port_info 10 /INPUT 1 "LEDDADDR3";
    .port_info 11 /INPUT 1 "LEDDADDR2";
    .port_info 12 /INPUT 1 "LEDDADDR1";
    .port_info 13 /INPUT 1 "LEDDADDR0";
    .port_info 14 /INPUT 1 "LEDDDEN";
    .port_info 15 /INPUT 1 "LEDDEXE";
    .port_info 16 /INPUT 1 "LEDDRST";
    .port_info 17 /OUTPUT 1 "PWMOUT0";
    .port_info 18 /OUTPUT 1 "PWMOUT1";
    .port_info 19 /OUTPUT 1 "PWMOUT2";
    .port_info 20 /OUTPUT 1 "LEDDON";
o0x138058740 .functor BUFZ 1, c4<z>; HiZ drive
v0x1319da2a0_0 .net "LEDDADDR0", 0 0, o0x138058740;  0 drivers
o0x138058770 .functor BUFZ 1, c4<z>; HiZ drive
v0x1319da330_0 .net "LEDDADDR1", 0 0, o0x138058770;  0 drivers
o0x1380587a0 .functor BUFZ 1, c4<z>; HiZ drive
v0x1319da3c0_0 .net "LEDDADDR2", 0 0, o0x1380587a0;  0 drivers
o0x1380587d0 .functor BUFZ 1, c4<z>; HiZ drive
v0x1319da450_0 .net "LEDDADDR3", 0 0, o0x1380587d0;  0 drivers
o0x138058800 .functor BUFZ 1, c4<z>; HiZ drive
v0x1319da4e0_0 .net "LEDDCLK", 0 0, o0x138058800;  0 drivers
o0x138058830 .functor BUFZ 1, c4<z>; HiZ drive
v0x1319da570_0 .net "LEDDCS", 0 0, o0x138058830;  0 drivers
o0x138058860 .functor BUFZ 1, c4<z>; HiZ drive
v0x1319da600_0 .net "LEDDDAT0", 0 0, o0x138058860;  0 drivers
o0x138058890 .functor BUFZ 1, c4<z>; HiZ drive
v0x1319da690_0 .net "LEDDDAT1", 0 0, o0x138058890;  0 drivers
o0x1380588c0 .functor BUFZ 1, c4<z>; HiZ drive
v0x1319da730_0 .net "LEDDDAT2", 0 0, o0x1380588c0;  0 drivers
o0x1380588f0 .functor BUFZ 1, c4<z>; HiZ drive
v0x1319da840_0 .net "LEDDDAT3", 0 0, o0x1380588f0;  0 drivers
o0x138058920 .functor BUFZ 1, c4<z>; HiZ drive
v0x1319da8d0_0 .net "LEDDDAT4", 0 0, o0x138058920;  0 drivers
o0x138058950 .functor BUFZ 1, c4<z>; HiZ drive
v0x1319da970_0 .net "LEDDDAT5", 0 0, o0x138058950;  0 drivers
o0x138058980 .functor BUFZ 1, c4<z>; HiZ drive
v0x1319daa10_0 .net "LEDDDAT6", 0 0, o0x138058980;  0 drivers
o0x1380589b0 .functor BUFZ 1, c4<z>; HiZ drive
v0x1319daab0_0 .net "LEDDDAT7", 0 0, o0x1380589b0;  0 drivers
o0x1380589e0 .functor BUFZ 1, c4<z>; HiZ drive
v0x1319dab50_0 .net "LEDDDEN", 0 0, o0x1380589e0;  0 drivers
o0x138058a10 .functor BUFZ 1, c4<z>; HiZ drive
v0x1319dabf0_0 .net "LEDDEXE", 0 0, o0x138058a10;  0 drivers
o0x138058a40 .functor BUFZ 1, c4<z>; HiZ drive
v0x1319dac90_0 .net "LEDDON", 0 0, o0x138058a40;  0 drivers
o0x138058a70 .functor BUFZ 1, c4<z>; HiZ drive
v0x1319dae20_0 .net "LEDDRST", 0 0, o0x138058a70;  0 drivers
o0x138058aa0 .functor BUFZ 1, c4<z>; HiZ drive
v0x1319daeb0_0 .net "PWMOUT0", 0 0, o0x138058aa0;  0 drivers
o0x138058ad0 .functor BUFZ 1, c4<z>; HiZ drive
v0x1319daf40_0 .net "PWMOUT1", 0 0, o0x138058ad0;  0 drivers
o0x138058b00 .functor BUFZ 1, c4<z>; HiZ drive
v0x1319dafd0_0 .net "PWMOUT2", 0 0, o0x138058b00;  0 drivers
S_0x1319d0950 .scope module, "SB_LED_DRV_CUR" "SB_LED_DRV_CUR" 3 2709;
 .timescale -12 -12;
    .port_info 0 /INPUT 1 "EN";
    .port_info 1 /OUTPUT 1 "LEDPU";
o0x138058f20 .functor BUFZ 1, c4<z>; HiZ drive
v0x1319db270_0 .net "EN", 0 0, o0x138058f20;  0 drivers
o0x138058f50 .functor BUFZ 1, c4<z>; HiZ drive
v0x1319db300_0 .net "LEDPU", 0 0, o0x138058f50;  0 drivers
S_0x1319ccd60 .scope module, "SB_LFOSC" "SB_LFOSC" 3 2684;
 .timescale -12 -12;
    .port_info 0 /INPUT 1 "CLKLFPU";
    .port_info 1 /INPUT 1 "CLKLFEN";
    .port_info 2 /OUTPUT 1 "CLKLF";
o0x138058fe0 .functor BUFZ 1, c4<z>; HiZ drive
v0x13189aca0_0 .net "CLKLF", 0 0, o0x138058fe0;  0 drivers
o0x138059010 .functor BUFZ 1, c4<z>; HiZ drive
v0x1319db390_0 .net "CLKLFEN", 0 0, o0x138059010;  0 drivers
o0x138059040 .functor BUFZ 1, c4<z>; HiZ drive
v0x1319db420_0 .net "CLKLFPU", 0 0, o0x138059040;  0 drivers
S_0x1319c0df0 .scope module, "SB_LUT4" "SB_LUT4" 3 177;
 .timescale -12 -12;
    .port_info 0 /OUTPUT 1 "O";
    .port_info 1 /INPUT 1 "I0";
    .port_info 2 /INPUT 1 "I1";
    .port_info 3 /INPUT 1 "I2";
    .port_info 4 /INPUT 1 "I3";
P_0x131888350 .param/l "LUT_INIT" 0 3 184, C4<0000000000000000>;
o0x138059100 .functor BUFZ 1, c4<z>; HiZ drive
v0x1319db500_0 .net "I0", 0 0, o0x138059100;  0 drivers
o0x138059130 .functor BUFZ 1, c4<z>; HiZ drive
v0x1319db5b0_0 .net "I1", 0 0, o0x138059130;  0 drivers
o0x138059160 .functor BUFZ 1, c4<z>; HiZ drive
v0x1319db650_0 .net "I2", 0 0, o0x138059160;  0 drivers
o0x138059190 .functor BUFZ 1, c4<z>; HiZ drive
v0x1319db6e0_0 .net "I3", 0 0, o0x138059190;  0 drivers
v0x1319db780_0 .net "O", 0 0, L_0x1319fc220;  1 drivers
L_0x1380883b8 .functor BUFT 1, C4<00000000>, C4<0>, C4<0>, C4<0>;
v0x1319db860_0 .net/2u *"_ivl_0", 7 0, L_0x1380883b8;  1 drivers
v0x1319db910_0 .net *"_ivl_13", 1 0, L_0x1319fbd40;  1 drivers
v0x1319db9c0_0 .net *"_ivl_15", 1 0, L_0x1319fbe50;  1 drivers
v0x1319dba70_0 .net *"_ivl_19", 0 0, L_0x1319fc050;  1 drivers
L_0x138088400 .functor BUFT 1, C4<00000000>, C4<0>, C4<0>, C4<0>;
v0x1319dbb80_0 .net/2u *"_ivl_2", 7 0, L_0x138088400;  1 drivers
v0x1319dbc30_0 .net *"_ivl_21", 0 0, L_0x1319fc130;  1 drivers
v0x1319dbce0_0 .net *"_ivl_7", 3 0, L_0x1319fba60;  1 drivers
v0x1319dbd90_0 .net *"_ivl_9", 3 0, L_0x1319fbb40;  1 drivers
v0x1319dbe40_0 .net "s1", 1 0, L_0x1319fbef0;  1 drivers
v0x1319dbef0_0 .net "s2", 3 0, L_0x1319fbbe0;  1 drivers
v0x1319dbfa0_0 .net "s3", 7 0, L_0x1319fb900;  1 drivers
L_0x1319fb900 .functor MUXZ 8, L_0x138088400, L_0x1380883b8, o0x138059190, C4<>;
L_0x1319fba60 .part L_0x1319fb900, 4, 4;
L_0x1319fbb40 .part L_0x1319fb900, 0, 4;
L_0x1319fbbe0 .functor MUXZ 4, L_0x1319fbb40, L_0x1319fba60, o0x138059160, C4<>;
L_0x1319fbd40 .part L_0x1319fbbe0, 2, 2;
L_0x1319fbe50 .part L_0x1319fbbe0, 0, 2;
L_0x1319fbef0 .functor MUXZ 2, L_0x1319fbe50, L_0x1319fbd40, o0x138059130, C4<>;
L_0x1319fc050 .part L_0x1319fbef0, 1, 1;
L_0x1319fc130 .part L_0x1319fbef0, 0, 1;
L_0x1319fc220 .functor MUXZ 1, L_0x1319fc130, L_0x1319fc050, o0x138059100, C4<>;
S_0x1319c0aa0 .scope module, "SB_MAC16" "SB_MAC16" 3 2996;
 .timescale -12 -12;
    .port_info 0 /INPUT 1 "CLK";
    .port_info 1 /INPUT 1 "CE";
    .port_info 2 /INPUT 16 "C";
    .port_info 3 /INPUT 16 "A";
    .port_info 4 /INPUT 16 "B";
    .port_info 5 /INPUT 16 "D";
    .port_info 6 /INPUT 1 "AHOLD";
    .port_info 7 /INPUT 1 "BHOLD";
    .port_info 8 /INPUT 1 "CHOLD";
    .port_info 9 /INPUT 1 "DHOLD";
    .port_info 10 /INPUT 1 "IRSTTOP";
    .port_info 11 /INPUT 1 "IRSTBOT";
    .port_info 12 /INPUT 1 "ORSTTOP";
    .port_info 13 /INPUT 1 "ORSTBOT";
    .port_info 14 /INPUT 1 "OLOADTOP";
    .port_info 15 /INPUT 1 "OLOADBOT";
    .port_info 16 /INPUT 1 "ADDSUBTOP";
    .port_info 17 /INPUT 1 "ADDSUBBOT";
    .port_info 18 /INPUT 1 "OHOLDTOP";
    .port_info 19 /INPUT 1 "OHOLDBOT";
    .port_info 20 /INPUT 1 "CI";
    .port_info 21 /INPUT 1 "ACCUMCI";
    .port_info 22 /INPUT 1 "SIGNEXTIN";
    .port_info 23 /OUTPUT 32 "O";
    .port_info 24 /OUTPUT 1 "CO";
    .port_info 25 /OUTPUT 1 "ACCUMCO";
    .port_info 26 /OUTPUT 1 "SIGNEXTOUT";
P_0x132052000 .param/l "A_REG" 0 3 3011, C4<0>;
P_0x132052040 .param/l "A_SIGNED" 0 3 3027, C4<0>;
P_0x132052080 .param/l "BOTADDSUB_CARRYSELECT" 0 3 3025, C4<00>;
P_0x1320520c0 .param/l "BOTADDSUB_LOWERINPUT" 0 3 3023, C4<00>;
P_0x132052100 .param/l "BOTADDSUB_UPPERINPUT" 0 3 3024, C4<0>;
P_0x132052140 .param/l "BOTOUTPUT_SELECT" 0 3 3022, C4<00>;
P_0x132052180 .param/l "BOT_8x8_MULT_REG" 0 3 3015, C4<0>;
P_0x1320521c0 .param/l "B_REG" 0 3 3012, C4<0>;
P_0x132052200 .param/l "B_SIGNED" 0 3 3028, C4<0>;
P_0x132052240 .param/l "C_REG" 0 3 3010, C4<0>;
P_0x132052280 .param/l "D_REG" 0 3 3013, C4<0>;
P_0x1320522c0 .param/l "MODE_8x8" 0 3 3026, C4<0>;
P_0x132052300 .param/l "NEG_TRIGGER" 0 3 3009, C4<0>;
P_0x132052340 .param/l "PIPELINE_16x16_MULT_REG1" 0 3 3016, C4<0>;
P_0x132052380 .param/l "PIPELINE_16x16_MULT_REG2" 0 3 3017, C4<0>;
P_0x1320523c0 .param/l "TOPADDSUB_CARRYSELECT" 0 3 3021, C4<00>;
P_0x132052400 .param/l "TOPADDSUB_LOWERINPUT" 0 3 3019, C4<00>;
P_0x132052440 .param/l "TOPADDSUB_UPPERINPUT" 0 3 3020, C4<0>;
P_0x132052480 .param/l "TOPOUTPUT_SELECT" 0 3 3018, C4<00>;
P_0x1320524c0 .param/l "TOP_8x8_MULT_REG" 0 3 3014, C4<0>;
o0x1380597f0 .functor BUFZ 1, c4<z>; HiZ drive
L_0x138088448 .functor BUFT 1, C4<0>, C4<0>, C4<0>, C4<0>;
L_0x1319fc300 .functor XOR 1, o0x1380597f0, L_0x138088448, C4<0>, C4<0>;
o0x138059730 .functor BUFZ 16, c4<zzzzzzzzzzzzzzzz>; HiZ drive
L_0x1319fc3f0 .functor BUFZ 16, o0x138059730, C4<0000000000000000>, C4<0000000000000000>, C4<0000000000000000>;
o0x1380594f0 .functor BUFZ 16, c4<zzzzzzzzzzzzzzzz>; HiZ drive
L_0x1319fc480 .functor BUFZ 16, o0x1380594f0, C4<0000000000000000>, C4<0000000000000000>, C4<0000000000000000>;
o0x138059670 .functor BUFZ 16, c4<zzzzzzzzzzzzzzzz>; HiZ drive
L_0x1319fc550 .functor BUFZ 16, o0x138059670, C4<0000000000000000>, C4<0000000000000000>, C4<0000000000000000>;
o0x138059850 .functor BUFZ 16, c4<zzzzzzzzzzzzzzzz>; HiZ drive
L_0x1319fc600 .functor BUFZ 16, o0x138059850, C4<0000000000000000>, C4<0000000000000000>, C4<0000000000000000>;
L_0x1319fd540 .functor BUFZ 16, L_0x1319fd030, C4<0000000000000000>, C4<0000000000000000>, C4<0000000000000000>;
L_0x1319fd8d0 .functor BUFZ 16, L_0x1319fd3c0, C4<0000000000000000>, C4<0000000000000000>, C4<0000000000000000>;
L_0x1319fd9c0 .functor BUFZ 16, L_0x1319fd690, C4<0000000000000000>, C4<0000000000000000>, C4<0000000000000000>;
L_0x1319fda70 .functor BUFZ 16, L_0x1319fd7f0, C4<0000000000000000>, C4<0000000000000000>, C4<0000000000000000>;
L_0x1319fee10 .functor BUFZ 32, L_0x1319febd0, C4<00000000000000000000000000000000>, C4<00000000000000000000000000000000>, C4<00000000000000000000000000000000>;
L_0x1319feae0 .functor BUFZ 16, v0x1319e1cc0_0, C4<0000000000000000>, C4<0000000000000000>, C4<0000000000000000>;
L_0x1319feee0 .functor BUFZ 16, L_0x1319fc480, C4<0000000000000000>, C4<0000000000000000>, C4<0000000000000000>;
L_0x1319ff340 .functor XOR 17, L_0x1319ff220, L_0x1319fc6d0, C4<00000000000000000>, C4<00000000000000000>;
o0x1380595b0 .functor BUFZ 1, c4<z>; HiZ drive
L_0x1319ff620 .functor XOR 1, L_0x1319fefd0, o0x1380595b0, C4<0>, C4<0>;
L_0x1319ff6d0 .functor XOR 16, L_0x1319ff070, L_0x1319ffb60, C4<0000000000000000>, C4<0000000000000000>;
L_0x1319ffef0 .functor BUFZ 16, L_0x1319ffd00, C4<0000000000000000>, C4<0000000000000000>, C4<0000000000000000>;
L_0x1319ffc80 .functor BUFZ 16, v0x1319e1d70_0, C4<0000000000000000>, C4<0000000000000000>, C4<0000000000000000>;
L_0x131a04120 .functor BUFZ 16, L_0x1319fc550, C4<0000000000000000>, C4<0000000000000000>, C4<0000000000000000>;
L_0x131a04860 .functor XOR 17, L_0x131a042f0, L_0x131a044b0, C4<00000000000000000>, C4<00000000000000000>;
L_0x131a04ab0 .functor XOR 16, L_0x1319ffda0, L_0x131a04c40, C4<0000000000000000>, C4<0000000000000000>;
L_0x131a04f70 .functor BUFZ 16, L_0x1319fff60, C4<0000000000000000>, C4<0000000000000000>, C4<0000000000000000>;
v0x1319dc1e0_0 .net "A", 15 0, o0x1380594f0;  0 drivers
o0x138059520 .functor BUFZ 1, c4<z>; HiZ drive
v0x1319dc280_0 .net "ACCUMCI", 0 0, o0x138059520;  0 drivers
v0x1319dc320_0 .net "ACCUMCO", 0 0, L_0x1319fefd0;  1 drivers
o0x138059580 .functor BUFZ 1, c4<z>; HiZ drive
v0x1319dc3d0_0 .net "ADDSUBBOT", 0 0, o0x138059580;  0 drivers
v0x1319dc470_0 .net "ADDSUBTOP", 0 0, o0x1380595b0;  0 drivers
o0x1380595e0 .functor BUFZ 1, c4<z>; HiZ drive
v0x1319dc550_0 .net "AHOLD", 0 0, o0x1380595e0;  0 drivers
v0x1319dc5f0_0 .net "Ah", 15 0, L_0x1319fc8a0;  1 drivers
v0x1319dc6a0_0 .net "Al", 15 0, L_0x1319fca60;  1 drivers
v0x1319dc750_0 .net "B", 15 0, o0x138059670;  0 drivers
o0x1380596a0 .functor BUFZ 1, c4<z>; HiZ drive
v0x1319dc860_0 .net "BHOLD", 0 0, o0x1380596a0;  0 drivers
v0x1319dc900_0 .net "Bh", 15 0, L_0x1319fccd0;  1 drivers
v0x1319dc9b0_0 .net "Bl", 15 0, L_0x1319fced0;  1 drivers
v0x1319dca60_0 .net "C", 15 0, o0x138059730;  0 drivers
o0x138059760 .functor BUFZ 1, c4<z>; HiZ drive
v0x1319dcb10_0 .net "CE", 0 0, o0x138059760;  0 drivers
o0x138059790 .functor BUFZ 1, c4<z>; HiZ drive
v0x1319dcbb0_0 .net "CHOLD", 0 0, o0x138059790;  0 drivers
o0x1380597c0 .functor BUFZ 1, c4<z>; HiZ drive
v0x1319dcc50_0 .net "CI", 0 0, o0x1380597c0;  0 drivers
v0x1319dccf0_0 .net "CLK", 0 0, o0x1380597f0;  0 drivers
v0x1319dce80_0 .net "CO", 0 0, L_0x1319ff620;  1 drivers
v0x1319dcf10_0 .net "D", 15 0, o0x138059850;  0 drivers
o0x138059880 .functor BUFZ 1, c4<z>; HiZ drive
v0x1319dcfa0_0 .net "DHOLD", 0 0, o0x138059880;  0 drivers
L_0x1380889a0 .functor BUFT 1, C4<0>, C4<0>, C4<0>, C4<0>;
v0x1319dd040_0 .net "HCI", 0 0, L_0x1380889a0;  1 drivers
o0x1380598e0 .functor BUFZ 1, c4<z>; HiZ drive
v0x1319dd0e0_0 .net "IRSTBOT", 0 0, o0x1380598e0;  0 drivers
o0x138059910 .functor BUFZ 1, c4<z>; HiZ drive
v0x1319dd180_0 .net "IRSTTOP", 0 0, o0x138059910;  0 drivers
L_0x138088ac0 .functor BUFT 1, C4<0>, C4<0>, C4<0>, C4<0>;
v0x1319dd220_0 .net "LCI", 0 0, L_0x138088ac0;  1 drivers
v0x1319dd2c0_0 .net "LCO", 0 0, L_0x131a04210;  1 drivers
v0x1319dd360_0 .net "O", 31 0, L_0x131a05020;  1 drivers
o0x1380599d0 .functor BUFZ 1, c4<z>; HiZ drive
v0x1319dd410_0 .net "OHOLDBOT", 0 0, o0x1380599d0;  0 drivers
o0x138059a00 .functor BUFZ 1, c4<z>; HiZ drive
v0x1319dd4b0_0 .net "OHOLDTOP", 0 0, o0x138059a00;  0 drivers
o0x138059a30 .functor BUFZ 1, c4<z>; HiZ drive
v0x1319dd550_0 .net "OLOADBOT", 0 0, o0x138059a30;  0 drivers
o0x138059a60 .functor BUFZ 1, c4<z>; HiZ drive
v0x1319dd5f0_0 .net "OLOADTOP", 0 0, o0x138059a60;  0 drivers
o0x138059a90 .functor BUFZ 1, c4<z>; HiZ drive
v0x1319dd690_0 .net "ORSTBOT", 0 0, o0x138059a90;  0 drivers
o0x138059ac0 .functor BUFZ 1, c4<z>; HiZ drive
v0x1319dd730_0 .net "ORSTTOP", 0 0, o0x138059ac0;  0 drivers
v0x1319dd7d0_0 .net "Oh", 15 0, L_0x1319ffef0;  1 drivers
v0x1319dcda0_0 .net "Ol", 15 0, L_0x131a04f70;  1 drivers
o0x138059b50 .functor BUFZ 1, c4<z>; HiZ drive
v0x1319dda60_0 .net "SIGNEXTIN", 0 0, o0x138059b50;  0 drivers
v0x1319ddaf0_0 .net "SIGNEXTOUT", 0 0, L_0x131a04080;  1 drivers
v0x1319ddb80_0 .net "XW", 15 0, L_0x1319ff070;  1 drivers
v0x1319ddc20_0 .net "YZ", 15 0, L_0x1319ffda0;  1 drivers
v0x1319ddcd0_0 .net/2u *"_ivl_0", 0 0, L_0x138088448;  1 drivers
v0x1319ddd80_0 .net *"_ivl_100", 31 0, L_0x1319fe960;  1 drivers
L_0x138088838 .functor BUFT 1, C4<0000000000000000>, C4<0>, C4<0>, C4<0>;
v0x1319dde30_0 .net *"_ivl_103", 15 0, L_0x138088838;  1 drivers
v0x1319ddee0_0 .net *"_ivl_104", 31 0, L_0x1319fe880;  1 drivers
v0x1319ddf90_0 .net *"_ivl_106", 15 0, L_0x1319fea00;  1 drivers
L_0x138088880 .functor BUFT 1, C4<0000000000000000>, C4<0>, C4<0>, C4<0>;
v0x1319de040_0 .net *"_ivl_108", 15 0, L_0x138088880;  1 drivers
L_0x138088490 .functor BUFT 1, C4<00000000>, C4<0>, C4<0>, C4<0>;
v0x1319de0f0_0 .net/2u *"_ivl_12", 7 0, L_0x138088490;  1 drivers
v0x1319de1a0_0 .net *"_ivl_121", 16 0, L_0x1319fed10;  1 drivers
L_0x1380888c8 .functor BUFT 1, C4<0>, C4<0>, C4<0>, C4<0>;
v0x1319de250_0 .net *"_ivl_124", 0 0, L_0x1380888c8;  1 drivers
v0x1319de300_0 .net *"_ivl_125", 16 0, L_0x1319ff220;  1 drivers
L_0x138088910 .functor BUFT 1, C4<0>, C4<0>, C4<0>, C4<0>;
v0x1319de3b0_0 .net *"_ivl_128", 0 0, L_0x138088910;  1 drivers
v0x1319de460_0 .net *"_ivl_130", 15 0, L_0x1319ff150;  1 drivers
v0x1319de510_0 .net *"_ivl_131", 16 0, L_0x1319fc6d0;  1 drivers
L_0x138088958 .functor BUFT 1, C4<0>, C4<0>, C4<0>, C4<0>;
v0x1319de5c0_0 .net *"_ivl_134", 0 0, L_0x138088958;  1 drivers
v0x1319de670_0 .net *"_ivl_135", 16 0, L_0x1319ff340;  1 drivers
v0x1319de720_0 .net *"_ivl_137", 16 0, L_0x1319ff800;  1 drivers
L_0x138088be0 .functor BUFT 1, C4<00000000000000000>, C4<0>, C4<0>, C4<0>;
v0x1319de7d0_0 .net *"_ivl_139", 16 0, L_0x138088be0;  1 drivers
v0x1319de880_0 .net *"_ivl_143", 16 0, L_0x1319ff8e0;  1 drivers
v0x1319de930_0 .net *"_ivl_148", 15 0, L_0x1319ffb60;  1 drivers
v0x1319de9e0_0 .net *"_ivl_149", 15 0, L_0x1319ff6d0;  1 drivers
v0x1319dea90_0 .net *"_ivl_15", 7 0, L_0x1319fc7e0;  1 drivers
v0x1319deb40_0 .net *"_ivl_168", 16 0, L_0x131a04410;  1 drivers
L_0x1380889e8 .functor BUFT 1, C4<0>, C4<0>, C4<0>, C4<0>;
v0x1319debf0_0 .net *"_ivl_171", 0 0, L_0x1380889e8;  1 drivers
v0x1319deca0_0 .net *"_ivl_172", 16 0, L_0x131a042f0;  1 drivers
L_0x138088a30 .functor BUFT 1, C4<0>, C4<0>, C4<0>, C4<0>;
v0x1319ded50_0 .net *"_ivl_175", 0 0, L_0x138088a30;  1 drivers
v0x1319dee00_0 .net *"_ivl_177", 15 0, L_0x131a04620;  1 drivers
v0x1319deeb0_0 .net *"_ivl_178", 16 0, L_0x131a044b0;  1 drivers
L_0x1380884d8 .functor BUFT 1, C4<00000000>, C4<0>, C4<0>, C4<0>;
v0x1319dd880_0 .net/2u *"_ivl_18", 7 0, L_0x1380884d8;  1 drivers
L_0x138088a78 .functor BUFT 1, C4<0>, C4<0>, C4<0>, C4<0>;
v0x1319dd930_0 .net *"_ivl_181", 0 0, L_0x138088a78;  1 drivers
v0x1319def40_0 .net *"_ivl_182", 16 0, L_0x131a04860;  1 drivers
v0x1319defd0_0 .net *"_ivl_184", 16 0, L_0x131a04970;  1 drivers
L_0x138088c28 .functor BUFT 1, C4<00000000000000000>, C4<0>, C4<0>, C4<0>;
v0x1319df060_0 .net *"_ivl_186", 16 0, L_0x138088c28;  1 drivers
v0x1319df0f0_0 .net *"_ivl_190", 16 0, L_0x131a046e0;  1 drivers
v0x1319df180_0 .net *"_ivl_193", 15 0, L_0x131a04c40;  1 drivers
v0x1319df230_0 .net *"_ivl_194", 15 0, L_0x131a04ab0;  1 drivers
v0x1319df2e0_0 .net *"_ivl_21", 7 0, L_0x1319fc9c0;  1 drivers
L_0x138088520 .functor BUFT 1, C4<00000000>, C4<0>, C4<0>, C4<0>;
v0x1319df390_0 .net/2u *"_ivl_24", 7 0, L_0x138088520;  1 drivers
v0x1319df440_0 .net *"_ivl_27", 7 0, L_0x1319fcbc0;  1 drivers
L_0x138088568 .functor BUFT 1, C4<00000000>, C4<0>, C4<0>, C4<0>;
v0x1319df4f0_0 .net/2u *"_ivl_30", 7 0, L_0x138088568;  1 drivers
v0x1319df5a0_0 .net *"_ivl_33", 7 0, L_0x1319fcdf0;  1 drivers
L_0x1380885b0 .functor BUFT 1, C4<00000000>, C4<0>, C4<0>, C4<0>;
v0x1319df650_0 .net/2u *"_ivl_38", 7 0, L_0x1380885b0;  1 drivers
v0x1319df700_0 .net *"_ivl_41", 7 0, L_0x1319fd1a0;  1 drivers
v0x1319df7b0_0 .net *"_ivl_42", 15 0, L_0x1319fd240;  1 drivers
L_0x1380885f8 .functor BUFT 1, C4<00000000>, C4<0>, C4<0>, C4<0>;
v0x1319df860_0 .net/2u *"_ivl_46", 7 0, L_0x1380885f8;  1 drivers
v0x1319df910_0 .net *"_ivl_49", 7 0, L_0x1319fd460;  1 drivers
v0x1319df9c0_0 .net *"_ivl_50", 15 0, L_0x1319fd5b0;  1 drivers
L_0x138088640 .functor BUFT 1, C4<00000000>, C4<0>, C4<0>, C4<0>;
v0x1319dfa70_0 .net/2u *"_ivl_64", 7 0, L_0x138088640;  1 drivers
L_0x138088688 .functor BUFT 1, C4<00000000>, C4<0>, C4<0>, C4<0>;
v0x1319dfb20_0 .net/2u *"_ivl_68", 7 0, L_0x138088688;  1 drivers
v0x1319dfbd0_0 .net *"_ivl_72", 31 0, L_0x1319fddc0;  1 drivers
L_0x1380886d0 .functor BUFT 1, C4<0000000000000000>, C4<0>, C4<0>, C4<0>;
v0x1319dfc80_0 .net *"_ivl_75", 15 0, L_0x1380886d0;  1 drivers
v0x1319dfd30_0 .net *"_ivl_76", 31 0, L_0x1319fdf80;  1 drivers
L_0x138088718 .functor BUFT 1, C4<00000000>, C4<0>, C4<0>, C4<0>;
v0x1319dfde0_0 .net *"_ivl_79", 7 0, L_0x138088718;  1 drivers
v0x1319dfe90_0 .net *"_ivl_80", 31 0, L_0x1319fdea0;  1 drivers
v0x1319dff40_0 .net *"_ivl_82", 23 0, L_0x1319fe020;  1 drivers
L_0x138088760 .functor BUFT 1, C4<00000000>, C4<0>, C4<0>, C4<0>;
v0x1319dfff0_0 .net *"_ivl_84", 7 0, L_0x138088760;  1 drivers
v0x1319e00a0_0 .net *"_ivl_86", 31 0, L_0x1319fe270;  1 drivers
v0x1319e0150_0 .net *"_ivl_88", 31 0, L_0x1319fe470;  1 drivers
L_0x1380887a8 .functor BUFT 1, C4<00000000>, C4<0>, C4<0>, C4<0>;
v0x1319e0200_0 .net *"_ivl_91", 7 0, L_0x1380887a8;  1 drivers
v0x1319e02b0_0 .net *"_ivl_92", 31 0, L_0x1319fe3b0;  1 drivers
v0x1319e0360_0 .net *"_ivl_94", 23 0, L_0x1319fe510;  1 drivers
L_0x1380887f0 .functor BUFT 1, C4<00000000>, C4<0>, C4<0>, C4<0>;
v0x1319e0410_0 .net *"_ivl_96", 7 0, L_0x1380887f0;  1 drivers
v0x1319e04c0_0 .net *"_ivl_98", 31 0, L_0x1319fe740;  1 drivers
v0x1319e0570_0 .net "clock", 0 0, L_0x1319fc300;  1 drivers
v0x1319e0610_0 .net "iA", 15 0, L_0x1319fc480;  1 drivers
v0x1319e06c0_0 .net "iB", 15 0, L_0x1319fc550;  1 drivers
v0x1319e0770_0 .net "iC", 15 0, L_0x1319fc3f0;  1 drivers
v0x1319e0820_0 .net "iD", 15 0, L_0x1319fc600;  1 drivers
v0x1319e08d0_0 .net "iF", 15 0, L_0x1319fd540;  1 drivers
v0x1319e0980_0 .net "iG", 15 0, L_0x1319fda70;  1 drivers
v0x1319e0a30_0 .net "iH", 31 0, L_0x1319fee10;  1 drivers
v0x1319e0ae0_0 .net "iJ", 15 0, L_0x1319fd8d0;  1 drivers
v0x1319e0b90_0 .net "iJ_e", 23 0, L_0x1319fdce0;  1 drivers
v0x1319e0c40_0 .net "iK", 15 0, L_0x1319fd9c0;  1 drivers
v0x1319e0cf0_0 .net "iK_e", 23 0, L_0x1319fdb70;  1 drivers
v0x1319e0da0_0 .net "iL", 31 0, L_0x1319febd0;  1 drivers
v0x1319e0e50_0 .net "iP", 15 0, L_0x1319ffd00;  1 drivers
v0x1319e0f00_0 .net "iQ", 15 0, v0x1319e1cc0_0;  1 drivers
v0x1319e0fb0_0 .net "iR", 15 0, L_0x1319fff60;  1 drivers
v0x1319e1060_0 .net "iS", 15 0, v0x1319e1d70_0;  1 drivers
v0x1319e1110_0 .net "iW", 15 0, L_0x1319feae0;  1 drivers
v0x1319e11c0_0 .net "iX", 15 0, L_0x1319feee0;  1 drivers
v0x1319e1270_0 .net "iY", 15 0, L_0x1319ffc80;  1 drivers
v0x1319e1320_0 .net "iZ", 15 0, L_0x131a04120;  1 drivers
v0x1319e13d0_0 .net "p_Ah_Bh", 15 0, L_0x1319fd030;  1 drivers
v0x1319e1480_0 .net "p_Ah_Bl", 15 0, L_0x1319fd690;  1 drivers
v0x1319e1530_0 .net "p_Al_Bh", 15 0, L_0x1319fd3c0;  1 drivers
v0x1319e15e0_0 .net "p_Al_Bl", 15 0, L_0x1319fd7f0;  1 drivers
v0x1319e1690_0 .var "rA", 15 0;
v0x1319e1740_0 .var "rB", 15 0;
v0x1319e17f0_0 .var "rC", 15 0;
v0x1319e18a0_0 .var "rD", 15 0;
v0x1319e1950_0 .var "rF", 15 0;
v0x1319e1a00_0 .var "rG", 15 0;
v0x1319e1ab0_0 .var "rH", 31 0;
v0x1319e1b60_0 .var "rJ", 15 0;
v0x1319e1c10_0 .var "rK", 15 0;
v0x1319e1cc0_0 .var "rQ", 15 0;
v0x1319e1d70_0 .var "rS", 15 0;
E_0x1319db810 .event posedge, v0x1319dd690_0, v0x1319e0570_0;
E_0x1319dc0f0 .event posedge, v0x1319dd730_0, v0x1319e0570_0;
E_0x1319dc140 .event posedge, v0x1319dd0e0_0, v0x1319e0570_0;
E_0x1319dc1a0 .event posedge, v0x1319dd180_0, v0x1319e0570_0;
L_0x1319fc7e0 .part L_0x1319fc480, 8, 8;
L_0x1319fc8a0 .concat [ 8 8 0 0], L_0x1319fc7e0, L_0x138088490;
L_0x1319fc9c0 .part L_0x1319fc480, 0, 8;
L_0x1319fca60 .concat [ 8 8 0 0], L_0x1319fc9c0, L_0x1380884d8;
L_0x1319fcbc0 .part L_0x1319fc550, 8, 8;
L_0x1319fccd0 .concat [ 8 8 0 0], L_0x1319fcbc0, L_0x138088520;
L_0x1319fcdf0 .part L_0x1319fc550, 0, 8;
L_0x1319fced0 .concat [ 8 8 0 0], L_0x1319fcdf0, L_0x138088568;
L_0x1319fd030 .arith/mult 16, L_0x1319fc8a0, L_0x1319fccd0;
L_0x1319fd1a0 .part L_0x1319fca60, 0, 8;
L_0x1319fd240 .concat [ 8 8 0 0], L_0x1319fd1a0, L_0x1380885b0;
L_0x1319fd3c0 .arith/mult 16, L_0x1319fd240, L_0x1319fccd0;
L_0x1319fd460 .part L_0x1319fced0, 0, 8;
L_0x1319fd5b0 .concat [ 8 8 0 0], L_0x1319fd460, L_0x1380885f8;
L_0x1319fd690 .arith/mult 16, L_0x1319fc8a0, L_0x1319fd5b0;
L_0x1319fd7f0 .arith/mult 16, L_0x1319fca60, L_0x1319fced0;
L_0x1319fdb70 .concat [ 16 8 0 0], L_0x1319fd9c0, L_0x138088640;
L_0x1319fdce0 .concat [ 16 8 0 0], L_0x1319fd8d0, L_0x138088688;
L_0x1319fddc0 .concat [ 16 16 0 0], L_0x1319fda70, L_0x1380886d0;
L_0x1319fdf80 .concat [ 24 8 0 0], L_0x1319fdb70, L_0x138088718;
L_0x1319fe020 .part L_0x1319fdf80, 0, 24;
L_0x1319fdea0 .concat [ 8 24 0 0], L_0x138088760, L_0x1319fe020;
L_0x1319fe270 .arith/sum 32, L_0x1319fddc0, L_0x1319fdea0;
L_0x1319fe470 .concat [ 24 8 0 0], L_0x1319fdce0, L_0x1380887a8;
L_0x1319fe510 .part L_0x1319fe470, 0, 24;
L_0x1319fe3b0 .concat [ 8 24 0 0], L_0x1380887f0, L_0x1319fe510;
L_0x1319fe740 .arith/sum 32, L_0x1319fe270, L_0x1319fe3b0;
L_0x1319fe960 .concat [ 16 16 0 0], L_0x1319fd540, L_0x138088838;
L_0x1319fea00 .part L_0x1319fe960, 0, 16;
L_0x1319fe880 .concat [ 16 16 0 0], L_0x138088880, L_0x1319fea00;
L_0x1319febd0 .arith/sum 32, L_0x1319fe740, L_0x1319fe880;
L_0x1319fefd0 .part L_0x1319ff8e0, 16, 1;
L_0x1319ff070 .part L_0x1319ff8e0, 0, 16;
L_0x1319fed10 .concat [ 16 1 0 0], L_0x1319feee0, L_0x1380888c8;
L_0x1319ff220 .concat [ 16 1 0 0], L_0x1319feae0, L_0x138088910;
L_0x1319ff150 .repeat 16, 16, o0x1380595b0;
L_0x1319fc6d0 .concat [ 16 1 0 0], L_0x1319ff150, L_0x138088958;
L_0x1319ff800 .arith/sum 17, L_0x1319fed10, L_0x1319ff340;
L_0x1319ff8e0 .arith/sum 17, L_0x1319ff800, L_0x138088be0;
L_0x1319ffb60 .repeat 16, 16, o0x1380595b0;
L_0x1319ffd00 .functor MUXZ 16, L_0x1319ff6d0, L_0x1319fc3f0, o0x138059a60, C4<>;
L_0x131a04080 .part L_0x1319feee0, 15, 1;
L_0x131a04210 .part L_0x131a046e0, 16, 1;
L_0x1319ffda0 .part L_0x131a046e0, 0, 16;
L_0x131a04410 .concat [ 16 1 0 0], L_0x131a04120, L_0x1380889e8;
L_0x131a042f0 .concat [ 16 1 0 0], L_0x1319ffc80, L_0x138088a30;
L_0x131a04620 .repeat 16, 16, o0x138059580;
L_0x131a044b0 .concat [ 16 1 0 0], L_0x131a04620, L_0x138088a78;
L_0x131a04970 .arith/sum 17, L_0x131a04410, L_0x131a04860;
L_0x131a046e0 .arith/sum 17, L_0x131a04970, L_0x138088c28;
L_0x131a04c40 .repeat 16, 16, o0x138059580;
L_0x1319fff60 .functor MUXZ 16, L_0x131a04ab0, L_0x1319fc600, o0x138059a30, C4<>;
L_0x131a05020 .concat [ 16 16 0 0], L_0x131a04f70, L_0x1319ffef0;
S_0x1319b4550 .scope module, "SB_PLL40_2F_CORE" "SB_PLL40_2F_CORE" 3 2521;
 .timescale -12 -12;
    .port_info 0 /INPUT 1 "REFERENCECLK";
    .port_info 1 /OUTPUT 1 "PLLOUTCOREA";
    .port_info 2 /OUTPUT 1 "PLLOUTGLOBALA";
    .port_info 3 /OUTPUT 1 "PLLOUTCOREB";
    .port_info 4 /OUTPUT 1 "PLLOUTGLOBALB";
    .port_info 5 /INPUT 1 "EXTFEEDBACK";
    .port_info 6 /INPUT 8 "DYNAMICDELAY";
    .port_info 7 /OUTPUT 1 "LOCK";
    .port_info 8 /INPUT 1 "BYPASS";
    .port_info 9 /INPUT 1 "RESETB";
    .port_info 10 /INPUT 1 "LATCHINPUTVALUE";
    .port_info 11 /OUTPUT 1 "SDO";
    .port_info 12 /INPUT 1 "SDI";
    .port_info 13 /INPUT 1 "SCLK";
P_0x132050c00 .param/str "DELAY_ADJUSTMENT_MODE_FEEDBACK" 0 3 2538, "FIXED";
P_0x132050c40 .param/str "DELAY_ADJUSTMENT_MODE_RELATIVE" 0 3 2539, "FIXED";
P_0x132050c80 .param/l "DIVF" 0 3 2546, C4<0000000>;
P_0x132050cc0 .param/l "DIVQ" 0 3 2547, C4<000>;
P_0x132050d00 .param/l "DIVR" 0 3 2545, C4<0000>;
P_0x132050d40 .param/l "ENABLE_ICEGATE_PORTA" 0 3 2549, C4<0>;
P_0x132050d80 .param/l "ENABLE_ICEGATE_PORTB" 0 3 2550, C4<0>;
P_0x132050dc0 .param/l "EXTERNAL_DIVIDE_FACTOR" 0 3 2552, +C4<00000000000000000000000000000001>;
P_0x132050e00 .param/l "FDA_FEEDBACK" 0 3 2541, C4<0000>;
P_0x132050e40 .param/l "FDA_RELATIVE" 0 3 2542, C4<0000>;
P_0x132050e80 .param/str "FEEDBACK_PATH" 0 3 2537, "SIMPLE";
P_0x132050ec0 .param/l "FILTER_RANGE" 0 3 2548, C4<000>;
P_0x132050f00 .param/str "PLLOUT_SELECT_PORTA" 0 3 2543, "GENCLK";
P_0x132050f40 .param/str "PLLOUT_SELECT_PORTB" 0 3 2544, "GENCLK";
P_0x132050f80 .param/l "SHIFTREG_DIV_MODE" 0 3 2540, C4<0>;
P_0x132050fc0 .param/l "TEST_MODE" 0 3 2551, C4<0>;
o0x13805b380 .functor BUFZ 1, c4<z>; HiZ drive
v0x1319e20b0_0 .net "BYPASS", 0 0, o0x13805b380;  0 drivers
o0x13805b3b0 .functor BUFZ 8, c4<zzzzzzzz>; HiZ drive
v0x1319e2140_0 .net "DYNAMICDELAY", 7 0, o0x13805b3b0;  0 drivers
o0x13805b3e0 .functor BUFZ 1, c4<z>; HiZ drive
v0x1319b3be0_0 .net "EXTFEEDBACK", 0 0, o0x13805b3e0;  0 drivers
o0x13805b410 .functor BUFZ 1, c4<z>; HiZ drive
v0x1319e21d0_0 .net "LATCHINPUTVALUE", 0 0, o0x13805b410;  0 drivers
o0x13805b440 .functor BUFZ 1, c4<z>; HiZ drive
v0x1319e2260_0 .net "LOCK", 0 0, o0x13805b440;  0 drivers
o0x13805b470 .functor BUFZ 1, c4<z>; HiZ drive
v0x1319e22f0_0 .net "PLLOUTCOREA", 0 0, o0x13805b470;  0 drivers
o0x13805b4a0 .functor BUFZ 1, c4<z>; HiZ drive
v0x1319e2380_0 .net "PLLOUTCOREB", 0 0, o0x13805b4a0;  0 drivers
o0x13805b4d0 .functor BUFZ 1, c4<z>; HiZ drive
v0x1319e2420_0 .net "PLLOUTGLOBALA", 0 0, o0x13805b4d0;  0 drivers
o0x13805b500 .functor BUFZ 1, c4<z>; HiZ drive
v0x1319e24c0_0 .net "PLLOUTGLOBALB", 0 0, o0x13805b500;  0 drivers
o0x13805b530 .functor BUFZ 1, c4<z>; HiZ drive
v0x1319e25d0_0 .net "REFERENCECLK", 0 0, o0x13805b530;  0 drivers
o0x13805b560 .functor BUFZ 1, c4<z>; HiZ drive
v0x1319e2660_0 .net "RESETB", 0 0, o0x13805b560;  0 drivers
o0x13805b590 .functor BUFZ 1, c4<z>; HiZ drive
v0x1319e2700_0 .net "SCLK", 0 0, o0x13805b590;  0 drivers
o0x13805b5c0 .functor BUFZ 1, c4<z>; HiZ drive
v0x1319e27a0_0 .net "SDI", 0 0, o0x13805b5c0;  0 drivers
o0x13805b5f0 .functor BUFZ 1, c4<z>; HiZ drive
v0x1319e2840_0 .net "SDO", 0 0, o0x13805b5f0;  0 drivers
S_0x1319b4200 .scope module, "SB_PLL40_2F_PAD" "SB_PLL40_2F_PAD" 3 2556;
 .timescale -12 -12;
    .port_info 0 /INPUT 1 "PACKAGEPIN";
    .port_info 1 /OUTPUT 1 "PLLOUTCOREA";
    .port_info 2 /OUTPUT 1 "PLLOUTGLOBALA";
    .port_info 3 /OUTPUT 1 "PLLOUTCOREB";
    .port_info 4 /OUTPUT 1 "PLLOUTGLOBALB";
    .port_info 5 /INPUT 1 "EXTFEEDBACK";
    .port_info 6 /INPUT 8 "DYNAMICDELAY";
    .port_info 7 /OUTPUT 1 "LOCK";
    .port_info 8 /INPUT 1 "BYPASS";
    .port_info 9 /INPUT 1 "RESETB";
    .port_info 10 /INPUT 1 "LATCHINPUTVALUE";
    .port_info 11 /OUTPUT 1 "SDO";
    .port_info 12 /INPUT 1 "SDI";
    .port_info 13 /INPUT 1 "SCLK";
P_0x132052600 .param/str "DELAY_ADJUSTMENT_MODE_FEEDBACK" 0 3 2573, "FIXED";
P_0x132052640 .param/str "DELAY_ADJUSTMENT_MODE_RELATIVE" 0 3 2574, "FIXED";
P_0x132052680 .param/l "DIVF" 0 3 2581, C4<0000000>;
P_0x1320526c0 .param/l "DIVQ" 0 3 2582, C4<000>;
P_0x132052700 .param/l "DIVR" 0 3 2580, C4<0000>;
P_0x132052740 .param/l "ENABLE_ICEGATE_PORTA" 0 3 2584, C4<0>;
P_0x132052780 .param/l "ENABLE_ICEGATE_PORTB" 0 3 2585, C4<0>;
P_0x1320527c0 .param/l "EXTERNAL_DIVIDE_FACTOR" 0 3 2587, +C4<00000000000000000000000000000001>;
P_0x132052800 .param/l "FDA_FEEDBACK" 0 3 2576, C4<0000>;
P_0x132052840 .param/l "FDA_RELATIVE" 0 3 2577, C4<0000>;
P_0x132052880 .param/str "FEEDBACK_PATH" 0 3 2572, "SIMPLE";
P_0x1320528c0 .param/l "FILTER_RANGE" 0 3 2583, C4<000>;
P_0x132052900 .param/str "PLLOUT_SELECT_PORTA" 0 3 2578, "GENCLK";
P_0x132052940 .param/str "PLLOUT_SELECT_PORTB" 0 3 2579, "GENCLK";
P_0x132052980 .param/l "SHIFTREG_DIV_MODE" 0 3 2575, C4<00>;
P_0x1320529c0 .param/l "TEST_MODE" 0 3 2586, C4<0>;
o0x13805b8c0 .functor BUFZ 1, c4<z>; HiZ drive
v0x1319e2a30_0 .net "BYPASS", 0 0, o0x13805b8c0;  0 drivers
o0x13805b8f0 .functor BUFZ 8, c4<zzzzzzzz>; HiZ drive
v0x1319e2ac0_0 .net "DYNAMICDELAY", 7 0, o0x13805b8f0;  0 drivers
o0x13805b920 .functor BUFZ 1, c4<z>; HiZ drive
v0x1319e2b50_0 .net "EXTFEEDBACK", 0 0, o0x13805b920;  0 drivers
o0x13805b950 .functor BUFZ 1, c4<z>; HiZ drive
v0x1319e2be0_0 .net "LATCHINPUTVALUE", 0 0, o0x13805b950;  0 drivers
o0x13805b980 .functor BUFZ 1, c4<z>; HiZ drive
v0x1319e2c70_0 .net "LOCK", 0 0, o0x13805b980;  0 drivers
o0x13805b9b0 .functor BUFZ 1, c4<z>; HiZ drive
v0x1319e2d10_0 .net "PACKAGEPIN", 0 0, o0x13805b9b0;  0 drivers
o0x13805b9e0 .functor BUFZ 1, c4<z>; HiZ drive
v0x1319e2db0_0 .net "PLLOUTCOREA", 0 0, o0x13805b9e0;  0 drivers
o0x13805ba10 .functor BUFZ 1, c4<z>; HiZ drive
v0x1319e2e50_0 .net "PLLOUTCOREB", 0 0, o0x13805ba10;  0 drivers
o0x13805ba40 .functor BUFZ 1, c4<z>; HiZ drive
v0x1319e2ef0_0 .net "PLLOUTGLOBALA", 0 0, o0x13805ba40;  0 drivers
o0x13805ba70 .functor BUFZ 1, c4<z>; HiZ drive
v0x1319e3000_0 .net "PLLOUTGLOBALB", 0 0, o0x13805ba70;  0 drivers
o0x13805baa0 .functor BUFZ 1, c4<z>; HiZ drive
v0x1319e3090_0 .net "RESETB", 0 0, o0x13805baa0;  0 drivers
o0x13805bad0 .functor BUFZ 1, c4<z>; HiZ drive
v0x1319e3130_0 .net "SCLK", 0 0, o0x13805bad0;  0 drivers
o0x13805bb00 .functor BUFZ 1, c4<z>; HiZ drive
v0x1319e31d0_0 .net "SDI", 0 0, o0x13805bb00;  0 drivers
o0x13805bb30 .functor BUFZ 1, c4<z>; HiZ drive
v0x1319e3270_0 .net "SDO", 0 0, o0x13805bb30;  0 drivers
S_0x1319a7570 .scope module, "SB_PLL40_2_PAD" "SB_PLL40_2_PAD" 3 2487;
 .timescale -12 -12;
    .port_info 0 /INPUT 1 "PACKAGEPIN";
    .port_info 1 /OUTPUT 1 "PLLOUTCOREA";
    .port_info 2 /OUTPUT 1 "PLLOUTGLOBALA";
    .port_info 3 /OUTPUT 1 "PLLOUTCOREB";
    .port_info 4 /OUTPUT 1 "PLLOUTGLOBALB";
    .port_info 5 /INPUT 1 "EXTFEEDBACK";
    .port_info 6 /INPUT 8 "DYNAMICDELAY";
    .port_info 7 /OUTPUT 1 "LOCK";
    .port_info 8 /INPUT 1 "BYPASS";
    .port_info 9 /INPUT 1 "RESETB";
    .port_info 10 /INPUT 1 "LATCHINPUTVALUE";
    .port_info 11 /OUTPUT 1 "SDO";
    .port_info 12 /INPUT 1 "SDI";
    .port_info 13 /INPUT 1 "SCLK";
P_0x13188d010 .param/str "DELAY_ADJUSTMENT_MODE_FEEDBACK" 0 3 2504, "FIXED";
P_0x13188d050 .param/str "DELAY_ADJUSTMENT_MODE_RELATIVE" 0 3 2505, "FIXED";
P_0x13188d090 .param/l "DIVF" 0 3 2511, C4<0000000>;
P_0x13188d0d0 .param/l "DIVQ" 0 3 2512, C4<000>;
P_0x13188d110 .param/l "DIVR" 0 3 2510, C4<0000>;
P_0x13188d150 .param/l "ENABLE_ICEGATE_PORTA" 0 3 2514, C4<0>;
P_0x13188d190 .param/l "ENABLE_ICEGATE_PORTB" 0 3 2515, C4<0>;
P_0x13188d1d0 .param/l "EXTERNAL_DIVIDE_FACTOR" 0 3 2517, +C4<00000000000000000000000000000001>;
P_0x13188d210 .param/l "FDA_FEEDBACK" 0 3 2507, C4<0000>;
P_0x13188d250 .param/l "FDA_RELATIVE" 0 3 2508, C4<0000>;
P_0x13188d290 .param/str "FEEDBACK_PATH" 0 3 2503, "SIMPLE";
P_0x13188d2d0 .param/l "FILTER_RANGE" 0 3 2513, C4<000>;
P_0x13188d310 .param/str "PLLOUT_SELECT_PORTB" 0 3 2509, "GENCLK";
P_0x13188d350 .param/l "SHIFTREG_DIV_MODE" 0 3 2506, C4<0>;
P_0x13188d390 .param/l "TEST_MODE" 0 3 2516, C4<0>;
o0x13805be00 .functor BUFZ 1, c4<z>; HiZ drive
v0x1319e3460_0 .net "BYPASS", 0 0, o0x13805be00;  0 drivers
o0x13805be30 .functor BUFZ 8, c4<zzzzzzzz>; HiZ drive
v0x1319e34f0_0 .net "DYNAMICDELAY", 7 0, o0x13805be30;  0 drivers
o0x13805be60 .functor BUFZ 1, c4<z>; HiZ drive
v0x1319e3580_0 .net "EXTFEEDBACK", 0 0, o0x13805be60;  0 drivers
o0x13805be90 .functor BUFZ 1, c4<z>; HiZ drive
v0x1319e3610_0 .net "LATCHINPUTVALUE", 0 0, o0x13805be90;  0 drivers
o0x13805bec0 .functor BUFZ 1, c4<z>; HiZ drive
v0x1319e36a0_0 .net "LOCK", 0 0, o0x13805bec0;  0 drivers
o0x13805bef0 .functor BUFZ 1, c4<z>; HiZ drive
v0x1319e3740_0 .net "PACKAGEPIN", 0 0, o0x13805bef0;  0 drivers
o0x13805bf20 .functor BUFZ 1, c4<z>; HiZ drive
v0x1319e37e0_0 .net "PLLOUTCOREA", 0 0, o0x13805bf20;  0 drivers
o0x13805bf50 .functor BUFZ 1, c4<z>; HiZ drive
v0x1319e3880_0 .net "PLLOUTCOREB", 0 0, o0x13805bf50;  0 drivers
o0x13805bf80 .functor BUFZ 1, c4<z>; HiZ drive
v0x1319e3920_0 .net "PLLOUTGLOBALA", 0 0, o0x13805bf80;  0 drivers
o0x13805bfb0 .functor BUFZ 1, c4<z>; HiZ drive
v0x1319e3a30_0 .net "PLLOUTGLOBALB", 0 0, o0x13805bfb0;  0 drivers
o0x13805bfe0 .functor BUFZ 1, c4<z>; HiZ drive
v0x1319e3ac0_0 .net "RESETB", 0 0, o0x13805bfe0;  0 drivers
o0x13805c010 .functor BUFZ 1, c4<z>; HiZ drive
v0x1319e3b60_0 .net "SCLK", 0 0, o0x13805c010;  0 drivers
o0x13805c040 .functor BUFZ 1, c4<z>; HiZ drive
v0x1319e3c00_0 .net "SDI", 0 0, o0x13805c040;  0 drivers
o0x13805c070 .functor BUFZ 1, c4<z>; HiZ drive
v0x1319e3ca0_0 .net "SDO", 0 0, o0x13805c070;  0 drivers
S_0x131876cb0 .scope module, "SB_PLL40_CORE" "SB_PLL40_CORE" 3 2425;
 .timescale -12 -12;
    .port_info 0 /INPUT 1 "REFERENCECLK";
    .port_info 1 /OUTPUT 1 "PLLOUTCORE";
    .port_info 2 /OUTPUT 1 "PLLOUTGLOBAL";
    .port_info 3 /INPUT 1 "EXTFEEDBACK";
    .port_info 4 /INPUT 8 "DYNAMICDELAY";
    .port_info 5 /OUTPUT 1 "LOCK";
    .port_info 6 /INPUT 1 "BYPASS";
    .port_info 7 /INPUT 1 "RESETB";
    .port_info 8 /INPUT 1 "LATCHINPUTVALUE";
    .port_info 9 /OUTPUT 1 "SDO";
    .port_info 10 /INPUT 1 "SDI";
    .port_info 11 /INPUT 1 "SCLK";
P_0x1318826c0 .param/str "DELAY_ADJUSTMENT_MODE_FEEDBACK" 0 3 2440, "FIXED";
P_0x131882700 .param/str "DELAY_ADJUSTMENT_MODE_RELATIVE" 0 3 2441, "FIXED";
P_0x131882740 .param/l "DIVF" 0 3 2447, C4<0000000>;
P_0x131882780 .param/l "DIVQ" 0 3 2448, C4<000>;
P_0x1318827c0 .param/l "DIVR" 0 3 2446, C4<0000>;
P_0x131882800 .param/l "ENABLE_ICEGATE" 0 3 2450, C4<0>;
P_0x131882840 .param/l "EXTERNAL_DIVIDE_FACTOR" 0 3 2452, +C4<00000000000000000000000000000001>;
P_0x131882880 .param/l "FDA_FEEDBACK" 0 3 2443, C4<0000>;
P_0x1318828c0 .param/l "FDA_RELATIVE" 0 3 2444, C4<0000>;
P_0x131882900 .param/str "FEEDBACK_PATH" 0 3 2439, "SIMPLE";
P_0x131882940 .param/l "FILTER_RANGE" 0 3 2449, C4<000>;
P_0x131882980 .param/str "PLLOUT_SELECT" 0 3 2445, "GENCLK";
P_0x1318829c0 .param/l "SHIFTREG_DIV_MODE" 0 3 2442, C4<0>;
P_0x131882a00 .param/l "TEST_MODE" 0 3 2451, C4<0>;
o0x13805c340 .functor BUFZ 1, c4<z>; HiZ drive
v0x1319e3e90_0 .net "BYPASS", 0 0, o0x13805c340;  0 drivers
o0x13805c370 .functor BUFZ 8, c4<zzzzzzzz>; HiZ drive
v0x1319e3f20_0 .net "DYNAMICDELAY", 7 0, o0x13805c370;  0 drivers
o0x13805c3a0 .functor BUFZ 1, c4<z>; HiZ drive
v0x1319e3fb0_0 .net "EXTFEEDBACK", 0 0, o0x13805c3a0;  0 drivers
o0x13805c3d0 .functor BUFZ 1, c4<z>; HiZ drive
v0x1319e4040_0 .net "LATCHINPUTVALUE", 0 0, o0x13805c3d0;  0 drivers
o0x13805c400 .functor BUFZ 1, c4<z>; HiZ drive
v0x1319e40d0_0 .net "LOCK", 0 0, o0x13805c400;  0 drivers
o0x13805c430 .functor BUFZ 1, c4<z>; HiZ drive
v0x1319e4170_0 .net "PLLOUTCORE", 0 0, o0x13805c430;  0 drivers
o0x13805c460 .functor BUFZ 1, c4<z>; HiZ drive
v0x1319e4210_0 .net "PLLOUTGLOBAL", 0 0, o0x13805c460;  0 drivers
o0x13805c490 .functor BUFZ 1, c4<z>; HiZ drive
v0x1319e42b0_0 .net "REFERENCECLK", 0 0, o0x13805c490;  0 drivers
o0x13805c4c0 .functor BUFZ 1, c4<z>; HiZ drive
v0x1319e4350_0 .net "RESETB", 0 0, o0x13805c4c0;  0 drivers
o0x13805c4f0 .functor BUFZ 1, c4<z>; HiZ drive
v0x1319e4460_0 .net "SCLK", 0 0, o0x13805c4f0;  0 drivers
o0x13805c520 .functor BUFZ 1, c4<z>; HiZ drive
v0x1319e44f0_0 .net "SDI", 0 0, o0x13805c520;  0 drivers
o0x13805c550 .functor BUFZ 1, c4<z>; HiZ drive
v0x1319e4590_0 .net "SDO", 0 0, o0x13805c550;  0 drivers
S_0x131993dd0 .scope module, "SB_PLL40_PAD" "SB_PLL40_PAD" 3 2456;
 .timescale -12 -12;
    .port_info 0 /INPUT 1 "PACKAGEPIN";
    .port_info 1 /OUTPUT 1 "PLLOUTCORE";
    .port_info 2 /OUTPUT 1 "PLLOUTGLOBAL";
    .port_info 3 /INPUT 1 "EXTFEEDBACK";
    .port_info 4 /INPUT 8 "DYNAMICDELAY";
    .port_info 5 /OUTPUT 1 "LOCK";
    .port_info 6 /INPUT 1 "BYPASS";
    .port_info 7 /INPUT 1 "RESETB";
    .port_info 8 /INPUT 1 "LATCHINPUTVALUE";
    .port_info 9 /OUTPUT 1 "SDO";
    .port_info 10 /INPUT 1 "SDI";
    .port_info 11 /INPUT 1 "SCLK";
P_0x13187e770 .param/str "DELAY_ADJUSTMENT_MODE_FEEDBACK" 0 3 2471, "FIXED";
P_0x13187e7b0 .param/str "DELAY_ADJUSTMENT_MODE_RELATIVE" 0 3 2472, "FIXED";
P_0x13187e7f0 .param/l "DIVF" 0 3 2478, C4<0000000>;
P_0x13187e830 .param/l "DIVQ" 0 3 2479, C4<000>;
P_0x13187e870 .param/l "DIVR" 0 3 2477, C4<0000>;
P_0x13187e8b0 .param/l "ENABLE_ICEGATE" 0 3 2481, C4<0>;
P_0x13187e8f0 .param/l "EXTERNAL_DIVIDE_FACTOR" 0 3 2483, +C4<00000000000000000000000000000001>;
P_0x13187e930 .param/l "FDA_FEEDBACK" 0 3 2474, C4<0000>;
P_0x13187e970 .param/l "FDA_RELATIVE" 0 3 2475, C4<0000>;
P_0x13187e9b0 .param/str "FEEDBACK_PATH" 0 3 2470, "SIMPLE";
P_0x13187e9f0 .param/l "FILTER_RANGE" 0 3 2480, C4<000>;
P_0x13187ea30 .param/str "PLLOUT_SELECT" 0 3 2476, "GENCLK";
P_0x13187ea70 .param/l "SHIFTREG_DIV_MODE" 0 3 2473, C4<0>;
P_0x13187eab0 .param/l "TEST_MODE" 0 3 2482, C4<0>;
o0x13805c7c0 .functor BUFZ 1, c4<z>; HiZ drive
v0x1319e4750_0 .net "BYPASS", 0 0, o0x13805c7c0;  0 drivers
o0x13805c7f0 .functor BUFZ 8, c4<zzzzzzzz>; HiZ drive
v0x1319e47e0_0 .net "DYNAMICDELAY", 7 0, o0x13805c7f0;  0 drivers
o0x13805c820 .functor BUFZ 1, c4<z>; HiZ drive
v0x1319e4870_0 .net "EXTFEEDBACK", 0 0, o0x13805c820;  0 drivers
o0x13805c850 .functor BUFZ 1, c4<z>; HiZ drive
v0x1319e4900_0 .net "LATCHINPUTVALUE", 0 0, o0x13805c850;  0 drivers
o0x13805c880 .functor BUFZ 1, c4<z>; HiZ drive
v0x1319e4990_0 .net "LOCK", 0 0, o0x13805c880;  0 drivers
o0x13805c8b0 .functor BUFZ 1, c4<z>; HiZ drive
v0x1319e4a60_0 .net "PACKAGEPIN", 0 0, o0x13805c8b0;  0 drivers
o0x13805c8e0 .functor BUFZ 1, c4<z>; HiZ drive
v0x1319e4af0_0 .net "PLLOUTCORE", 0 0, o0x13805c8e0;  0 drivers
o0x13805c910 .functor BUFZ 1, c4<z>; HiZ drive
v0x1319e4b80_0 .net "PLLOUTGLOBAL", 0 0, o0x13805c910;  0 drivers
o0x13805c940 .functor BUFZ 1, c4<z>; HiZ drive
v0x1319e4c20_0 .net "RESETB", 0 0, o0x13805c940;  0 drivers
o0x13805c970 .functor BUFZ 1, c4<z>; HiZ drive
v0x1319e4d30_0 .net "SCLK", 0 0, o0x13805c970;  0 drivers
o0x13805c9a0 .functor BUFZ 1, c4<z>; HiZ drive
v0x1319e4dc0_0 .net "SDI", 0 0, o0x13805c9a0;  0 drivers
o0x13805c9d0 .functor BUFZ 1, c4<z>; HiZ drive
v0x1319e4e60_0 .net "SDO", 0 0, o0x13805c9d0;  0 drivers
S_0x131991830 .scope module, "SB_RAM40_4KNR" "SB_RAM40_4KNR" 3 1726;
 .timescale -12 -12;
    .port_info 0 /OUTPUT 16 "RDATA";
    .port_info 1 /INPUT 1 "RCLKN";
    .port_info 2 /INPUT 1 "RCLKE";
    .port_info 3 /INPUT 1 "RE";
    .port_info 4 /INPUT 11 "RADDR";
    .port_info 5 /INPUT 1 "WCLK";
    .port_info 6 /INPUT 1 "WCLKE";
    .port_info 7 /INPUT 1 "WE";
    .port_info 8 /INPUT 11 "WADDR";
    .port_info 9 /INPUT 16 "MASK";
    .port_info 10 /INPUT 16 "WDATA";
P_0x132052a00 .param/l "INIT_0" 0 3 1742, C4<0000000000000000000000000000000000000000000000000000000000000000000000000000000000000000000000000000000000000000000000000000000000000000000000000000000000000000000000000000000000000000000000000000000000000000000000000000000000000000000000000000000000000000>;
P_0x132052a40 .param/l "INIT_1" 0 3 1743, C4<0000000000000000000000000000000000000000000000000000000000000000000000000000000000000000000000000000000000000000000000000000000000000000000000000000000000000000000000000000000000000000000000000000000000000000000000000000000000000000000000000000000000000000>;
P_0x132052a80 .param/l "INIT_2" 0 3 1744, C4<0000000000000000000000000000000000000000000000000000000000000000000000000000000000000000000000000000000000000000000000000000000000000000000000000000000000000000000000000000000000000000000000000000000000000000000000000000000000000000000000000000000000000000>;
P_0x132052ac0 .param/l "INIT_3" 0 3 1745, C4<0000000000000000000000000000000000000000000000000000000000000000000000000000000000000000000000000000000000000000000000000000000000000000000000000000000000000000000000000000000000000000000000000000000000000000000000000000000000000000000000000000000000000000>;
P_0x132052b00 .param/l "INIT_4" 0 3 1746, C4<0000000000000000000000000000000000000000000000000000000000000000000000000000000000000000000000000000000000000000000000000000000000000000000000000000000000000000000000000000000000000000000000000000000000000000000000000000000000000000000000000000000000000000>;
P_0x132052b40 .param/l "INIT_5" 0 3 1747, C4<0000000000000000000000000000000000000000000000000000000000000000000000000000000000000000000000000000000000000000000000000000000000000000000000000000000000000000000000000000000000000000000000000000000000000000000000000000000000000000000000000000000000000000>;
P_0x132052b80 .param/l "INIT_6" 0 3 1748, C4<0000000000000000000000000000000000000000000000000000000000000000000000000000000000000000000000000000000000000000000000000000000000000000000000000000000000000000000000000000000000000000000000000000000000000000000000000000000000000000000000000000000000000000>;
P_0x132052bc0 .param/l "INIT_7" 0 3 1749, C4<0000000000000000000000000000000000000000000000000000000000000000000000000000000000000000000000000000000000000000000000000000000000000000000000000000000000000000000000000000000000000000000000000000000000000000000000000000000000000000000000000000000000000000>;
P_0x132052c00 .param/l "INIT_8" 0 3 1750, C4<0000000000000000000000000000000000000000000000000000000000000000000000000000000000000000000000000000000000000000000000000000000000000000000000000000000000000000000000000000000000000000000000000000000000000000000000000000000000000000000000000000000000000000>;
P_0x132052c40 .param/l "INIT_9" 0 3 1751, C4<0000000000000000000000000000000000000000000000000000000000000000000000000000000000000000000000000000000000000000000000000000000000000000000000000000000000000000000000000000000000000000000000000000000000000000000000000000000000000000000000000000000000000000>;
P_0x132052c80 .param/l "INIT_A" 0 3 1752, C4<0000000000000000000000000000000000000000000000000000000000000000000000000000000000000000000000000000000000000000000000000000000000000000000000000000000000000000000000000000000000000000000000000000000000000000000000000000000000000000000000000000000000000000>;
P_0x132052cc0 .param/l "INIT_B" 0 3 1753, C4<0000000000000000000000000000000000000000000000000000000000000000000000000000000000000000000000000000000000000000000000000000000000000000000000000000000000000000000000000000000000000000000000000000000000000000000000000000000000000000000000000000000000000000>;
P_0x132052d00 .param/l "INIT_C" 0 3 1754, C4<0000000000000000000000000000000000000000000000000000000000000000000000000000000000000000000000000000000000000000000000000000000000000000000000000000000000000000000000000000000000000000000000000000000000000000000000000000000000000000000000000000000000000000>;
P_0x132052d40 .param/l "INIT_D" 0 3 1755, C4<0000000000000000000000000000000000000000000000000000000000000000000000000000000000000000000000000000000000000000000000000000000000000000000000000000000000000000000000000000000000000000000000000000000000000000000000000000000000000000000000000000000000000000>;
P_0x132052d80 .param/l "INIT_E" 0 3 1756, C4<0000000000000000000000000000000000000000000000000000000000000000000000000000000000000000000000000000000000000000000000000000000000000000000000000000000000000000000000000000000000000000000000000000000000000000000000000000000000000000000000000000000000000000>;
P_0x132052dc0 .param/l "INIT_F" 0 3 1757, C4<0000000000000000000000000000000000000000000000000000000000000000000000000000000000000000000000000000000000000000000000000000000000000000000000000000000000000000000000000000000000000000000000000000000000000000000000000000000000000000000000000000000000000000>;
P_0x132052e00 .param/str "INIT_FILE" 0 3 1759, "\000";
P_0x132052e40 .param/l "READ_MODE" 0 3 1740, +C4<00000000000000000000000000000000>;
P_0x132052e80 .param/l "WRITE_MODE" 0 3 1739, +C4<00000000000000000000000000000000>;
o0x13805d150 .functor BUFZ 1, c4<z>; HiZ drive
L_0x131a05360 .functor NOT 1, o0x13805d150, C4<0>, C4<0>, C4<0>;
o0x13805cc40 .functor BUFZ 16, c4<zzzzzzzzzzzzzzzz>; HiZ drive
v0x1319e7dc0_0 .net "MASK", 15 0, o0x13805cc40;  0 drivers
o0x13805cc70 .functor BUFZ 11, c4<zzzzzzzzzzz>; HiZ drive
v0x1319e7e50_0 .net "RADDR", 10 0, o0x13805cc70;  0 drivers
o0x13805ccd0 .functor BUFZ 1, c4<z>; HiZ drive
v0x1319e7ee0_0 .net "RCLKE", 0 0, o0x13805ccd0;  0 drivers
v0x1319e7f70_0 .net "RCLKN", 0 0, o0x13805d150;  0 drivers
v0x1319e8000_0 .net "RDATA", 15 0, L_0x131a052f0;  1 drivers
o0x13805cd60 .functor BUFZ 1, c4<z>; HiZ drive
v0x1319e8090_0 .net "RE", 0 0, o0x13805cd60;  0 drivers
o0x13805cdc0 .functor BUFZ 11, c4<zzzzzzzzzzz>; HiZ drive
v0x1319e8140_0 .net "WADDR", 10 0, o0x13805cdc0;  0 drivers
o0x13805cdf0 .functor BUFZ 1, c4<z>; HiZ drive
v0x1319e81f0_0 .net "WCLK", 0 0, o0x13805cdf0;  0 drivers
o0x13805ce20 .functor BUFZ 1, c4<z>; HiZ drive
v0x1319e82a0_0 .net "WCLKE", 0 0, o0x13805ce20;  0 drivers
o0x13805ce50 .functor BUFZ 16, c4<zzzzzzzzzzzzzzzz>; HiZ drive
v0x1319e83d0_0 .net "WDATA", 15 0, o0x13805ce50;  0 drivers
o0x13805ceb0 .functor BUFZ 1, c4<z>; HiZ drive
v0x1319e8460_0 .net "WE", 0 0, o0x13805ceb0;  0 drivers
S_0x1319e5020 .scope module, "RAM" "SB_RAM40_4K" 3 1781, 3 1487 0, S_0x131991830;
 .timescale -12 -12;
    .port_info 0 /OUTPUT 16 "RDATA";
    .port_info 1 /INPUT 1 "RCLK";
    .port_info 2 /INPUT 1 "RCLKE";
    .port_info 3 /INPUT 1 "RE";
    .port_info 4 /INPUT 11 "RADDR";
    .port_info 5 /INPUT 1 "WCLK";
    .port_info 6 /INPUT 1 "WCLKE";
    .port_info 7 /INPUT 1 "WE";
    .port_info 8 /INPUT 11 "WADDR";
    .port_info 9 /INPUT 16 "MASK";
    .port_info 10 /INPUT 16 "WDATA";
P_0x132055c00 .param/l "INIT_0" 0 3 1507, C4<0000000000000000000000000000000000000000000000000000000000000000000000000000000000000000000000000000000000000000000000000000000000000000000000000000000000000000000000000000000000000000000000000000000000000000000000000000000000000000000000000000000000000000>;
P_0x132055c40 .param/l "INIT_1" 0 3 1508, C4<0000000000000000000000000000000000000000000000000000000000000000000000000000000000000000000000000000000000000000000000000000000000000000000000000000000000000000000000000000000000000000000000000000000000000000000000000000000000000000000000000000000000000000>;
P_0x132055c80 .param/l "INIT_2" 0 3 1509, C4<0000000000000000000000000000000000000000000000000000000000000000000000000000000000000000000000000000000000000000000000000000000000000000000000000000000000000000000000000000000000000000000000000000000000000000000000000000000000000000000000000000000000000000>;
P_0x132055cc0 .param/l "INIT_3" 0 3 1510, C4<0000000000000000000000000000000000000000000000000000000000000000000000000000000000000000000000000000000000000000000000000000000000000000000000000000000000000000000000000000000000000000000000000000000000000000000000000000000000000000000000000000000000000000>;
P_0x132055d00 .param/l "INIT_4" 0 3 1511, C4<0000000000000000000000000000000000000000000000000000000000000000000000000000000000000000000000000000000000000000000000000000000000000000000000000000000000000000000000000000000000000000000000000000000000000000000000000000000000000000000000000000000000000000>;
P_0x132055d40 .param/l "INIT_5" 0 3 1512, C4<0000000000000000000000000000000000000000000000000000000000000000000000000000000000000000000000000000000000000000000000000000000000000000000000000000000000000000000000000000000000000000000000000000000000000000000000000000000000000000000000000000000000000000>;
P_0x132055d80 .param/l "INIT_6" 0 3 1513, C4<0000000000000000000000000000000000000000000000000000000000000000000000000000000000000000000000000000000000000000000000000000000000000000000000000000000000000000000000000000000000000000000000000000000000000000000000000000000000000000000000000000000000000000>;
P_0x132055dc0 .param/l "INIT_7" 0 3 1514, C4<0000000000000000000000000000000000000000000000000000000000000000000000000000000000000000000000000000000000000000000000000000000000000000000000000000000000000000000000000000000000000000000000000000000000000000000000000000000000000000000000000000000000000000>;
P_0x132055e00 .param/l "INIT_8" 0 3 1515, C4<0000000000000000000000000000000000000000000000000000000000000000000000000000000000000000000000000000000000000000000000000000000000000000000000000000000000000000000000000000000000000000000000000000000000000000000000000000000000000000000000000000000000000000>;
P_0x132055e40 .param/l "INIT_9" 0 3 1516, C4<0000000000000000000000000000000000000000000000000000000000000000000000000000000000000000000000000000000000000000000000000000000000000000000000000000000000000000000000000000000000000000000000000000000000000000000000000000000000000000000000000000000000000000>;
P_0x132055e80 .param/l "INIT_A" 0 3 1517, C4<0000000000000000000000000000000000000000000000000000000000000000000000000000000000000000000000000000000000000000000000000000000000000000000000000000000000000000000000000000000000000000000000000000000000000000000000000000000000000000000000000000000000000000>;
P_0x132055ec0 .param/l "INIT_B" 0 3 1518, C4<0000000000000000000000000000000000000000000000000000000000000000000000000000000000000000000000000000000000000000000000000000000000000000000000000000000000000000000000000000000000000000000000000000000000000000000000000000000000000000000000000000000000000000>;
P_0x132055f00 .param/l "INIT_C" 0 3 1519, C4<0000000000000000000000000000000000000000000000000000000000000000000000000000000000000000000000000000000000000000000000000000000000000000000000000000000000000000000000000000000000000000000000000000000000000000000000000000000000000000000000000000000000000000>;
P_0x132055f40 .param/l "INIT_D" 0 3 1520, C4<0000000000000000000000000000000000000000000000000000000000000000000000000000000000000000000000000000000000000000000000000000000000000000000000000000000000000000000000000000000000000000000000000000000000000000000000000000000000000000000000000000000000000000>;
P_0x132055f80 .param/l "INIT_E" 0 3 1521, C4<0000000000000000000000000000000000000000000000000000000000000000000000000000000000000000000000000000000000000000000000000000000000000000000000000000000000000000000000000000000000000000000000000000000000000000000000000000000000000000000000000000000000000000>;
P_0x132055fc0 .param/l "INIT_F" 0 3 1522, C4<0000000000000000000000000000000000000000000000000000000000000000000000000000000000000000000000000000000000000000000000000000000000000000000000000000000000000000000000000000000000000000000000000000000000000000000000000000000000000000000000000000000000000000>;
P_0x132056000 .param/str "INIT_FILE" 0 3 1524, "\000";
P_0x132056040 .param/l "READ_MODE" 0 3 1505, +C4<00000000000000000000000000000000>;
P_0x132056080 .param/l "WRITE_MODE" 0 3 1504, +C4<00000000000000000000000000000000>;
v0x1319e7020_0 .net "MASK", 15 0, o0x13805cc40;  alias, 0 drivers
v0x1319e70b0_0 .net "RADDR", 10 0, o0x13805cc70;  alias, 0 drivers
v0x1319e7160_0 .net "RCLK", 0 0, L_0x131a05360;  1 drivers
v0x1319e7210_0 .net "RCLKE", 0 0, o0x13805ccd0;  alias, 0 drivers
v0x1319e72b0_0 .net "RDATA", 15 0, L_0x131a052f0;  alias, 1 drivers
v0x1319e73a0_0 .var "RDATA_I", 15 0;
v0x1319e7450_0 .net "RE", 0 0, o0x13805cd60;  alias, 0 drivers
L_0x138088b08 .functor BUFT 1, C4<0000000000000000>, C4<0>, C4<0>, C4<0>;
v0x1319e74f0_0 .net "RMASK_I", 15 0, L_0x138088b08;  1 drivers
v0x1319e75a0_0 .net "WADDR", 10 0, o0x13805cdc0;  alias, 0 drivers
v0x1319e76b0_0 .net "WCLK", 0 0, o0x13805cdf0;  alias, 0 drivers
v0x1319e7750_0 .net "WCLKE", 0 0, o0x13805ce20;  alias, 0 drivers
v0x1319e77f0_0 .net "WDATA", 15 0, o0x13805ce50;  alias, 0 drivers
v0x1319e78a0_0 .net "WDATA_I", 15 0, L_0x131a04d90;  1 drivers
v0x1319e7950_0 .net "WE", 0 0, o0x13805ceb0;  alias, 0 drivers
v0x1319e79f0_0 .net "WMASK_I", 15 0, L_0x131a04ce0;  1 drivers
v0x1319e7aa0_0 .var/i "i", 31 0;
v0x1319e7b50 .array "memory", 255 0, 15 0;
E_0x1319e68a0 .event posedge, v0x1319e7160_0;
E_0x1319e6900 .event posedge, v0x1319e76b0_0;
S_0x1319e6950 .scope generate, "genblk1" "genblk1" 3 1534, 3 1534 0, S_0x1319e5020;
 .timescale -12 -12;
L_0x131a04ce0 .functor BUFZ 16, o0x13805cc40, C4<0000000000000000>, C4<0000000000000000>, C4<0000000000000000>;
S_0x1319e6b20 .scope generate, "genblk2" "genblk2" 3 1555, 3 1555 0, S_0x1319e5020;
 .timescale -12 -12;
S_0x1319e6cf0 .scope generate, "genblk3" "genblk3" 3 1576, 3 1576 0, S_0x1319e5020;
 .timescale -12 -12;
L_0x131a04d90 .functor BUFZ 16, o0x13805ce50, C4<0000000000000000>, C4<0000000000000000>, C4<0000000000000000>;
S_0x1319e6e60 .scope generate, "genblk4" "genblk4" 3 1595, 3 1595 0, S_0x1319e5020;
 .timescale -12 -12;
L_0x131a052f0 .functor BUFZ 16, v0x1319e73a0_0, C4<0000000000000000>, C4<0000000000000000>, C4<0000000000000000>;
S_0x1319587a0 .scope module, "SB_RAM40_4KNRNW" "SB_RAM40_4KNRNW" 3 1998;
 .timescale -12 -12;
    .port_info 0 /OUTPUT 16 "RDATA";
    .port_info 1 /INPUT 1 "RCLKN";
    .port_info 2 /INPUT 1 "RCLKE";
    .port_info 3 /INPUT 1 "RE";
    .port_info 4 /INPUT 11 "RADDR";
    .port_info 5 /INPUT 1 "WCLKN";
    .port_info 6 /INPUT 1 "WCLKE";
    .port_info 7 /INPUT 1 "WE";
    .port_info 8 /INPUT 11 "WADDR";
    .port_info 9 /INPUT 16 "MASK";
    .port_info 10 /INPUT 16 "WDATA";
P_0x132053400 .param/l "INIT_0" 0 3 2014, C4<0000000000000000000000000000000000000000000000000000000000000000000000000000000000000000000000000000000000000000000000000000000000000000000000000000000000000000000000000000000000000000000000000000000000000000000000000000000000000000000000000000000000000000>;
P_0x132053440 .param/l "INIT_1" 0 3 2015, C4<0000000000000000000000000000000000000000000000000000000000000000000000000000000000000000000000000000000000000000000000000000000000000000000000000000000000000000000000000000000000000000000000000000000000000000000000000000000000000000000000000000000000000000>;
P_0x132053480 .param/l "INIT_2" 0 3 2016, C4<0000000000000000000000000000000000000000000000000000000000000000000000000000000000000000000000000000000000000000000000000000000000000000000000000000000000000000000000000000000000000000000000000000000000000000000000000000000000000000000000000000000000000000>;
P_0x1320534c0 .param/l "INIT_3" 0 3 2017, C4<0000000000000000000000000000000000000000000000000000000000000000000000000000000000000000000000000000000000000000000000000000000000000000000000000000000000000000000000000000000000000000000000000000000000000000000000000000000000000000000000000000000000000000>;
P_0x132053500 .param/l "INIT_4" 0 3 2018, C4<0000000000000000000000000000000000000000000000000000000000000000000000000000000000000000000000000000000000000000000000000000000000000000000000000000000000000000000000000000000000000000000000000000000000000000000000000000000000000000000000000000000000000000>;
P_0x132053540 .param/l "INIT_5" 0 3 2019, C4<0000000000000000000000000000000000000000000000000000000000000000000000000000000000000000000000000000000000000000000000000000000000000000000000000000000000000000000000000000000000000000000000000000000000000000000000000000000000000000000000000000000000000000>;
P_0x132053580 .param/l "INIT_6" 0 3 2020, C4<0000000000000000000000000000000000000000000000000000000000000000000000000000000000000000000000000000000000000000000000000000000000000000000000000000000000000000000000000000000000000000000000000000000000000000000000000000000000000000000000000000000000000000>;
P_0x1320535c0 .param/l "INIT_7" 0 3 2021, C4<0000000000000000000000000000000000000000000000000000000000000000000000000000000000000000000000000000000000000000000000000000000000000000000000000000000000000000000000000000000000000000000000000000000000000000000000000000000000000000000000000000000000000000>;
P_0x132053600 .param/l "INIT_8" 0 3 2022, C4<0000000000000000000000000000000000000000000000000000000000000000000000000000000000000000000000000000000000000000000000000000000000000000000000000000000000000000000000000000000000000000000000000000000000000000000000000000000000000000000000000000000000000000>;
P_0x132053640 .param/l "INIT_9" 0 3 2023, C4<0000000000000000000000000000000000000000000000000000000000000000000000000000000000000000000000000000000000000000000000000000000000000000000000000000000000000000000000000000000000000000000000000000000000000000000000000000000000000000000000000000000000000000>;
P_0x132053680 .param/l "INIT_A" 0 3 2024, C4<0000000000000000000000000000000000000000000000000000000000000000000000000000000000000000000000000000000000000000000000000000000000000000000000000000000000000000000000000000000000000000000000000000000000000000000000000000000000000000000000000000000000000000>;
P_0x1320536c0 .param/l "INIT_B" 0 3 2025, C4<0000000000000000000000000000000000000000000000000000000000000000000000000000000000000000000000000000000000000000000000000000000000000000000000000000000000000000000000000000000000000000000000000000000000000000000000000000000000000000000000000000000000000000>;
P_0x132053700 .param/l "INIT_C" 0 3 2026, C4<0000000000000000000000000000000000000000000000000000000000000000000000000000000000000000000000000000000000000000000000000000000000000000000000000000000000000000000000000000000000000000000000000000000000000000000000000000000000000000000000000000000000000000>;
P_0x132053740 .param/l "INIT_D" 0 3 2027, C4<0000000000000000000000000000000000000000000000000000000000000000000000000000000000000000000000000000000000000000000000000000000000000000000000000000000000000000000000000000000000000000000000000000000000000000000000000000000000000000000000000000000000000000>;
P_0x132053780 .param/l "INIT_E" 0 3 2028, C4<0000000000000000000000000000000000000000000000000000000000000000000000000000000000000000000000000000000000000000000000000000000000000000000000000000000000000000000000000000000000000000000000000000000000000000000000000000000000000000000000000000000000000000>;
P_0x1320537c0 .param/l "INIT_F" 0 3 2029, C4<0000000000000000000000000000000000000000000000000000000000000000000000000000000000000000000000000000000000000000000000000000000000000000000000000000000000000000000000000000000000000000000000000000000000000000000000000000000000000000000000000000000000000000>;
P_0x132053800 .param/str "INIT_FILE" 0 3 2031, "\000";
P_0x132053840 .param/l "READ_MODE" 0 3 2012, +C4<00000000000000000000000000000000>;
P_0x132053880 .param/l "WRITE_MODE" 0 3 2011, +C4<00000000000000000000000000000000>;
o0x13805d8a0 .functor BUFZ 1, c4<z>; HiZ drive
L_0x131a05620 .functor NOT 1, o0x13805d8a0, C4<0>, C4<0>, C4<0>;
o0x13805d8d0 .functor BUFZ 1, c4<z>; HiZ drive
L_0x131a056b0 .functor NOT 1, o0x13805d8d0, C4<0>, C4<0>, C4<0>;
o0x13805d390 .functor BUFZ 16, c4<zzzzzzzzzzzzzzzz>; HiZ drive
v0x1319eb380_0 .net "MASK", 15 0, o0x13805d390;  0 drivers
o0x13805d3c0 .functor BUFZ 11, c4<zzzzzzzzzzz>; HiZ drive
v0x1319eb410_0 .net "RADDR", 10 0, o0x13805d3c0;  0 drivers
o0x13805d420 .functor BUFZ 1, c4<z>; HiZ drive
v0x1319eb4a0_0 .net "RCLKE", 0 0, o0x13805d420;  0 drivers
v0x1319eb530_0 .net "RCLKN", 0 0, o0x13805d8a0;  0 drivers
v0x1319eb5c0_0 .net "RDATA", 15 0, L_0x131a05570;  1 drivers
o0x13805d4b0 .functor BUFZ 1, c4<z>; HiZ drive
v0x1319eb650_0 .net "RE", 0 0, o0x13805d4b0;  0 drivers
o0x13805d510 .functor BUFZ 11, c4<zzzzzzzzzzz>; HiZ drive
v0x1319eb700_0 .net "WADDR", 10 0, o0x13805d510;  0 drivers
o0x13805d570 .functor BUFZ 1, c4<z>; HiZ drive
v0x1319eb7b0_0 .net "WCLKE", 0 0, o0x13805d570;  0 drivers
v0x1319eb860_0 .net "WCLKN", 0 0, o0x13805d8d0;  0 drivers
o0x13805d5a0 .functor BUFZ 16, c4<zzzzzzzzzzzzzzzz>; HiZ drive
v0x1319eb970_0 .net "WDATA", 15 0, o0x13805d5a0;  0 drivers
o0x13805d600 .functor BUFZ 1, c4<z>; HiZ drive
v0x1319eba20_0 .net "WE", 0 0, o0x13805d600;  0 drivers
S_0x1319e85a0 .scope module, "RAM" "SB_RAM40_4K" 3 2053, 3 1487 0, S_0x1319587a0;
 .timescale -12 -12;
    .port_info 0 /OUTPUT 16 "RDATA";
    .port_info 1 /INPUT 1 "RCLK";
    .port_info 2 /INPUT 1 "RCLKE";
    .port_info 3 /INPUT 1 "RE";
    .port_info 4 /INPUT 11 "RADDR";
    .port_info 5 /INPUT 1 "WCLK";
    .port_info 6 /INPUT 1 "WCLKE";
    .port_info 7 /INPUT 1 "WE";
    .port_info 8 /INPUT 11 "WADDR";
    .port_info 9 /INPUT 16 "MASK";
    .port_info 10 /INPUT 16 "WDATA";
P_0x132056200 .param/l "INIT_0" 0 3 1507, C4<0000000000000000000000000000000000000000000000000000000000000000000000000000000000000000000000000000000000000000000000000000000000000000000000000000000000000000000000000000000000000000000000000000000000000000000000000000000000000000000000000000000000000000>;
P_0x132056240 .param/l "INIT_1" 0 3 1508, C4<0000000000000000000000000000000000000000000000000000000000000000000000000000000000000000000000000000000000000000000000000000000000000000000000000000000000000000000000000000000000000000000000000000000000000000000000000000000000000000000000000000000000000000>;
P_0x132056280 .param/l "INIT_2" 0 3 1509, C4<0000000000000000000000000000000000000000000000000000000000000000000000000000000000000000000000000000000000000000000000000000000000000000000000000000000000000000000000000000000000000000000000000000000000000000000000000000000000000000000000000000000000000000>;
P_0x1320562c0 .param/l "INIT_3" 0 3 1510, C4<0000000000000000000000000000000000000000000000000000000000000000000000000000000000000000000000000000000000000000000000000000000000000000000000000000000000000000000000000000000000000000000000000000000000000000000000000000000000000000000000000000000000000000>;
P_0x132056300 .param/l "INIT_4" 0 3 1511, C4<0000000000000000000000000000000000000000000000000000000000000000000000000000000000000000000000000000000000000000000000000000000000000000000000000000000000000000000000000000000000000000000000000000000000000000000000000000000000000000000000000000000000000000>;
P_0x132056340 .param/l "INIT_5" 0 3 1512, C4<0000000000000000000000000000000000000000000000000000000000000000000000000000000000000000000000000000000000000000000000000000000000000000000000000000000000000000000000000000000000000000000000000000000000000000000000000000000000000000000000000000000000000000>;
P_0x132056380 .param/l "INIT_6" 0 3 1513, C4<0000000000000000000000000000000000000000000000000000000000000000000000000000000000000000000000000000000000000000000000000000000000000000000000000000000000000000000000000000000000000000000000000000000000000000000000000000000000000000000000000000000000000000>;
P_0x1320563c0 .param/l "INIT_7" 0 3 1514, C4<0000000000000000000000000000000000000000000000000000000000000000000000000000000000000000000000000000000000000000000000000000000000000000000000000000000000000000000000000000000000000000000000000000000000000000000000000000000000000000000000000000000000000000>;
P_0x132056400 .param/l "INIT_8" 0 3 1515, C4<0000000000000000000000000000000000000000000000000000000000000000000000000000000000000000000000000000000000000000000000000000000000000000000000000000000000000000000000000000000000000000000000000000000000000000000000000000000000000000000000000000000000000000>;
P_0x132056440 .param/l "INIT_9" 0 3 1516, C4<0000000000000000000000000000000000000000000000000000000000000000000000000000000000000000000000000000000000000000000000000000000000000000000000000000000000000000000000000000000000000000000000000000000000000000000000000000000000000000000000000000000000000000>;
P_0x132056480 .param/l "INIT_A" 0 3 1517, C4<0000000000000000000000000000000000000000000000000000000000000000000000000000000000000000000000000000000000000000000000000000000000000000000000000000000000000000000000000000000000000000000000000000000000000000000000000000000000000000000000000000000000000000>;
P_0x1320564c0 .param/l "INIT_B" 0 3 1518, C4<0000000000000000000000000000000000000000000000000000000000000000000000000000000000000000000000000000000000000000000000000000000000000000000000000000000000000000000000000000000000000000000000000000000000000000000000000000000000000000000000000000000000000000>;
P_0x132056500 .param/l "INIT_C" 0 3 1519, C4<0000000000000000000000000000000000000000000000000000000000000000000000000000000000000000000000000000000000000000000000000000000000000000000000000000000000000000000000000000000000000000000000000000000000000000000000000000000000000000000000000000000000000000>;
P_0x132056540 .param/l "INIT_D" 0 3 1520, C4<0000000000000000000000000000000000000000000000000000000000000000000000000000000000000000000000000000000000000000000000000000000000000000000000000000000000000000000000000000000000000000000000000000000000000000000000000000000000000000000000000000000000000000>;
P_0x132056580 .param/l "INIT_E" 0 3 1521, C4<0000000000000000000000000000000000000000000000000000000000000000000000000000000000000000000000000000000000000000000000000000000000000000000000000000000000000000000000000000000000000000000000000000000000000000000000000000000000000000000000000000000000000000>;
P_0x1320565c0 .param/l "INIT_F" 0 3 1522, C4<0000000000000000000000000000000000000000000000000000000000000000000000000000000000000000000000000000000000000000000000000000000000000000000000000000000000000000000000000000000000000000000000000000000000000000000000000000000000000000000000000000000000000000>;
P_0x132056600 .param/str "INIT_FILE" 0 3 1524, "\000";
P_0x132056640 .param/l "READ_MODE" 0 3 1505, +C4<00000000000000000000000000000000>;
P_0x132056680 .param/l "WRITE_MODE" 0 3 1504, +C4<00000000000000000000000000000000>;
v0x1319ea5e0_0 .net "MASK", 15 0, o0x13805d390;  alias, 0 drivers
v0x1319ea670_0 .net "RADDR", 10 0, o0x13805d3c0;  alias, 0 drivers
v0x1319ea720_0 .net "RCLK", 0 0, L_0x131a05620;  1 drivers
v0x1319ea7d0_0 .net "RCLKE", 0 0, o0x13805d420;  alias, 0 drivers
v0x1319ea870_0 .net "RDATA", 15 0, L_0x131a05570;  alias, 1 drivers
v0x1319ea960_0 .var "RDATA_I", 15 0;
v0x1319eaa10_0 .net "RE", 0 0, o0x13805d4b0;  alias, 0 drivers
L_0x138088b50 .functor BUFT 1, C4<0000000000000000>, C4<0>, C4<0>, C4<0>;
v0x1319eaab0_0 .net "RMASK_I", 15 0, L_0x138088b50;  1 drivers
v0x1319eab60_0 .net "WADDR", 10 0, o0x13805d510;  alias, 0 drivers
v0x1319eac70_0 .net "WCLK", 0 0, L_0x131a056b0;  1 drivers
v0x1319ead10_0 .net "WCLKE", 0 0, o0x13805d570;  alias, 0 drivers
v0x1319eadb0_0 .net "WDATA", 15 0, o0x13805d5a0;  alias, 0 drivers
v0x1319eae60_0 .net "WDATA_I", 15 0, L_0x131a054a0;  1 drivers
v0x1319eaf10_0 .net "WE", 0 0, o0x13805d600;  alias, 0 drivers
v0x1319eafb0_0 .net "WMASK_I", 15 0, L_0x131a053d0;  1 drivers
v0x1319eb060_0 .var/i "i", 31 0;
v0x1319eb110 .array "memory", 255 0, 15 0;
E_0x1319e9e60 .event posedge, v0x1319ea720_0;
E_0x1319e9ec0 .event posedge, v0x1319eac70_0;
S_0x1319e9f10 .scope generate, "genblk1" "genblk1" 3 1534, 3 1534 0, S_0x1319e85a0;
 .timescale -12 -12;
L_0x131a053d0 .functor BUFZ 16, o0x13805d390, C4<0000000000000000>, C4<0000000000000000>, C4<0000000000000000>;
S_0x1319ea0e0 .scope generate, "genblk2" "genblk2" 3 1555, 3 1555 0, S_0x1319e85a0;
 .timescale -12 -12;
S_0x1319ea2b0 .scope generate, "genblk3" "genblk3" 3 1576, 3 1576 0, S_0x1319e85a0;
 .timescale -12 -12;
L_0x131a054a0 .functor BUFZ 16, o0x13805d5a0, C4<0000000000000000>, C4<0000000000000000>, C4<0000000000000000>;
S_0x1319ea420 .scope generate, "genblk4" "genblk4" 3 1595, 3 1595 0, S_0x1319e85a0;
 .timescale -12 -12;
L_0x131a05570 .functor BUFZ 16, v0x1319ea960_0, C4<0000000000000000>, C4<0000000000000000>, C4<0000000000000000>;
S_0x1319933a0 .scope module, "SB_RAM40_4KNW" "SB_RAM40_4KNW" 3 1862;
 .timescale -12 -12;
    .port_info 0 /OUTPUT 16 "RDATA";
    .port_info 1 /INPUT 1 "RCLK";
    .port_info 2 /INPUT 1 "RCLKE";
    .port_info 3 /INPUT 1 "RE";
    .port_info 4 /INPUT 11 "RADDR";
    .port_info 5 /INPUT 1 "WCLKN";
    .port_info 6 /INPUT 1 "WCLKE";
    .port_info 7 /INPUT 1 "WE";
    .port_info 8 /INPUT 11 "WADDR";
    .port_info 9 /INPUT 16 "MASK";
    .port_info 10 /INPUT 16 "WDATA";
P_0x132053a00 .param/l "INIT_0" 0 3 1878, C4<0000000000000000000000000000000000000000000000000000000000000000000000000000000000000000000000000000000000000000000000000000000000000000000000000000000000000000000000000000000000000000000000000000000000000000000000000000000000000000000000000000000000000000>;
P_0x132053a40 .param/l "INIT_1" 0 3 1879, C4<0000000000000000000000000000000000000000000000000000000000000000000000000000000000000000000000000000000000000000000000000000000000000000000000000000000000000000000000000000000000000000000000000000000000000000000000000000000000000000000000000000000000000000>;
P_0x132053a80 .param/l "INIT_2" 0 3 1880, C4<0000000000000000000000000000000000000000000000000000000000000000000000000000000000000000000000000000000000000000000000000000000000000000000000000000000000000000000000000000000000000000000000000000000000000000000000000000000000000000000000000000000000000000>;
P_0x132053ac0 .param/l "INIT_3" 0 3 1881, C4<0000000000000000000000000000000000000000000000000000000000000000000000000000000000000000000000000000000000000000000000000000000000000000000000000000000000000000000000000000000000000000000000000000000000000000000000000000000000000000000000000000000000000000>;
P_0x132053b00 .param/l "INIT_4" 0 3 1882, C4<0000000000000000000000000000000000000000000000000000000000000000000000000000000000000000000000000000000000000000000000000000000000000000000000000000000000000000000000000000000000000000000000000000000000000000000000000000000000000000000000000000000000000000>;
P_0x132053b40 .param/l "INIT_5" 0 3 1883, C4<0000000000000000000000000000000000000000000000000000000000000000000000000000000000000000000000000000000000000000000000000000000000000000000000000000000000000000000000000000000000000000000000000000000000000000000000000000000000000000000000000000000000000000>;
P_0x132053b80 .param/l "INIT_6" 0 3 1884, C4<0000000000000000000000000000000000000000000000000000000000000000000000000000000000000000000000000000000000000000000000000000000000000000000000000000000000000000000000000000000000000000000000000000000000000000000000000000000000000000000000000000000000000000>;
P_0x132053bc0 .param/l "INIT_7" 0 3 1885, C4<0000000000000000000000000000000000000000000000000000000000000000000000000000000000000000000000000000000000000000000000000000000000000000000000000000000000000000000000000000000000000000000000000000000000000000000000000000000000000000000000000000000000000000>;
P_0x132053c00 .param/l "INIT_8" 0 3 1886, C4<0000000000000000000000000000000000000000000000000000000000000000000000000000000000000000000000000000000000000000000000000000000000000000000000000000000000000000000000000000000000000000000000000000000000000000000000000000000000000000000000000000000000000000>;
P_0x132053c40 .param/l "INIT_9" 0 3 1887, C4<0000000000000000000000000000000000000000000000000000000000000000000000000000000000000000000000000000000000000000000000000000000000000000000000000000000000000000000000000000000000000000000000000000000000000000000000000000000000000000000000000000000000000000>;
P_0x132053c80 .param/l "INIT_A" 0 3 1888, C4<0000000000000000000000000000000000000000000000000000000000000000000000000000000000000000000000000000000000000000000000000000000000000000000000000000000000000000000000000000000000000000000000000000000000000000000000000000000000000000000000000000000000000000>;
P_0x132053cc0 .param/l "INIT_B" 0 3 1889, C4<0000000000000000000000000000000000000000000000000000000000000000000000000000000000000000000000000000000000000000000000000000000000000000000000000000000000000000000000000000000000000000000000000000000000000000000000000000000000000000000000000000000000000000>;
P_0x132053d00 .param/l "INIT_C" 0 3 1890, C4<0000000000000000000000000000000000000000000000000000000000000000000000000000000000000000000000000000000000000000000000000000000000000000000000000000000000000000000000000000000000000000000000000000000000000000000000000000000000000000000000000000000000000000>;
P_0x132053d40 .param/l "INIT_D" 0 3 1891, C4<0000000000000000000000000000000000000000000000000000000000000000000000000000000000000000000000000000000000000000000000000000000000000000000000000000000000000000000000000000000000000000000000000000000000000000000000000000000000000000000000000000000000000000>;
P_0x132053d80 .param/l "INIT_E" 0 3 1892, C4<0000000000000000000000000000000000000000000000000000000000000000000000000000000000000000000000000000000000000000000000000000000000000000000000000000000000000000000000000000000000000000000000000000000000000000000000000000000000000000000000000000000000000000>;
P_0x132053dc0 .param/l "INIT_F" 0 3 1893, C4<0000000000000000000000000000000000000000000000000000000000000000000000000000000000000000000000000000000000000000000000000000000000000000000000000000000000000000000000000000000000000000000000000000000000000000000000000000000000000000000000000000000000000000>;
P_0x132053e00 .param/str "INIT_FILE" 0 3 1895, "\000";
P_0x132053e40 .param/l "READ_MODE" 0 3 1876, +C4<00000000000000000000000000000000>;
P_0x132053e80 .param/l "WRITE_MODE" 0 3 1875, +C4<00000000000000000000000000000000>;
o0x13805e020 .functor BUFZ 1, c4<z>; HiZ drive
L_0x131a059b0 .functor NOT 1, o0x13805e020, C4<0>, C4<0>, C4<0>;
o0x13805db10 .functor BUFZ 16, c4<zzzzzzzzzzzzzzzz>; HiZ drive
v0x1319ee940_0 .net "MASK", 15 0, o0x13805db10;  0 drivers
o0x13805db40 .functor BUFZ 11, c4<zzzzzzzzzzz>; HiZ drive
v0x1319ee9d0_0 .net "RADDR", 10 0, o0x13805db40;  0 drivers
o0x13805db70 .functor BUFZ 1, c4<z>; HiZ drive
v0x1319eea60_0 .net "RCLK", 0 0, o0x13805db70;  0 drivers
o0x13805dba0 .functor BUFZ 1, c4<z>; HiZ drive
v0x1319eeaf0_0 .net "RCLKE", 0 0, o0x13805dba0;  0 drivers
v0x1319eeb80_0 .net "RDATA", 15 0, L_0x131a05900;  1 drivers
o0x13805dc30 .functor BUFZ 1, c4<z>; HiZ drive
v0x1319eec50_0 .net "RE", 0 0, o0x13805dc30;  0 drivers
o0x13805dc90 .functor BUFZ 11, c4<zzzzzzzzzzz>; HiZ drive
v0x1319eece0_0 .net "WADDR", 10 0, o0x13805dc90;  0 drivers
o0x13805dcf0 .functor BUFZ 1, c4<z>; HiZ drive
v0x1319eed70_0 .net "WCLKE", 0 0, o0x13805dcf0;  0 drivers
v0x1319eee20_0 .net "WCLKN", 0 0, o0x13805e020;  0 drivers
o0x13805dd20 .functor BUFZ 16, c4<zzzzzzzzzzzzzzzz>; HiZ drive
v0x1319eef30_0 .net "WDATA", 15 0, o0x13805dd20;  0 drivers
o0x13805dd80 .functor BUFZ 1, c4<z>; HiZ drive
v0x1319eefe0_0 .net "WE", 0 0, o0x13805dd80;  0 drivers
S_0x1319ebb60 .scope module, "RAM" "SB_RAM40_4K" 3 1917, 3 1487 0, S_0x1319933a0;
 .timescale -12 -12;
    .port_info 0 /OUTPUT 16 "RDATA";
    .port_info 1 /INPUT 1 "RCLK";
    .port_info 2 /INPUT 1 "RCLKE";
    .port_info 3 /INPUT 1 "RE";
    .port_info 4 /INPUT 11 "RADDR";
    .port_info 5 /INPUT 1 "WCLK";
    .port_info 6 /INPUT 1 "WCLKE";
    .port_info 7 /INPUT 1 "WE";
    .port_info 8 /INPUT 11 "WADDR";
    .port_info 9 /INPUT 16 "MASK";
    .port_info 10 /INPUT 16 "WDATA";
P_0x132056800 .param/l "INIT_0" 0 3 1507, C4<0000000000000000000000000000000000000000000000000000000000000000000000000000000000000000000000000000000000000000000000000000000000000000000000000000000000000000000000000000000000000000000000000000000000000000000000000000000000000000000000000000000000000000>;
P_0x132056840 .param/l "INIT_1" 0 3 1508, C4<0000000000000000000000000000000000000000000000000000000000000000000000000000000000000000000000000000000000000000000000000000000000000000000000000000000000000000000000000000000000000000000000000000000000000000000000000000000000000000000000000000000000000000>;
P_0x132056880 .param/l "INIT_2" 0 3 1509, C4<0000000000000000000000000000000000000000000000000000000000000000000000000000000000000000000000000000000000000000000000000000000000000000000000000000000000000000000000000000000000000000000000000000000000000000000000000000000000000000000000000000000000000000>;
P_0x1320568c0 .param/l "INIT_3" 0 3 1510, C4<0000000000000000000000000000000000000000000000000000000000000000000000000000000000000000000000000000000000000000000000000000000000000000000000000000000000000000000000000000000000000000000000000000000000000000000000000000000000000000000000000000000000000000>;
P_0x132056900 .param/l "INIT_4" 0 3 1511, C4<0000000000000000000000000000000000000000000000000000000000000000000000000000000000000000000000000000000000000000000000000000000000000000000000000000000000000000000000000000000000000000000000000000000000000000000000000000000000000000000000000000000000000000>;
P_0x132056940 .param/l "INIT_5" 0 3 1512, C4<0000000000000000000000000000000000000000000000000000000000000000000000000000000000000000000000000000000000000000000000000000000000000000000000000000000000000000000000000000000000000000000000000000000000000000000000000000000000000000000000000000000000000000>;
P_0x132056980 .param/l "INIT_6" 0 3 1513, C4<0000000000000000000000000000000000000000000000000000000000000000000000000000000000000000000000000000000000000000000000000000000000000000000000000000000000000000000000000000000000000000000000000000000000000000000000000000000000000000000000000000000000000000>;
P_0x1320569c0 .param/l "INIT_7" 0 3 1514, C4<0000000000000000000000000000000000000000000000000000000000000000000000000000000000000000000000000000000000000000000000000000000000000000000000000000000000000000000000000000000000000000000000000000000000000000000000000000000000000000000000000000000000000000>;
P_0x132056a00 .param/l "INIT_8" 0 3 1515, C4<0000000000000000000000000000000000000000000000000000000000000000000000000000000000000000000000000000000000000000000000000000000000000000000000000000000000000000000000000000000000000000000000000000000000000000000000000000000000000000000000000000000000000000>;
P_0x132056a40 .param/l "INIT_9" 0 3 1516, C4<0000000000000000000000000000000000000000000000000000000000000000000000000000000000000000000000000000000000000000000000000000000000000000000000000000000000000000000000000000000000000000000000000000000000000000000000000000000000000000000000000000000000000000>;
P_0x132056a80 .param/l "INIT_A" 0 3 1517, C4<0000000000000000000000000000000000000000000000000000000000000000000000000000000000000000000000000000000000000000000000000000000000000000000000000000000000000000000000000000000000000000000000000000000000000000000000000000000000000000000000000000000000000000>;
P_0x132056ac0 .param/l "INIT_B" 0 3 1518, C4<0000000000000000000000000000000000000000000000000000000000000000000000000000000000000000000000000000000000000000000000000000000000000000000000000000000000000000000000000000000000000000000000000000000000000000000000000000000000000000000000000000000000000000>;
P_0x132056b00 .param/l "INIT_C" 0 3 1519, C4<0000000000000000000000000000000000000000000000000000000000000000000000000000000000000000000000000000000000000000000000000000000000000000000000000000000000000000000000000000000000000000000000000000000000000000000000000000000000000000000000000000000000000000>;
P_0x132056b40 .param/l "INIT_D" 0 3 1520, C4<0000000000000000000000000000000000000000000000000000000000000000000000000000000000000000000000000000000000000000000000000000000000000000000000000000000000000000000000000000000000000000000000000000000000000000000000000000000000000000000000000000000000000000>;
P_0x132056b80 .param/l "INIT_E" 0 3 1521, C4<0000000000000000000000000000000000000000000000000000000000000000000000000000000000000000000000000000000000000000000000000000000000000000000000000000000000000000000000000000000000000000000000000000000000000000000000000000000000000000000000000000000000000000>;
P_0x132056bc0 .param/l "INIT_F" 0 3 1522, C4<0000000000000000000000000000000000000000000000000000000000000000000000000000000000000000000000000000000000000000000000000000000000000000000000000000000000000000000000000000000000000000000000000000000000000000000000000000000000000000000000000000000000000000>;
P_0x132056c00 .param/str "INIT_FILE" 0 3 1524, "\000";
P_0x132056c40 .param/l "READ_MODE" 0 3 1505, +C4<00000000000000000000000000000000>;
P_0x132056c80 .param/l "WRITE_MODE" 0 3 1504, +C4<00000000000000000000000000000000>;
v0x1319edba0_0 .net "MASK", 15 0, o0x13805db10;  alias, 0 drivers
v0x1319edc30_0 .net "RADDR", 10 0, o0x13805db40;  alias, 0 drivers
v0x1319edce0_0 .net "RCLK", 0 0, o0x13805db70;  alias, 0 drivers
v0x1319edd90_0 .net "RCLKE", 0 0, o0x13805dba0;  alias, 0 drivers
v0x1319ede30_0 .net "RDATA", 15 0, L_0x131a05900;  alias, 1 drivers
v0x1319edf20_0 .var "RDATA_I", 15 0;
v0x1319edfd0_0 .net "RE", 0 0, o0x13805dc30;  alias, 0 drivers
L_0x138088b98 .functor BUFT 1, C4<0000000000000000>, C4<0>, C4<0>, C4<0>;
v0x1319ee070_0 .net "RMASK_I", 15 0, L_0x138088b98;  1 drivers
v0x1319ee120_0 .net "WADDR", 10 0, o0x13805dc90;  alias, 0 drivers
v0x1319ee230_0 .net "WCLK", 0 0, L_0x131a059b0;  1 drivers
v0x1319ee2d0_0 .net "WCLKE", 0 0, o0x13805dcf0;  alias, 0 drivers
v0x1319ee370_0 .net "WDATA", 15 0, o0x13805dd20;  alias, 0 drivers
v0x1319ee420_0 .net "WDATA_I", 15 0, L_0x131a05830;  1 drivers
v0x1319ee4d0_0 .net "WE", 0 0, o0x13805dd80;  alias, 0 drivers
v0x1319ee570_0 .net "WMASK_I", 15 0, L_0x131a05760;  1 drivers
v0x1319ee620_0 .var/i "i", 31 0;
v0x1319ee6d0 .array "memory", 255 0, 15 0;
E_0x1319ed420 .event posedge, v0x1319edce0_0;
E_0x1319ed480 .event posedge, v0x1319ee230_0;
S_0x1319ed4d0 .scope generate, "genblk1" "genblk1" 3 1534, 3 1534 0, S_0x1319ebb60;
 .timescale -12 -12;
L_0x131a05760 .functor BUFZ 16, o0x13805db10, C4<0000000000000000>, C4<0000000000000000>, C4<0000000000000000>;
S_0x1319ed6a0 .scope generate, "genblk2" "genblk2" 3 1555, 3 1555 0, S_0x1319ebb60;
 .timescale -12 -12;
S_0x1319ed870 .scope generate, "genblk3" "genblk3" 3 1576, 3 1576 0, S_0x1319ebb60;
 .timescale -12 -12;
L_0x131a05830 .functor BUFZ 16, o0x13805dd20, C4<0000000000000000>, C4<0000000000000000>, C4<0000000000000000>;
S_0x1319ed9e0 .scope generate, "genblk4" "genblk4" 3 1595, 3 1595 0, S_0x1319ebb60;
 .timescale -12 -12;
L_0x131a05900 .functor BUFZ 16, v0x1319edf20_0, C4<0000000000000000>, C4<0000000000000000>, C4<0000000000000000>;
S_0x131850120 .scope module, "SB_RGBA_DRV" "SB_RGBA_DRV" 3 2692;
 .timescale -12 -12;
    .port_info 0 /INPUT 1 "CURREN";
    .port_info 1 /INPUT 1 "RGBLEDEN";
    .port_info 2 /INPUT 1 "RGB0PWM";
    .port_info 3 /INPUT 1 "RGB1PWM";
    .port_info 4 /INPUT 1 "RGB2PWM";
    .port_info 5 /OUTPUT 1 "RGB0";
    .port_info 6 /OUTPUT 1 "RGB1";
    .port_info 7 /OUTPUT 1 "RGB2";
P_0x13185a2c0 .param/str "CURRENT_MODE" 0 3 2702, "0b0";
P_0x13185a300 .param/str "RGB0_CURRENT" 0 3 2703, "0b000000";
P_0x13185a340 .param/str "RGB1_CURRENT" 0 3 2704, "0b000000";
P_0x13185a380 .param/str "RGB2_CURRENT" 0 3 2705, "0b000000";
o0x13805e260 .functor BUFZ 1, c4<z>; HiZ drive
v0x1319ef120_0 .net "CURREN", 0 0, o0x13805e260;  0 drivers
o0x13805e290 .functor BUFZ 1, c4<z>; HiZ drive
v0x1319ef1d0_0 .net "RGB0", 0 0, o0x13805e290;  0 drivers
o0x13805e2c0 .functor BUFZ 1, c4<z>; HiZ drive
v0x1319ef270_0 .net "RGB0PWM", 0 0, o0x13805e2c0;  0 drivers
o0x13805e2f0 .functor BUFZ 1, c4<z>; HiZ drive
v0x1319ef300_0 .net "RGB1", 0 0, o0x13805e2f0;  0 drivers
o0x13805e320 .functor BUFZ 1, c4<z>; HiZ drive
v0x1319ef390_0 .net "RGB1PWM", 0 0, o0x13805e320;  0 drivers
o0x13805e350 .functor BUFZ 1, c4<z>; HiZ drive
v0x1319ef460_0 .net "RGB2", 0 0, o0x13805e350;  0 drivers
o0x13805e380 .functor BUFZ 1, c4<z>; HiZ drive
v0x1319ef4f0_0 .net "RGB2PWM", 0 0, o0x13805e380;  0 drivers
o0x13805e3b0 .functor BUFZ 1, c4<z>; HiZ drive
v0x1319ef580_0 .net "RGBLEDEN", 0 0, o0x13805e3b0;  0 drivers
S_0x13182fa90 .scope module, "SB_RGB_DRV" "SB_RGB_DRV" 3 2716;
 .timescale -12 -12;
    .port_info 0 /INPUT 1 "RGBLEDEN";
    .port_info 1 /INPUT 1 "RGB0PWM";
    .port_info 2 /INPUT 1 "RGB1PWM";
    .port_info 3 /INPUT 1 "RGB2PWM";
    .port_info 4 /INPUT 1 "RGBPU";
    .port_info 5 /OUTPUT 1 "RGB0";
    .port_info 6 /OUTPUT 1 "RGB1";
    .port_info 7 /OUTPUT 1 "RGB2";
P_0x131870050 .param/str "CURRENT_MODE" 0 3 2726, "0b0";
P_0x131870090 .param/str "RGB0_CURRENT" 0 3 2727, "0b000000";
P_0x1318700d0 .param/str "RGB1_CURRENT" 0 3 2728, "0b000000";
P_0x131870110 .param/str "RGB2_CURRENT" 0 3 2729, "0b000000";
o0x13805e560 .functor BUFZ 1, c4<z>; HiZ drive
v0x1319ef6e0_0 .net "RGB0", 0 0, o0x13805e560;  0 drivers
o0x13805e590 .functor BUFZ 1, c4<z>; HiZ drive
v0x1319ef770_0 .net "RGB0PWM", 0 0, o0x13805e590;  0 drivers
o0x13805e5c0 .functor BUFZ 1, c4<z>; HiZ drive
v0x1319ef810_0 .net "RGB1", 0 0, o0x13805e5c0;  0 drivers
o0x13805e5f0 .functor BUFZ 1, c4<z>; HiZ drive
v0x1319ef8a0_0 .net "RGB1PWM", 0 0, o0x13805e5f0;  0 drivers
o0x13805e620 .functor BUFZ 1, c4<z>; HiZ drive
v0x1319ef930_0 .net "RGB2", 0 0, o0x13805e620;  0 drivers
o0x13805e650 .functor BUFZ 1, c4<z>; HiZ drive
v0x1319efa00_0 .net "RGB2PWM", 0 0, o0x13805e650;  0 drivers
o0x13805e680 .functor BUFZ 1, c4<z>; HiZ drive
v0x1319efaa0_0 .net "RGBLEDEN", 0 0, o0x13805e680;  0 drivers
o0x13805e6b0 .functor BUFZ 1, c4<z>; HiZ drive
v0x1319efb40_0 .net "RGBPU", 0 0, o0x13805e6b0;  0 drivers
S_0x1318a2150 .scope module, "SB_SPI" "SB_SPI" 3 2776;
 .timescale -12 -12;
    .port_info 0 /INPUT 1 "SBCLKI";
    .port_info 1 /INPUT 1 "SBRWI";
    .port_info 2 /INPUT 1 "SBSTBI";
    .port_info 3 /INPUT 1 "SBADRI7";
    .port_info 4 /INPUT 1 "SBADRI6";
    .port_info 5 /INPUT 1 "SBADRI5";
    .port_info 6 /INPUT 1 "SBADRI4";
    .port_info 7 /INPUT 1 "SBADRI3";
    .port_info 8 /INPUT 1 "SBADRI2";
    .port_info 9 /INPUT 1 "SBADRI1";
    .port_info 10 /INPUT 1 "SBADRI0";
    .port_info 11 /INPUT 1 "SBDATI7";
    .port_info 12 /INPUT 1 "SBDATI6";
    .port_info 13 /INPUT 1 "SBDATI5";
    .port_info 14 /INPUT 1 "SBDATI4";
    .port_info 15 /INPUT 1 "SBDATI3";
    .port_info 16 /INPUT 1 "SBDATI2";
    .port_info 17 /INPUT 1 "SBDATI1";
    .port_info 18 /INPUT 1 "SBDATI0";
    .port_info 19 /INPUT 1 "MI";
    .port_info 20 /INPUT 1 "SI";
    .port_info 21 /INPUT 1 "SCKI";
    .port_info 22 /INPUT 1 "SCSNI";
    .port_info 23 /OUTPUT 1 "SBDATO7";
    .port_info 24 /OUTPUT 1 "SBDATO6";
    .port_info 25 /OUTPUT 1 "SBDATO5";
    .port_info 26 /OUTPUT 1 "SBDATO4";
    .port_info 27 /OUTPUT 1 "SBDATO3";
    .port_info 28 /OUTPUT 1 "SBDATO2";
    .port_info 29 /OUTPUT 1 "SBDATO1";
    .port_info 30 /OUTPUT 1 "SBDATO0";
    .port_info 31 /OUTPUT 1 "SBACKO";
    .port_info 32 /OUTPUT 1 "SPIIRQ";
    .port_info 33 /OUTPUT 1 "SPIWKUP";
    .port_info 34 /OUTPUT 1 "SO";
    .port_info 35 /OUTPUT 1 "SOE";
    .port_info 36 /OUTPUT 1 "MO";
    .port_info 37 /OUTPUT 1 "MOE";
    .port_info 38 /OUTPUT 1 "SCKO";
    .port_info 39 /OUTPUT 1 "SCKOE";
    .port_info 40 /OUTPUT 1 "MCSNO3";
    .port_info 41 /OUTPUT 1 "MCSNO2";
    .port_info 42 /OUTPUT 1 "MCSNO1";
    .port_info 43 /OUTPUT 1 "MCSNO0";
    .port_info 44 /OUTPUT 1 "MCSNOE3";
    .port_info 45 /OUTPUT 1 "MCSNOE2";
    .port_info 46 /OUTPUT 1 "MCSNOE1";
    .port_info 47 /OUTPUT 1 "MCSNOE0";
P_0x1318735c0 .param/str "BUS_ADDR74" 0 3 2826, "0b0000";
o0x13805e860 .functor BUFZ 1, c4<z>; HiZ drive
v0x1319efca0_0 .net "MCSNO0", 0 0, o0x13805e860;  0 drivers
o0x13805e890 .functor BUFZ 1, c4<z>; HiZ drive
v0x1319efd30_0 .net "MCSNO1", 0 0, o0x13805e890;  0 drivers
o0x13805e8c0 .functor BUFZ 1, c4<z>; HiZ drive
v0x1319efdd0_0 .net "MCSNO2", 0 0, o0x13805e8c0;  0 drivers
o0x13805e8f0 .functor BUFZ 1, c4<z>; HiZ drive
v0x1319efe60_0 .net "MCSNO3", 0 0, o0x13805e8f0;  0 drivers
o0x13805e920 .functor BUFZ 1, c4<z>; HiZ drive
v0x1319efef0_0 .net "MCSNOE0", 0 0, o0x13805e920;  0 drivers
o0x13805e950 .functor BUFZ 1, c4<z>; HiZ drive
v0x1319effc0_0 .net "MCSNOE1", 0 0, o0x13805e950;  0 drivers
o0x13805e980 .functor BUFZ 1, c4<z>; HiZ drive
v0x1319f0060_0 .net "MCSNOE2", 0 0, o0x13805e980;  0 drivers
o0x13805e9b0 .functor BUFZ 1, c4<z>; HiZ drive
v0x1319f0100_0 .net "MCSNOE3", 0 0, o0x13805e9b0;  0 drivers
o0x13805e9e0 .functor BUFZ 1, c4<z>; HiZ drive
v0x1319f01a0_0 .net "MI", 0 0, o0x13805e9e0;  0 drivers
o0x13805ea10 .functor BUFZ 1, c4<z>; HiZ drive
v0x1319f02b0_0 .net "MO", 0 0, o0x13805ea10;  0 drivers
o0x13805ea40 .functor BUFZ 1, c4<z>; HiZ drive
v0x1319f0340_0 .net "MOE", 0 0, o0x13805ea40;  0 drivers
o0x13805ea70 .functor BUFZ 1, c4<z>; HiZ drive
v0x1319f03e0_0 .net "SBACKO", 0 0, o0x13805ea70;  0 drivers
o0x13805eaa0 .functor BUFZ 1, c4<z>; HiZ drive
v0x1319f0480_0 .net "SBADRI0", 0 0, o0x13805eaa0;  0 drivers
o0x13805ead0 .functor BUFZ 1, c4<z>; HiZ drive
v0x1319f0520_0 .net "SBADRI1", 0 0, o0x13805ead0;  0 drivers
o0x13805eb00 .functor BUFZ 1, c4<z>; HiZ drive
v0x1319f05c0_0 .net "SBADRI2", 0 0, o0x13805eb00;  0 drivers
o0x13805eb30 .functor BUFZ 1, c4<z>; HiZ drive
v0x1319f0660_0 .net "SBADRI3", 0 0, o0x13805eb30;  0 drivers
o0x13805eb60 .functor BUFZ 1, c4<z>; HiZ drive
v0x1319f0700_0 .net "SBADRI4", 0 0, o0x13805eb60;  0 drivers
o0x13805eb90 .functor BUFZ 1, c4<z>; HiZ drive
v0x1319f0890_0 .net "SBADRI5", 0 0, o0x13805eb90;  0 drivers
o0x13805ebc0 .functor BUFZ 1, c4<z>; HiZ drive
v0x1319f0920_0 .net "SBADRI6", 0 0, o0x13805ebc0;  0 drivers
o0x13805ebf0 .functor BUFZ 1, c4<z>; HiZ drive
v0x1319f09b0_0 .net "SBADRI7", 0 0, o0x13805ebf0;  0 drivers
o0x13805ec20 .functor BUFZ 1, c4<z>; HiZ drive
v0x1319f0a40_0 .net "SBCLKI", 0 0, o0x13805ec20;  0 drivers
o0x13805ec50 .functor BUFZ 1, c4<z>; HiZ drive
v0x1319f0ae0_0 .net "SBDATI0", 0 0, o0x13805ec50;  0 drivers
o0x13805ec80 .functor BUFZ 1, c4<z>; HiZ drive
v0x1319f0b80_0 .net "SBDATI1", 0 0, o0x13805ec80;  0 drivers
o0x13805ecb0 .functor BUFZ 1, c4<z>; HiZ drive
v0x1319f0c20_0 .net "SBDATI2", 0 0, o0x13805ecb0;  0 drivers
o0x13805ece0 .functor BUFZ 1, c4<z>; HiZ drive
v0x1319f0cc0_0 .net "SBDATI3", 0 0, o0x13805ece0;  0 drivers
o0x13805ed10 .functor BUFZ 1, c4<z>; HiZ drive
v0x1319f0d60_0 .net "SBDATI4", 0 0, o0x13805ed10;  0 drivers
o0x13805ed40 .functor BUFZ 1, c4<z>; HiZ drive
v0x1319f0e00_0 .net "SBDATI5", 0 0, o0x13805ed40;  0 drivers
o0x13805ed70 .functor BUFZ 1, c4<z>; HiZ drive
v0x1319f0ea0_0 .net "SBDATI6", 0 0, o0x13805ed70;  0 drivers
o0x13805eda0 .functor BUFZ 1, c4<z>; HiZ drive
v0x1319f0f40_0 .net "SBDATI7", 0 0, o0x13805eda0;  0 drivers
o0x13805edd0 .functor BUFZ 1, c4<z>; HiZ drive
v0x1319f0fe0_0 .net "SBDATO0", 0 0, o0x13805edd0;  0 drivers
o0x13805ee00 .functor BUFZ 1, c4<z>; HiZ drive
v0x1319f1080_0 .net "SBDATO1", 0 0, o0x13805ee00;  0 drivers
o0x13805ee30 .functor BUFZ 1, c4<z>; HiZ drive
v0x1319f1120_0 .net "SBDATO2", 0 0, o0x13805ee30;  0 drivers
o0x13805ee60 .functor BUFZ 1, c4<z>; HiZ drive
v0x1319f11c0_0 .net "SBDATO3", 0 0, o0x13805ee60;  0 drivers
o0x13805ee90 .functor BUFZ 1, c4<z>; HiZ drive
v0x1319f07a0_0 .net "SBDATO4", 0 0, o0x13805ee90;  0 drivers
o0x13805eec0 .functor BUFZ 1, c4<z>; HiZ drive
v0x1319f1450_0 .net "SBDATO5", 0 0, o0x13805eec0;  0 drivers
o0x13805eef0 .functor BUFZ 1, c4<z>; HiZ drive
v0x1319f14e0_0 .net "SBDATO6", 0 0, o0x13805eef0;  0 drivers
o0x13805ef20 .functor BUFZ 1, c4<z>; HiZ drive
v0x1319f1570_0 .net "SBDATO7", 0 0, o0x13805ef20;  0 drivers
o0x13805ef50 .functor BUFZ 1, c4<z>; HiZ drive
v0x1319f1600_0 .net "SBRWI", 0 0, o0x13805ef50;  0 drivers
o0x13805ef80 .functor BUFZ 1, c4<z>; HiZ drive
v0x1319f1690_0 .net "SBSTBI", 0 0, o0x13805ef80;  0 drivers
o0x13805efb0 .functor BUFZ 1, c4<z>; HiZ drive
v0x1319f1720_0 .net "SCKI", 0 0, o0x13805efb0;  0 drivers
o0x13805efe0 .functor BUFZ 1, c4<z>; HiZ drive
v0x1319f17c0_0 .net "SCKO", 0 0, o0x13805efe0;  0 drivers
o0x13805f010 .functor BUFZ 1, c4<z>; HiZ drive
v0x1319f1860_0 .net "SCKOE", 0 0, o0x13805f010;  0 drivers
o0x13805f040 .functor BUFZ 1, c4<z>; HiZ drive
v0x1319f1900_0 .net "SCSNI", 0 0, o0x13805f040;  0 drivers
o0x13805f070 .functor BUFZ 1, c4<z>; HiZ drive
v0x1319f19a0_0 .net "SI", 0 0, o0x13805f070;  0 drivers
o0x13805f0a0 .functor BUFZ 1, c4<z>; HiZ drive
v0x1319f1a40_0 .net "SO", 0 0, o0x13805f0a0;  0 drivers
o0x13805f0d0 .functor BUFZ 1, c4<z>; HiZ drive
v0x1319f1ae0_0 .net "SOE", 0 0, o0x13805f0d0;  0 drivers
o0x13805f100 .functor BUFZ 1, c4<z>; HiZ drive
v0x1319f1b80_0 .net "SPIIRQ", 0 0, o0x13805f100;  0 drivers
o0x13805f130 .functor BUFZ 1, c4<z>; HiZ drive
v0x1319f1c20_0 .net "SPIWKUP", 0 0, o0x13805f130;  0 drivers
S_0x131899650 .scope module, "SB_SPRAM256KA" "SB_SPRAM256KA" 3 2600;
 .timescale -12 -12;
    .port_info 0 /INPUT 14 "ADDRESS";
    .port_info 1 /INPUT 16 "DATAIN";
    .port_info 2 /INPUT 4 "MASKWREN";
    .port_info 3 /INPUT 1 "WREN";
    .port_info 4 /INPUT 1 "CHIPSELECT";
    .port_info 5 /INPUT 1 "CLOCK";
    .port_info 6 /INPUT 1 "STANDBY";
    .port_info 7 /INPUT 1 "SLEEP";
    .port_info 8 /INPUT 1 "POWEROFF";
    .port_info 9 /OUTPUT 16 "DATAOUT";
o0x13805fbb0 .functor BUFZ 1, c4<z>; HiZ drive
L_0x131a05b20 .functor OR 1, o0x13805fbb0, L_0x131a05a40, C4<0>, C4<0>;
o0x13805fa60 .functor BUFZ 14, c4<zzzzzzzzzzzzzz>; HiZ drive
v0x1318a2370_0 .net "ADDRESS", 13 0, o0x13805fa60;  0 drivers
o0x13805fa90 .functor BUFZ 1, c4<z>; HiZ drive
v0x1319f2140_0 .net "CHIPSELECT", 0 0, o0x13805fa90;  0 drivers
o0x13805fac0 .functor BUFZ 1, c4<z>; HiZ drive
v0x1319f21d0_0 .net "CLOCK", 0 0, o0x13805fac0;  0 drivers
o0x13805faf0 .functor BUFZ 16, c4<zzzzzzzzzzzzzzzz>; HiZ drive
v0x1319f2260_0 .net "DATAIN", 15 0, o0x13805faf0;  0 drivers
v0x1319f22f0_0 .var "DATAOUT", 15 0;
o0x13805fb50 .functor BUFZ 4, c4<zzzz>; HiZ drive
v0x1319f23a0_0 .net "MASKWREN", 3 0, o0x13805fb50;  0 drivers
o0x13805fb80 .functor BUFZ 1, c4<z>; HiZ drive
v0x1319f2450_0 .net "POWEROFF", 0 0, o0x13805fb80;  0 drivers
v0x1319f24f0_0 .net "SLEEP", 0 0, o0x13805fbb0;  0 drivers
o0x13805fbe0 .functor BUFZ 1, c4<z>; HiZ drive
v0x1319f2590_0 .net "STANDBY", 0 0, o0x13805fbe0;  0 drivers
o0x13805fc10 .functor BUFZ 1, c4<z>; HiZ drive
v0x1319f26a0_0 .net "WREN", 0 0, o0x13805fc10;  0 drivers
v0x1319f2730_0 .net *"_ivl_1", 0 0, L_0x131a05a40;  1 drivers
v0x1319f27d0_0 .var/i "i", 31 0;
v0x1319f2880 .array "mem", 16383 0, 15 0;
v0x1319f2920_0 .net "off", 0 0, L_0x131a05b20;  1 drivers
E_0x1318a22c0 .event posedge, v0x1319f2920_0, v0x1319f21d0_0;
E_0x1318a2320 .event negedge, v0x1319f2450_0;
L_0x131a05a40 .reduce/nor o0x13805fb80;
S_0x1318997c0 .scope module, "SB_WARMBOOT" "SB_WARMBOOT" 3 2593;
 .timescale -12 -12;
    .port_info 0 /INPUT 1 "BOOT";
    .port_info 1 /INPUT 1 "S1";
    .port_info 2 /INPUT 1 "S0";
o0x13805feb0 .functor BUFZ 1, c4<z>; HiZ drive
v0x1319f2ab0_0 .net "BOOT", 0 0, o0x13805feb0;  0 drivers
o0x13805fee0 .functor BUFZ 1, c4<z>; HiZ drive
v0x1319f2b40_0 .net "S0", 0 0, o0x13805fee0;  0 drivers
o0x13805ff10 .functor BUFZ 1, c4<z>; HiZ drive
v0x1319f2bd0_0 .net "S1", 0 0, o0x13805ff10;  0 drivers
S_0x1318904b0 .scope module, "TestBenchLab2" "TestBenchLab2" 6 3;
 .timescale -9 -9;
v0x1319f3610_0 .net "LEDR", 0 0, L_0x131a06030;  1 drivers
v0x1319f36a0_0 .var "SW", 3 0;
L_0x131a06160 .part v0x1319f36a0_0, 2, 1;
L_0x131a06200 .part v0x1319f36a0_0, 0, 1;
L_0x131a062e0 .part v0x1319f36a0_0, 1, 1;
L_0x131a063c0 .part v0x1319f36a0_0, 3, 1;
S_0x1319f2c70 .scope module, "MS" "Museum_Security" 6 8, 5 1 0, S_0x1318904b0;
 .timescale -12 -12;
    .port_info 0 /INPUT 1 "D";
    .port_info 1 /INPUT 1 "V";
    .port_info 2 /INPUT 1 "M";
    .port_info 3 /INPUT 1 "H";
    .port_info 4 /OUTPUT 1 "A";
L_0x131a05c30 .functor OR 1, L_0x131a06160, L_0x131a06200, C4<0>, C4<0>;
L_0x131a05d00 .functor OR 1, L_0x131a05c30, L_0x131a062e0, C4<0>, C4<0>;
L_0x131a05df0 .functor AND 1, L_0x131a063c0, L_0x131a05d00, C4<1>, C4<1>;
L_0x131a05f00 .functor AND 1, L_0x131a06160, L_0x131a06200, C4<1>, C4<1>;
L_0x131a06030 .functor OR 1, L_0x131a05df0, L_0x131a05f00, C4<0>, C4<0>;
v0x1319f2f10_0 .net "A", 0 0, L_0x131a06030;  alias, 1 drivers
v0x1319f2fc0_0 .net "D", 0 0, L_0x131a06160;  1 drivers
v0x1319f3060_0 .net "H", 0 0, L_0x131a063c0;  1 drivers
v0x1319f30f0_0 .net "M", 0 0, L_0x131a062e0;  1 drivers
v0x1319f3190_0 .net "V", 0 0, L_0x131a06200;  1 drivers
v0x1319f3270_0 .net *"_ivl_0", 0 0, L_0x131a05c30;  1 drivers
v0x1319f3320_0 .net *"_ivl_2", 0 0, L_0x131a05d00;  1 drivers
v0x1319f33d0_0 .net *"_ivl_4", 0 0, L_0x131a05df0;  1 drivers
v0x1319f3480_0 .net *"_ivl_6", 0 0, L_0x131a05f00;  1 drivers
    .scope S_0x1319953b0;
T_2 ;
    %pushi/vec4 0, 0, 1;
    %store/vec4 v0x13187e490_0, 0, 1;
    %pushi/vec4 0, 0, 1;
    %store/vec4 v0x131954910_0, 0, 1;
    %end;
    .thread T_2, $init;
    .scope S_0x1319953b0;
T_3 ;
    %wait E_0x131875920;
    %load/vec4 v0x13195a810_0;
    %flag_set/vec4 8;
    %jmp/0xz  T_3.0, 8;
    %load/vec4 v0x131982f20_0;
    %flag_set/vec4 8;
    %jmp/0 T_3.2, 8;
    %pushi/vec4 0, 0, 1;
    %jmp/1 T_3.3, 8;
T_3.2 ; End of true expr.
    %load/vec4 v0x131950650_0;
    %jmp/0 T_3.3, 8;
 ; End of false expr.
    %blend;
T_3.3;
    %assign/vec4 v0x13187e490_0, 0;
T_3.0 ;
    %jmp T_3;
    .thread T_3;
    .scope S_0x1319953b0;
T_4 ;
    %wait E_0x131875500;
    %load/vec4 v0x131982f20_0;
    %flag_set/vec4 8;
    %jmp/0xz  T_4.0, 8;
    %pushi/vec4 0, 0, 1;
    %assign/vec4 v0x131954910_0, 0;
    %jmp T_4.1;
T_4.0 ;
    %load/vec4 v0x13195a810_0;
    %flag_set/vec4 8;
    %jmp/0xz  T_4.2, 8;
    %load/vec4 v0x131950650_0;
    %assign/vec4 v0x131954910_0, 0;
T_4.2 ;
T_4.1 ;
    %jmp T_4;
    .thread T_4;
    .scope S_0x131890620;
T_5 ;
    %pushi/vec4 0, 0, 32;
    %store/vec4 v0x131867c10_0, 0, 32;
T_5.0 ; Top of for-loop
    %load/vec4 v0x131867c10_0;
    %cmpi/s 16, 0, 32;
	  %jmp/0xz T_5.1, 5;
    %pushi/vec4 0, 0, 256;
    %load/vec4 v0x131867c10_0;
    %muli 16, 0, 32;
    %part/s 16;
    %pushi/vec4 0, 0, 32;
    %load/vec4 v0x131867c10_0;
    %add;
    %ix/vec4/s 4;
    %store/vec4a v0x131867ca0, 4, 0;
    %pushi/vec4 0, 0, 256;
    %load/vec4 v0x131867c10_0;
    %muli 16, 0, 32;
    %part/s 16;
    %pushi/vec4 16, 0, 32;
    %load/vec4 v0x131867c10_0;
    %add;
    %ix/vec4/s 4;
    %store/vec4a v0x131867ca0, 4, 0;
    %pushi/vec4 0, 0, 256;
    %load/vec4 v0x131867c10_0;
    %muli 16, 0, 32;
    %part/s 16;
    %pushi/vec4 32, 0, 32;
    %load/vec4 v0x131867c10_0;
    %add;
    %ix/vec4/s 4;
    %store/vec4a v0x131867ca0, 4, 0;
    %pushi/vec4 0, 0, 256;
    %load/vec4 v0x131867c10_0;
    %muli 16, 0, 32;
    %part/s 16;
    %pushi/vec4 48, 0, 32;
    %load/vec4 v0x131867c10_0;
    %add;
    %ix/vec4/s 4;
    %store/vec4a v0x131867ca0, 4, 0;
    %pushi/vec4 0, 0, 256;
    %load/vec4 v0x131867c10_0;
    %muli 16, 0, 32;
    %part/s 16;
    %pushi/vec4 64, 0, 32;
    %load/vec4 v0x131867c10_0;
    %add;
    %ix/vec4/s 4;
    %store/vec4a v0x131867ca0, 4, 0;
    %pushi/vec4 0, 0, 256;
    %load/vec4 v0x131867c10_0;
    %muli 16, 0, 32;
    %part/s 16;
    %pushi/vec4 80, 0, 32;
    %load/vec4 v0x131867c10_0;
    %add;
    %ix/vec4/s 4;
    %store/vec4a v0x131867ca0, 4, 0;
    %pushi/vec4 0, 0, 256;
    %load/vec4 v0x131867c10_0;
    %muli 16, 0, 32;
    %part/s 16;
    %pushi/vec4 96, 0, 32;
    %load/vec4 v0x131867c10_0;
    %add;
    %ix/vec4/s 4;
    %store/vec4a v0x131867ca0, 4, 0;
    %pushi/vec4 0, 0, 256;
    %load/vec4 v0x131867c10_0;
    %muli 16, 0, 32;
    %part/s 16;
    %pushi/vec4 112, 0, 32;
    %load/vec4 v0x131867c10_0;
    %add;
    %ix/vec4/s 4;
    %store/vec4a v0x131867ca0, 4, 0;
    %pushi/vec4 0, 0, 256;
    %load/vec4 v0x131867c10_0;
    %muli 16, 0, 32;
    %part/s 16;
    %pushi/vec4 128, 0, 32;
    %load/vec4 v0x131867c10_0;
    %add;
    %ix/vec4/s 4;
    %store/vec4a v0x131867ca0, 4, 0;
    %pushi/vec4 0, 0, 256;
    %load/vec4 v0x131867c10_0;
    %muli 16, 0, 32;
    %part/s 16;
    %pushi/vec4 144, 0, 32;
    %load/vec4 v0x131867c10_0;
    %add;
    %ix/vec4/s 4;
    %store/vec4a v0x131867ca0, 4, 0;
    %pushi/vec4 0, 0, 256;
    %load/vec4 v0x131867c10_0;
    %muli 16, 0, 32;
    %part/s 16;
    %pushi/vec4 160, 0, 32;
    %load/vec4 v0x131867c10_0;
    %add;
    %ix/vec4/s 4;
    %store/vec4a v0x131867ca0, 4, 0;
    %pushi/vec4 0, 0, 256;
    %load/vec4 v0x131867c10_0;
    %muli 16, 0, 32;
    %part/s 16;
    %pushi/vec4 176, 0, 32;
    %load/vec4 v0x131867c10_0;
    %add;
    %ix/vec4/s 4;
    %store/vec4a v0x131867ca0, 4, 0;
    %pushi/vec4 0, 0, 256;
    %load/vec4 v0x131867c10_0;
    %muli 16, 0, 32;
    %part/s 16;
    %pushi/vec4 192, 0, 32;
    %load/vec4 v0x131867c10_0;
    %add;
    %ix/vec4/s 4;
    %store/vec4a v0x131867ca0, 4, 0;
    %pushi/vec4 0, 0, 256;
    %load/vec4 v0x131867c10_0;
    %muli 16, 0, 32;
    %part/s 16;
    %pushi/vec4 208, 0, 32;
    %load/vec4 v0x131867c10_0;
    %add;
    %ix/vec4/s 4;
    %store/vec4a v0x131867ca0, 4, 0;
    %pushi/vec4 0, 0, 256;
    %load/vec4 v0x131867c10_0;
    %muli 16, 0, 32;
    %part/s 16;
    %pushi/vec4 224, 0, 32;
    %load/vec4 v0x131867c10_0;
    %add;
    %ix/vec4/s 4;
    %store/vec4a v0x131867ca0, 4, 0;
    %pushi/vec4 0, 0, 256;
    %load/vec4 v0x131867c10_0;
    %muli 16, 0, 32;
    %part/s 16;
    %pushi/vec4 240, 0, 32;
    %load/vec4 v0x131867c10_0;
    %add;
    %ix/vec4/s 4;
    %store/vec4a v0x131867ca0, 4, 0;
T_5.2 ; for-loop step statement
    %load/vec4 v0x131867c10_0;
    %addi 1, 0, 32;
    %store/vec4 v0x131867c10_0, 0, 32;
    %jmp T_5.0;
T_5.1 ; for-loop exit label
    %end;
    .thread T_5;
    .scope S_0x131890620;
T_6 ;
    %wait E_0x13185c4d0;
    %load/vec4 v0x131867af0_0;
    %flag_set/vec4 9;
    %flag_get/vec4 9;
    %jmp/0 T_6.2, 9;
    %load/vec4 v0x13186a760_0;
    %and;
T_6.2;
    %flag_set/vec4 8;
    %jmp/0xz  T_6.0, 8;
    %load/vec4 v0x131867b80_0;
    %parti/s 1, 0, 2;
    %nor/r;
    %flag_set/vec4 8;
    %jmp/0xz  T_6.3, 8;
    %load/vec4 v0x13186a880_0;
    %parti/s 1, 0, 2;
    %load/vec4 v0x13186a640_0;
    %parti/s 8, 0, 2;
    %pad/u 10;
    %ix/vec4 3;
    %ix/load 4, 0, 0; Constant delay
    %assign/vec4/a/d v0x131867ca0, 0, 4;
T_6.3 ;
    %load/vec4 v0x131867b80_0;
    %parti/s 1, 1, 2;
    %nor/r;
    %flag_set/vec4 8;
    %jmp/0xz  T_6.5, 8;
    %load/vec4 v0x13186a880_0;
    %parti/s 1, 1, 2;
    %load/vec4 v0x13186a640_0;
    %parti/s 8, 0, 2;
    %pad/u 10;
    %ix/vec4 3;
    %ix/load 4, 1, 0; part off
    %ix/load 5, 0, 0; Constant delay
    %assign/vec4/a/d v0x131867ca0, 4, 5;
T_6.5 ;
    %load/vec4 v0x131867b80_0;
    %parti/s 1, 2, 3;
    %nor/r;
    %flag_set/vec4 8;
    %jmp/0xz  T_6.7, 8;
    %load/vec4 v0x13186a880_0;
    %parti/s 1, 2, 3;
    %load/vec4 v0x13186a640_0;
    %parti/s 8, 0, 2;
    %pad/u 10;
    %ix/vec4 3;
    %ix/load 4, 2, 0; part off
    %ix/load 5, 0, 0; Constant delay
    %assign/vec4/a/d v0x131867ca0, 4, 5;
T_6.7 ;
    %load/vec4 v0x131867b80_0;
    %parti/s 1, 3, 3;
    %nor/r;
    %flag_set/vec4 8;
    %jmp/0xz  T_6.9, 8;
    %load/vec4 v0x13186a880_0;
    %parti/s 1, 3, 3;
    %load/vec4 v0x13186a640_0;
    %parti/s 8, 0, 2;
    %pad/u 10;
    %ix/vec4 3;
    %ix/load 4, 3, 0; part off
    %ix/load 5, 0, 0; Constant delay
    %assign/vec4/a/d v0x131867ca0, 4, 5;
T_6.9 ;
    %load/vec4 v0x131867b80_0;
    %parti/s 1, 4, 4;
    %nor/r;
    %flag_set/vec4 8;
    %jmp/0xz  T_6.11, 8;
    %load/vec4 v0x13186a880_0;
    %parti/s 1, 4, 4;
    %load/vec4 v0x13186a640_0;
    %parti/s 8, 0, 2;
    %pad/u 10;
    %ix/vec4 3;
    %ix/load 4, 4, 0; part off
    %ix/load 5, 0, 0; Constant delay
    %assign/vec4/a/d v0x131867ca0, 4, 5;
T_6.11 ;
    %load/vec4 v0x131867b80_0;
    %parti/s 1, 5, 4;
    %nor/r;
    %flag_set/vec4 8;
    %jmp/0xz  T_6.13, 8;
    %load/vec4 v0x13186a880_0;
    %parti/s 1, 5, 4;
    %load/vec4 v0x13186a640_0;
    %parti/s 8, 0, 2;
    %pad/u 10;
    %ix/vec4 3;
    %ix/load 4, 5, 0; part off
    %ix/load 5, 0, 0; Constant delay
    %assign/vec4/a/d v0x131867ca0, 4, 5;
T_6.13 ;
    %load/vec4 v0x131867b80_0;
    %parti/s 1, 6, 4;
    %nor/r;
    %flag_set/vec4 8;
    %jmp/0xz  T_6.15, 8;
    %load/vec4 v0x13186a880_0;
    %parti/s 1, 6, 4;
    %load/vec4 v0x13186a640_0;
    %parti/s 8, 0, 2;
    %pad/u 10;
    %ix/vec4 3;
    %ix/load 4, 6, 0; part off
    %ix/load 5, 0, 0; Constant delay
    %assign/vec4/a/d v0x131867ca0, 4, 5;
T_6.15 ;
    %load/vec4 v0x131867b80_0;
    %parti/s 1, 7, 4;
    %nor/r;
    %flag_set/vec4 8;
    %jmp/0xz  T_6.17, 8;
    %load/vec4 v0x13186a880_0;
    %parti/s 1, 7, 4;
    %load/vec4 v0x13186a640_0;
    %parti/s 8, 0, 2;
    %pad/u 10;
    %ix/vec4 3;
    %ix/load 4, 7, 0; part off
    %ix/load 5, 0, 0; Constant delay
    %assign/vec4/a/d v0x131867ca0, 4, 5;
T_6.17 ;
    %load/vec4 v0x131867b80_0;
    %parti/s 1, 8, 5;
    %nor/r;
    %flag_set/vec4 8;
    %jmp/0xz  T_6.19, 8;
    %load/vec4 v0x13186a880_0;
    %parti/s 1, 8, 5;
    %load/vec4 v0x13186a640_0;
    %parti/s 8, 0, 2;
    %pad/u 10;
    %ix/vec4 3;
    %ix/load 4, 8, 0; part off
    %ix/load 5, 0, 0; Constant delay
    %assign/vec4/a/d v0x131867ca0, 4, 5;
T_6.19 ;
    %load/vec4 v0x131867b80_0;
    %parti/s 1, 9, 5;
    %nor/r;
    %flag_set/vec4 8;
    %jmp/0xz  T_6.21, 8;
    %load/vec4 v0x13186a880_0;
    %parti/s 1, 9, 5;
    %load/vec4 v0x13186a640_0;
    %parti/s 8, 0, 2;
    %pad/u 10;
    %ix/vec4 3;
    %ix/load 4, 9, 0; part off
    %ix/load 5, 0, 0; Constant delay
    %assign/vec4/a/d v0x131867ca0, 4, 5;
T_6.21 ;
    %load/vec4 v0x131867b80_0;
    %parti/s 1, 10, 5;
    %nor/r;
    %flag_set/vec4 8;
    %jmp/0xz  T_6.23, 8;
    %load/vec4 v0x13186a880_0;
    %parti/s 1, 10, 5;
    %load/vec4 v0x13186a640_0;
    %parti/s 8, 0, 2;
    %pad/u 10;
    %ix/vec4 3;
    %ix/load 4, 10, 0; part off
    %ix/load 5, 0, 0; Constant delay
    %assign/vec4/a/d v0x131867ca0, 4, 5;
T_6.23 ;
    %load/vec4 v0x131867b80_0;
    %parti/s 1, 11, 5;
    %nor/r;
    %flag_set/vec4 8;
    %jmp/0xz  T_6.25, 8;
    %load/vec4 v0x13186a880_0;
    %parti/s 1, 11, 5;
    %load/vec4 v0x13186a640_0;
    %parti/s 8, 0, 2;
    %pad/u 10;
    %ix/vec4 3;
    %ix/load 4, 11, 0; part off
    %ix/load 5, 0, 0; Constant delay
    %assign/vec4/a/d v0x131867ca0, 4, 5;
T_6.25 ;
    %load/vec4 v0x131867b80_0;
    %parti/s 1, 12, 5;
    %nor/r;
    %flag_set/vec4 8;
    %jmp/0xz  T_6.27, 8;
    %load/vec4 v0x13186a880_0;
    %parti/s 1, 12, 5;
    %load/vec4 v0x13186a640_0;
    %parti/s 8, 0, 2;
    %pad/u 10;
    %ix/vec4 3;
    %ix/load 4, 12, 0; part off
    %ix/load 5, 0, 0; Constant delay
    %assign/vec4/a/d v0x131867ca0, 4, 5;
T_6.27 ;
    %load/vec4 v0x131867b80_0;
    %parti/s 1, 13, 5;
    %nor/r;
    %flag_set/vec4 8;
    %jmp/0xz  T_6.29, 8;
    %load/vec4 v0x13186a880_0;
    %parti/s 1, 13, 5;
    %load/vec4 v0x13186a640_0;
    %parti/s 8, 0, 2;
    %pad/u 10;
    %ix/vec4 3;
    %ix/load 4, 13, 0; part off
    %ix/load 5, 0, 0; Constant delay
    %assign/vec4/a/d v0x131867ca0, 4, 5;
T_6.29 ;
    %load/vec4 v0x131867b80_0;
    %parti/s 1, 14, 5;
    %nor/r;
    %flag_set/vec4 8;
    %jmp/0xz  T_6.31, 8;
    %load/vec4 v0x13186a880_0;
    %parti/s 1, 14, 5;
    %load/vec4 v0x13186a640_0;
    %parti/s 8, 0, 2;
    %pad/u 10;
    %ix/vec4 3;
    %ix/load 4, 14, 0; part off
    %ix/load 5, 0, 0; Constant delay
    %assign/vec4/a/d v0x131867ca0, 4, 5;
T_6.31 ;
    %load/vec4 v0x131867b80_0;
    %parti/s 1, 15, 5;
    %nor/r;
    %flag_set/vec4 8;
    %jmp/0xz  T_6.33, 8;
    %load/vec4 v0x13186a880_0;
    %parti/s 1, 15, 5;
    %load/vec4 v0x13186a640_0;
    %parti/s 8, 0, 2;
    %pad/u 10;
    %ix/vec4 3;
    %ix/load 4, 15, 0; part off
    %ix/load 5, 0, 0; Constant delay
    %assign/vec4/a/d v0x131867ca0, 4, 5;
T_6.33 ;
T_6.0 ;
    %jmp T_6;
    .thread T_6;
    .scope S_0x131890620;
T_7 ;
    %wait E_0x1318d5970;
    %load/vec4 v0x13187f3d0_0;
    %flag_set/vec4 9;
    %flag_get/vec4 9;
    %jmp/0 T_7.2, 9;
    %load/vec4 v0x131951390_0;
    %and;
T_7.2;
    %flag_set/vec4 8;
    %jmp/0xz  T_7.0, 8;
    %load/vec4 v0x131952e50_0;
    %parti/s 8, 0, 2;
    %pad/u 10;
    %ix/vec4 4;
    %load/vec4a v0x131867ca0, 4;
    %load/vec4 v0x13186a5b0_0;
    %inv;
    %and;
    %assign/vec4 v0x13187f340_0, 0;
T_7.0 ;
    %jmp T_7;
    .thread T_7;
    .scope S_0x13198fba0;
T_8 ;
    %pushi/vec4 0, 0, 1;
    %store/vec4 v0x1319d1b00_0, 0, 1;
    %end;
    .thread T_8;
    .scope S_0x13198fba0;
T_9 ;
    %wait E_0x131831c40;
    %load/vec4 v0x1319d1a70_0;
    %assign/vec4 v0x1319d1b00_0, 0;
    %jmp T_9;
    .thread T_9;
    .scope S_0x13198d6c0;
T_10 ;
    %pushi/vec4 0, 0, 1;
    %store/vec4 v0x1319d1d40_0, 0, 1;
    %end;
    .thread T_10;
    .scope S_0x13198d6c0;
T_11 ;
    %wait E_0x13186c500;
    %load/vec4 v0x1319d1cb0_0;
    %flag_set/vec4 8;
    %jmp/0xz  T_11.0, 8;
    %load/vec4 v0x1319d1c20_0;
    %assign/vec4 v0x1319d1d40_0, 0;
T_11.0 ;
    %jmp T_11;
    .thread T_11;
    .scope S_0x1319a27c0;
T_12 ;
    %pushi/vec4 0, 0, 1;
    %store/vec4 v0x1319d1f80_0, 0, 1;
    %end;
    .thread T_12;
    .scope S_0x1319a27c0;
T_13 ;
    %wait E_0x13186c640;
    %load/vec4 v0x1319d2010_0;
    %flag_set/vec4 8;
    %jmp/0xz  T_13.0, 8;
    %pushi/vec4 0, 0, 1;
    %assign/vec4 v0x1319d1f80_0, 0;
    %jmp T_13.1;
T_13.0 ;
    %load/vec4 v0x1319d1ef0_0;
    %flag_set/vec4 8;
    %jmp/0xz  T_13.2, 8;
    %load/vec4 v0x1319d1e60_0;
    %assign/vec4 v0x1319d1f80_0, 0;
T_13.2 ;
T_13.1 ;
    %jmp T_13;
    .thread T_13;
    .scope S_0x13198eff0;
T_14 ;
    %pushi/vec4 0, 0, 1;
    %store/vec4 v0x1319d2250_0, 0, 1;
    %end;
    .thread T_14;
    .scope S_0x13198eff0;
T_15 ;
    %wait E_0x13186c920;
    %load/vec4 v0x1319d22e0_0;
    %flag_set/vec4 8;
    %jmp/0xz  T_15.0, 8;
    %pushi/vec4 1, 0, 1;
    %assign/vec4 v0x1319d2250_0, 0;
    %jmp T_15.1;
T_15.0 ;
    %load/vec4 v0x1319d21c0_0;
    %flag_set/vec4 8;
    %jmp/0xz  T_15.2, 8;
    %load/vec4 v0x1319d2130_0;
    %assign/vec4 v0x1319d2250_0, 0;
T_15.2 ;
T_15.1 ;
    %jmp T_15;
    .thread T_15;
    .scope S_0x13199dbe0;
T_16 ;
    %pushi/vec4 0, 0, 1;
    %store/vec4 v0x1319d2520_0, 0, 1;
    %end;
    .thread T_16;
    .scope S_0x13199dbe0;
T_17 ;
    %wait E_0x1318699f0;
    %load/vec4 v0x1319d2490_0;
    %flag_set/vec4 8;
    %jmp/0xz  T_17.0, 8;
    %load/vec4 v0x1319d25b0_0;
    %flag_set/vec4 8;
    %jmp/0xz  T_17.2, 8;
    %pushi/vec4 0, 0, 1;
    %assign/vec4 v0x1319d2520_0, 0;
    %jmp T_17.3;
T_17.2 ;
    %load/vec4 v0x1319d2400_0;
    %assign/vec4 v0x1319d2520_0, 0;
T_17.3 ;
T_17.0 ;
    %jmp T_17;
    .thread T_17;
    .scope S_0x131999660;
T_18 ;
    %pushi/vec4 0, 0, 1;
    %store/vec4 v0x1319d27f0_0, 0, 1;
    %end;
    .thread T_18;
    .scope S_0x131999660;
T_19 ;
    %wait E_0x131869b60;
    %load/vec4 v0x1319d2760_0;
    %flag_set/vec4 8;
    %jmp/0xz  T_19.0, 8;
    %load/vec4 v0x1319d2880_0;
    %flag_set/vec4 8;
    %jmp/0xz  T_19.2, 8;
    %pushi/vec4 1, 0, 1;
    %assign/vec4 v0x1319d27f0_0, 0;
    %jmp T_19.3;
T_19.2 ;
    %load/vec4 v0x1319d26d0_0;
    %assign/vec4 v0x1319d27f0_0, 0;
T_19.3 ;
T_19.0 ;
    %jmp T_19;
    .thread T_19;
    .scope S_0x13198acf0;
T_20 ;
    %pushi/vec4 0, 0, 1;
    %store/vec4 v0x1319d2a30_0, 0, 1;
    %end;
    .thread T_20;
    .scope S_0x13198acf0;
T_21 ;
    %wait E_0x131869e20;
    %load/vec4 v0x1319d29a0_0;
    %assign/vec4 v0x1319d2a30_0, 0;
    %jmp T_21;
    .thread T_21;
    .scope S_0x13198cfd0;
T_22 ;
    %pushi/vec4 0, 0, 1;
    %store/vec4 v0x1319d2c70_0, 0, 1;
    %end;
    .thread T_22;
    .scope S_0x13198cfd0;
T_23 ;
    %wait E_0x13186a090;
    %load/vec4 v0x1319d2be0_0;
    %flag_set/vec4 8;
    %jmp/0xz  T_23.0, 8;
    %load/vec4 v0x1319d2b50_0;
    %assign/vec4 v0x1319d2c70_0, 0;
T_23.0 ;
    %jmp T_23;
    .thread T_23;
    .scope S_0x13198c330;
T_24 ;
    %pushi/vec4 0, 0, 1;
    %store/vec4 v0x1319d2eb0_0, 0, 1;
    %end;
    .thread T_24;
    .scope S_0x13198c330;
T_25 ;
    %wait E_0x13186f380;
    %load/vec4 v0x1319d2f40_0;
    %flag_set/vec4 8;
    %jmp/0xz  T_25.0, 8;
    %pushi/vec4 0, 0, 1;
    %assign/vec4 v0x1319d2eb0_0, 0;
    %jmp T_25.1;
T_25.0 ;
    %load/vec4 v0x1319d2e20_0;
    %flag_set/vec4 8;
    %jmp/0xz  T_25.2, 8;
    %load/vec4 v0x1319d2d90_0;
    %assign/vec4 v0x1319d2eb0_0, 0;
T_25.2 ;
T_25.1 ;
    %jmp T_25;
    .thread T_25;
    .scope S_0x13198b810;
T_26 ;
    %pushi/vec4 0, 0, 1;
    %store/vec4 v0x1319d3180_0, 0, 1;
    %end;
    .thread T_26;
    .scope S_0x13198b810;
T_27 ;
    %wait E_0x13186fd30;
    %load/vec4 v0x1319d3210_0;
    %flag_set/vec4 8;
    %jmp/0xz  T_27.0, 8;
    %pushi/vec4 1, 0, 1;
    %assign/vec4 v0x1319d3180_0, 0;
    %jmp T_27.1;
T_27.0 ;
    %load/vec4 v0x1319d30f0_0;
    %flag_set/vec4 8;
    %jmp/0xz  T_27.2, 8;
    %load/vec4 v0x1319d3060_0;
    %assign/vec4 v0x1319d3180_0, 0;
T_27.2 ;
T_27.1 ;
    %jmp T_27;
    .thread T_27;
    .scope S_0x13196ed20;
T_28 ;
    %pushi/vec4 0, 0, 1;
    %store/vec4 v0x1319d3450_0, 0, 1;
    %end;
    .thread T_28;
    .scope S_0x13196ed20;
T_29 ;
    %wait E_0x13186f230;
    %load/vec4 v0x1319d33c0_0;
    %flag_set/vec4 8;
    %jmp/0xz  T_29.0, 8;
    %load/vec4 v0x1319d34e0_0;
    %flag_set/vec4 8;
    %jmp/0xz  T_29.2, 8;
    %pushi/vec4 0, 0, 1;
    %assign/vec4 v0x1319d3450_0, 0;
    %jmp T_29.3;
T_29.2 ;
    %load/vec4 v0x1319d3330_0;
    %assign/vec4 v0x1319d3450_0, 0;
T_29.3 ;
T_29.0 ;
    %jmp T_29;
    .thread T_29;
    .scope S_0x131968810;
T_30 ;
    %pushi/vec4 0, 0, 1;
    %store/vec4 v0x1319d3720_0, 0, 1;
    %end;
    .thread T_30;
    .scope S_0x131968810;
T_31 ;
    %wait E_0x1318756e0;
    %load/vec4 v0x1319d3690_0;
    %flag_set/vec4 8;
    %jmp/0xz  T_31.0, 8;
    %load/vec4 v0x1319d37b0_0;
    %flag_set/vec4 8;
    %jmp/0xz  T_31.2, 8;
    %pushi/vec4 1, 0, 1;
    %assign/vec4 v0x1319d3720_0, 0;
    %jmp T_31.3;
T_31.2 ;
    %load/vec4 v0x1319d3600_0;
    %assign/vec4 v0x1319d3720_0, 0;
T_31.3 ;
T_31.0 ;
    %jmp T_31;
    .thread T_31;
    .scope S_0x13196b590;
T_32 ;
    %pushi/vec4 0, 0, 1;
    %store/vec4 v0x1319d3960_0, 0, 1;
    %end;
    .thread T_32;
    .scope S_0x13196b590;
T_33 ;
    %wait E_0x1318755e0;
    %load/vec4 v0x1319d39f0_0;
    %flag_set/vec4 8;
    %jmp/0xz  T_33.0, 8;
    %pushi/vec4 0, 0, 1;
    %assign/vec4 v0x1319d3960_0, 0;
    %jmp T_33.1;
T_33.0 ;
    %load/vec4 v0x1319d38d0_0;
    %assign/vec4 v0x1319d3960_0, 0;
T_33.1 ;
    %jmp T_33;
    .thread T_33;
    .scope S_0x1319680d0;
T_34 ;
    %pushi/vec4 0, 0, 1;
    %store/vec4 v0x1319d3ba0_0, 0, 1;
    %end;
    .thread T_34;
    .scope S_0x1319680d0;
T_35 ;
    %wait E_0x131875ea0;
    %load/vec4 v0x1319d3c30_0;
    %flag_set/vec4 8;
    %jmp/0xz  T_35.0, 8;
    %pushi/vec4 1, 0, 1;
    %assign/vec4 v0x1319d3ba0_0, 0;
    %jmp T_35.1;
T_35.0 ;
    %load/vec4 v0x1319d3b10_0;
    %assign/vec4 v0x1319d3ba0_0, 0;
T_35.1 ;
    %jmp T_35;
    .thread T_35;
    .scope S_0x131976170;
T_36 ;
    %pushi/vec4 0, 0, 1;
    %store/vec4 v0x1319d3de0_0, 0, 1;
    %end;
    .thread T_36;
    .scope S_0x131976170;
T_37 ;
    %wait E_0x131875b60;
    %load/vec4 v0x1319d3e70_0;
    %flag_set/vec4 8;
    %jmp/0xz  T_37.0, 8;
    %pushi/vec4 0, 0, 1;
    %assign/vec4 v0x1319d3de0_0, 0;
    %jmp T_37.1;
T_37.0 ;
    %load/vec4 v0x1319d3d50_0;
    %assign/vec4 v0x1319d3de0_0, 0;
T_37.1 ;
    %jmp T_37;
    .thread T_37;
    .scope S_0x1319728d0;
T_38 ;
    %pushi/vec4 0, 0, 1;
    %store/vec4 v0x1319d4020_0, 0, 1;
    %end;
    .thread T_38;
    .scope S_0x1319728d0;
T_39 ;
    %wait E_0x131872340;
    %load/vec4 v0x1319d40b0_0;
    %flag_set/vec4 8;
    %jmp/0xz  T_39.0, 8;
    %pushi/vec4 1, 0, 1;
    %assign/vec4 v0x1319d4020_0, 0;
    %jmp T_39.1;
T_39.0 ;
    %load/vec4 v0x1319d3f90_0;
    %assign/vec4 v0x1319d4020_0, 0;
T_39.1 ;
    %jmp T_39;
    .thread T_39;
    .scope S_0x131958d30;
T_40 ;
    %pushi/vec4 0, 0, 1;
    %store/vec4 v0x1319d4260_0, 0, 1;
    %end;
    .thread T_40;
    .scope S_0x131958d30;
T_41 ;
    %wait E_0x131872650;
    %load/vec4 v0x1319d42f0_0;
    %flag_set/vec4 8;
    %jmp/0xz  T_41.0, 8;
    %pushi/vec4 0, 0, 1;
    %assign/vec4 v0x1319d4260_0, 0;
    %jmp T_41.1;
T_41.0 ;
    %load/vec4 v0x1319d41d0_0;
    %assign/vec4 v0x1319d4260_0, 0;
T_41.1 ;
    %jmp T_41;
    .thread T_41;
    .scope S_0x131958340;
T_42 ;
    %pushi/vec4 0, 0, 1;
    %store/vec4 v0x1319d44a0_0, 0, 1;
    %end;
    .thread T_42;
    .scope S_0x131958340;
T_43 ;
    %wait E_0x131872560;
    %load/vec4 v0x1319d4530_0;
    %flag_set/vec4 8;
    %jmp/0xz  T_43.0, 8;
    %pushi/vec4 1, 0, 1;
    %assign/vec4 v0x1319d44a0_0, 0;
    %jmp T_43.1;
T_43.0 ;
    %load/vec4 v0x1319d4410_0;
    %assign/vec4 v0x1319d44a0_0, 0;
T_43.1 ;
    %jmp T_43;
    .thread T_43;
    .scope S_0x1319576c0;
T_44 ;
    %pushi/vec4 0, 0, 1;
    %store/vec4 v0x1319d46e0_0, 0, 1;
    %end;
    .thread T_44;
    .scope S_0x1319576c0;
T_45 ;
    %wait E_0x131872e00;
    %load/vec4 v0x1319d4770_0;
    %flag_set/vec4 8;
    %jmp/0xz  T_45.0, 8;
    %pushi/vec4 0, 0, 1;
    %assign/vec4 v0x1319d46e0_0, 0;
    %jmp T_45.1;
T_45.0 ;
    %load/vec4 v0x1319d4650_0;
    %assign/vec4 v0x1319d46e0_0, 0;
T_45.1 ;
    %jmp T_45;
    .thread T_45;
    .scope S_0x131956bc0;
T_46 ;
    %pushi/vec4 0, 0, 1;
    %store/vec4 v0x1319d4920_0, 0, 1;
    %end;
    .thread T_46;
    .scope S_0x131956bc0;
T_47 ;
    %wait E_0x131872ac0;
    %load/vec4 v0x1319d49b0_0;
    %flag_set/vec4 8;
    %jmp/0xz  T_47.0, 8;
    %pushi/vec4 1, 0, 1;
    %assign/vec4 v0x1319d4920_0, 0;
    %jmp T_47.1;
T_47.0 ;
    %load/vec4 v0x1319d4890_0;
    %assign/vec4 v0x1319d4920_0, 0;
T_47.1 ;
    %jmp T_47;
    .thread T_47;
    .scope S_0x1319d5030;
T_48 ;
    %wait E_0x131811770;
    %load/vec4 v0x1319d5860_0;
    %assign/vec4 v0x1319d58f0_0, 0;
    %jmp T_48;
    .thread T_48;
    .scope S_0x1319d5030;
T_49 ;
    %wait E_0x131811770;
    %load/vec4 v0x1319d5860_0;
    %flag_set/vec4 8;
    %jmp/0xz  T_49.0, 8;
    %load/vec4 v0x1319d56b0_0;
    %assign/vec4 v0x1319d5c30_0, 0;
T_49.0 ;
    %jmp T_49;
    .thread T_49;
    .scope S_0x1319d5030;
T_50 ;
    %wait E_0x131811540;
    %load/vec4 v0x1319d58f0_0;
    %flag_set/vec4 8;
    %jmp/0xz  T_50.0, 8;
    %load/vec4 v0x1319d56b0_0;
    %assign/vec4 v0x1319d5cc0_0, 0;
T_50.0 ;
    %jmp T_50;
    .thread T_50;
    .scope S_0x1319d5030;
T_51 ;
    %wait E_0x13187e650;
    %load/vec4 v0x1319d5860_0;
    %assign/vec4 v0x1319d5980_0, 0;
    %jmp T_51;
    .thread T_51;
    .scope S_0x1319d5030;
T_52 ;
    %wait E_0x13187e650;
    %load/vec4 v0x1319d5860_0;
    %flag_set/vec4 8;
    %jmp/0xz  T_52.0, 8;
    %load/vec4 v0x1319d5350_0;
    %assign/vec4 v0x1319d5de0_0, 0;
T_52.0 ;
    %jmp T_52;
    .thread T_52;
    .scope S_0x1319d5030;
T_53 ;
    %wait E_0x13187e690;
    %load/vec4 v0x1319d5980_0;
    %flag_set/vec4 8;
    %jmp/0xz  T_53.0, 8;
    %load/vec4 v0x1319d53e0_0;
    %assign/vec4 v0x1319d5e70_0, 0;
T_53.0 ;
    %jmp T_53;
    .thread T_53;
    .scope S_0x1319d5030;
T_54 ;
    %wait E_0x13187e650;
    %load/vec4 v0x1319d5860_0;
    %flag_set/vec4 8;
    %jmp/0xz  T_54.0, 8;
    %load/vec4 v0x1319d5620_0;
    %assign/vec4 v0x1319d6020_0, 0;
T_54.0 ;
    %jmp T_54;
    .thread T_54;
    .scope S_0x1319d4c80;
T_55 ;
    %wait E_0x131807790;
    %load/vec4 v0x1319d5c30_0;
    %store/vec4 v0x1319d5a10_0, 0, 1;
    %load/vec4 v0x1319d5cc0_0;
    %store/vec4 v0x1319d5aa0_0, 0, 1;
    %jmp T_55;
    .thread T_55, $push;
    .scope S_0x1319d4c80;
T_56 ;
    %wait E_0x131807750;
    %load/vec4 v0x1319d5590_0;
    %assign/vec4 v0x1319d5f00_0, 0;
    %jmp T_56;
    .thread T_56, $push;
    .scope S_0x1319d4c80;
T_57 ;
    %wait E_0x1318076a0;
    %load/vec4 v0x1319d5f00_0;
    %assign/vec4 v0x1319d5f90_0, 0;
    %jmp T_57;
    .thread T_57, $push;
    .scope S_0x1319d4c80;
T_58 ;
    %wait E_0x131807660;
    %load/vec4 v0x1319d5f90_0;
    %pushi/vec4 0, 0, 1;
    %xor;
    %flag_set/vec4 8;
    %jmp/1 T_58.2, 8;
    %pushi/vec4 0, 0, 1;
    %flag_set/vec4 9;
    %flag_or 8, 9;
T_58.2;
    %jmp/0 T_58.0, 8;
    %load/vec4 v0x1319d5de0_0;
    %jmp/1 T_58.1, 8;
T_58.0 ; End of true expr.
    %load/vec4 v0x1319d5e70_0;
    %jmp/0 T_58.1, 8;
 ; End of false expr.
    %blend;
T_58.1;
    %store/vec4 v0x1319d5d50_0, 0, 1;
    %jmp T_58;
    .thread T_58, $push;
    .scope S_0x1319d8600;
T_59 ;
    %wait E_0x1318c9620;
    %load/vec4 v0x1319a3580_0;
    %flag_set/vec4 8;
    %jmp/0xz  T_59.0, 8;
    %load/vec4 v0x1319d8b60_0;
    %assign/vec4 v0x1319d8e30_0, 0;
T_59.0 ;
    %jmp T_59;
    .thread T_59;
    .scope S_0x1319d8600;
T_60 ;
    %wait E_0x1318c9930;
    %load/vec4 v0x1319a3580_0;
    %flag_set/vec4 8;
    %jmp/0xz  T_60.0, 8;
    %load/vec4 v0x1319d8b60_0;
    %assign/vec4 v0x1319d8ec0_0, 0;
T_60.0 ;
    %jmp T_60;
    .thread T_60;
    .scope S_0x1319d8600;
T_61 ;
    %wait E_0x1318c9b20;
    %load/vec4 v0x1319a3580_0;
    %flag_set/vec4 8;
    %jmp/0xz  T_61.0, 8;
    %load/vec4 v0x1319d8800_0;
    %assign/vec4 v0x1319d90e0_0, 0;
T_61.0 ;
    %jmp T_61;
    .thread T_61;
    .scope S_0x1319d8600;
T_62 ;
    %wait E_0x1318c9b60;
    %load/vec4 v0x1319a3580_0;
    %flag_set/vec4 8;
    %jmp/0xz  T_62.0, 8;
    %load/vec4 v0x1319d8890_0;
    %assign/vec4 v0x1319d9170_0, 0;
T_62.0 ;
    %jmp T_62;
    .thread T_62;
    .scope S_0x1319d8600;
T_63 ;
    %wait E_0x1318c9b20;
    %load/vec4 v0x1319a3580_0;
    %flag_set/vec4 8;
    %jmp/0xz  T_63.0, 8;
    %load/vec4 v0x1319d8ad0_0;
    %assign/vec4 v0x1319d9320_0, 0;
T_63.0 ;
    %jmp T_63;
    .thread T_63;
    .scope S_0x131952820;
T_64 ;
    %wait E_0x1318c9a60;
    %load/vec4 v0x1319d8e30_0;
    %store/vec4 v0x1319d8d10_0, 0, 1;
    %load/vec4 v0x1319d8ec0_0;
    %store/vec4 v0x1319d8da0_0, 0, 1;
    %jmp T_64;
    .thread T_64, $push;
    .scope S_0x131952820;
T_65 ;
    %wait E_0x1318c9a20;
    %load/vec4 v0x1319d8a40_0;
    %assign/vec4 v0x1319d9200_0, 0;
    %jmp T_65;
    .thread T_65, $push;
    .scope S_0x131952820;
T_66 ;
    %wait E_0x1318c9820;
    %load/vec4 v0x1319d9200_0;
    %assign/vec4 v0x1319d9290_0, 0;
    %jmp T_66;
    .thread T_66, $push;
    .scope S_0x131952820;
T_67 ;
    %wait E_0x1318c9d30;
    %load/vec4 v0x1319d9290_0;
    %pushi/vec4 0, 0, 1;
    %xor;
    %flag_set/vec4 8;
    %jmp/1 T_67.2, 8;
    %pushi/vec4 0, 0, 1;
    %flag_set/vec4 9;
    %flag_or 8, 9;
T_67.2;
    %jmp/0 T_67.0, 8;
    %load/vec4 v0x1319d90e0_0;
    %jmp/1 T_67.1, 8;
T_67.0 ; End of true expr.
    %load/vec4 v0x1319d9170_0;
    %jmp/0 T_67.1, 8;
 ; End of false expr.
    %blend;
T_67.1;
    %store/vec4 v0x1319d8f50_0, 0, 1;
    %jmp T_67;
    .thread T_67, $push;
    .scope S_0x1319d93b0;
T_68 ;
    %wait E_0x13199ec90;
    %load/vec4 v0x1319d9520_0;
    %flag_set/vec4 8;
    %jmp/0xz  T_68.0, 8;
    %load/vec4 v0x1319d9a30_0;
    %assign/vec4 v0x1319d9bf0_0, 0;
T_68.0 ;
    %jmp T_68;
    .thread T_68;
    .scope S_0x1319d93b0;
T_69 ;
    %wait E_0x13199ec50;
    %load/vec4 v0x1319d9520_0;
    %flag_set/vec4 8;
    %jmp/0xz  T_69.0, 8;
    %load/vec4 v0x1319d9a30_0;
    %assign/vec4 v0x1319d9c90_0, 0;
T_69.0 ;
    %jmp T_69;
    .thread T_69;
    .scope S_0x1319d93b0;
T_70 ;
    %wait E_0x13199a310;
    %load/vec4 v0x1319d9520_0;
    %flag_set/vec4 8;
    %jmp/0xz  T_70.0, 8;
    %load/vec4 v0x1319d96d0_0;
    %assign/vec4 v0x1319d9dd0_0, 0;
T_70.0 ;
    %jmp T_70;
    .thread T_70;
    .scope S_0x1319d93b0;
T_71 ;
    %wait E_0x13199a350;
    %load/vec4 v0x1319d9520_0;
    %flag_set/vec4 8;
    %jmp/0xz  T_71.0, 8;
    %load/vec4 v0x1319d9760_0;
    %assign/vec4 v0x1319d9e70_0, 0;
T_71.0 ;
    %jmp T_71;
    .thread T_71;
    .scope S_0x1319d93b0;
T_72 ;
    %wait E_0x13199a310;
    %load/vec4 v0x1319d9520_0;
    %flag_set/vec4 8;
    %jmp/0xz  T_72.0, 8;
    %load/vec4 v0x1319d99a0_0;
    %assign/vec4 v0x1319da120_0, 0;
T_72.0 ;
    %jmp T_72;
    .thread T_72;
    .scope S_0x131951ac0;
T_73 ;
    %wait E_0x13188a5d0;
    %load/vec4 v0x1319d9bf0_0;
    %store/vec4 v0x1319d9ac0_0, 0, 1;
    %load/vec4 v0x1319d9c90_0;
    %store/vec4 v0x1319d9b50_0, 0, 1;
    %jmp T_73;
    .thread T_73, $push;
    .scope S_0x131951ac0;
T_74 ;
    %wait E_0x131988c50;
    %load/vec4 v0x1319d9910_0;
    %assign/vec4 v0x1319da000_0, 0;
    %jmp T_74;
    .thread T_74, $push;
    .scope S_0x131951ac0;
T_75 ;
    %wait E_0x13196c090;
    %load/vec4 v0x1319da000_0;
    %assign/vec4 v0x1319da090_0, 0;
    %jmp T_75;
    .thread T_75, $push;
    .scope S_0x131951ac0;
T_76 ;
    %wait E_0x131985ef0;
    %load/vec4 v0x1319da090_0;
    %pushi/vec4 0, 0, 1;
    %xor;
    %flag_set/vec4 8;
    %jmp/1 T_76.2, 8;
    %pushi/vec4 0, 0, 1;
    %flag_set/vec4 9;
    %flag_or 8, 9;
T_76.2;
    %jmp/0 T_76.0, 8;
    %load/vec4 v0x1319d9dd0_0;
    %jmp/1 T_76.1, 8;
T_76.0 ; End of true expr.
    %load/vec4 v0x1319d9e70_0;
    %jmp/0 T_76.1, 8;
 ; End of false expr.
    %blend;
T_76.1;
    %store/vec4 v0x1319d9d30_0, 0, 1;
    %jmp T_76;
    .thread T_76, $push;
    .scope S_0x1319c0aa0;
T_77 ;
    %wait E_0x1319dc1a0;
    %load/vec4 v0x1319dd180_0;
    %flag_set/vec4 8;
    %jmp/0xz  T_77.0, 8;
    %pushi/vec4 0, 0, 16;
    %assign/vec4 v0x1319e17f0_0, 0;
    %pushi/vec4 0, 0, 16;
    %assign/vec4 v0x1319e1690_0, 0;
    %jmp T_77.1;
T_77.0 ;
    %load/vec4 v0x1319dcb10_0;
    %flag_set/vec4 8;
    %jmp/0xz  T_77.2, 8;
    %load/vec4 v0x1319dcbb0_0;
    %nor/r;
    %flag_set/vec4 8;
    %jmp/0xz  T_77.4, 8;
    %load/vec4 v0x1319dca60_0;
    %assign/vec4 v0x1319e17f0_0, 0;
T_77.4 ;
    %load/vec4 v0x1319dc550_0;
    %nor/r;
    %flag_set/vec4 8;
    %jmp/0xz  T_77.6, 8;
    %load/vec4 v0x1319dc1e0_0;
    %assign/vec4 v0x1319e1690_0, 0;
T_77.6 ;
T_77.2 ;
T_77.1 ;
    %jmp T_77;
    .thread T_77;
    .scope S_0x1319c0aa0;
T_78 ;
    %wait E_0x1319dc140;
    %load/vec4 v0x1319dd0e0_0;
    %flag_set/vec4 8;
    %jmp/0xz  T_78.0, 8;
    %pushi/vec4 0, 0, 16;
    %assign/vec4 v0x1319e1740_0, 0;
    %pushi/vec4 0, 0, 16;
    %assign/vec4 v0x1319e18a0_0, 0;
    %jmp T_78.1;
T_78.0 ;
    %load/vec4 v0x1319dcb10_0;
    %flag_set/vec4 8;
    %jmp/0xz  T_78.2, 8;
    %load/vec4 v0x1319dc860_0;
    %nor/r;
    %flag_set/vec4 8;
    %jmp/0xz  T_78.4, 8;
    %load/vec4 v0x1319dc750_0;
    %assign/vec4 v0x1319e1740_0, 0;
T_78.4 ;
    %load/vec4 v0x1319dcfa0_0;
    %nor/r;
    %flag_set/vec4 8;
    %jmp/0xz  T_78.6, 8;
    %load/vec4 v0x1319dcf10_0;
    %assign/vec4 v0x1319e18a0_0, 0;
T_78.6 ;
T_78.2 ;
T_78.1 ;
    %jmp T_78;
    .thread T_78;
    .scope S_0x1319c0aa0;
T_79 ;
    %wait E_0x1319dc1a0;
    %load/vec4 v0x1319dd180_0;
    %flag_set/vec4 8;
    %jmp/0xz  T_79.0, 8;
    %pushi/vec4 0, 0, 16;
    %assign/vec4 v0x1319e1950_0, 0;
    %pushi/vec4 0, 0, 16;
    %assign/vec4 v0x1319e1b60_0, 0;
    %jmp T_79.1;
T_79.0 ;
    %load/vec4 v0x1319dcb10_0;
    %flag_set/vec4 8;
    %jmp/0xz  T_79.2, 8;
    %load/vec4 v0x1319e13d0_0;
    %assign/vec4 v0x1319e1950_0, 0;
    %load/vec4 v0x1319e1530_0;
    %assign/vec4 v0x1319e1b60_0, 0;
T_79.2 ;
T_79.1 ;
    %jmp T_79;
    .thread T_79;
    .scope S_0x1319c0aa0;
T_80 ;
    %wait E_0x1319dc140;
    %load/vec4 v0x1319dd0e0_0;
    %flag_set/vec4 8;
    %jmp/0xz  T_80.0, 8;
    %pushi/vec4 0, 0, 16;
    %assign/vec4 v0x1319e1c10_0, 0;
    %pushi/vec4 0, 0, 16;
    %assign/vec4 v0x1319e1a00_0, 0;
    %jmp T_80.1;
T_80.0 ;
    %load/vec4 v0x1319dcb10_0;
    %flag_set/vec4 8;
    %jmp/0xz  T_80.2, 8;
    %load/vec4 v0x1319e1480_0;
    %assign/vec4 v0x1319e1c10_0, 0;
    %load/vec4 v0x1319e15e0_0;
    %assign/vec4 v0x1319e1a00_0, 0;
T_80.2 ;
T_80.1 ;
    %jmp T_80;
    .thread T_80;
    .scope S_0x1319c0aa0;
T_81 ;
    %wait E_0x1319dc140;
    %load/vec4 v0x1319dd0e0_0;
    %flag_set/vec4 8;
    %jmp/0xz  T_81.0, 8;
    %pushi/vec4 0, 0, 32;
    %assign/vec4 v0x1319e1ab0_0, 0;
    %jmp T_81.1;
T_81.0 ;
    %load/vec4 v0x1319dcb10_0;
    %flag_set/vec4 8;
    %jmp/0xz  T_81.2, 8;
    %load/vec4 v0x1319e0da0_0;
    %assign/vec4 v0x1319e1ab0_0, 0;
T_81.2 ;
T_81.1 ;
    %jmp T_81;
    .thread T_81;
    .scope S_0x1319c0aa0;
T_82 ;
    %wait E_0x1319dc0f0;
    %load/vec4 v0x1319dd730_0;
    %flag_set/vec4 8;
    %jmp/0xz  T_82.0, 8;
    %pushi/vec4 0, 0, 16;
    %assign/vec4 v0x1319e1cc0_0, 0;
    %jmp T_82.1;
T_82.0 ;
    %load/vec4 v0x1319dcb10_0;
    %flag_set/vec4 8;
    %jmp/0xz  T_82.2, 8;
    %load/vec4 v0x1319dd4b0_0;
    %nor/r;
    %flag_set/vec4 8;
    %jmp/0xz  T_82.4, 8;
    %load/vec4 v0x1319e0e50_0;
    %assign/vec4 v0x1319e1cc0_0, 0;
T_82.4 ;
T_82.2 ;
T_82.1 ;
    %jmp T_82;
    .thread T_82;
    .scope S_0x1319c0aa0;
T_83 ;
    %wait E_0x1319db810;
    %load/vec4 v0x1319dd690_0;
    %flag_set/vec4 8;
    %jmp/0xz  T_83.0, 8;
    %pushi/vec4 0, 0, 16;
    %assign/vec4 v0x1319e1d70_0, 0;
    %jmp T_83.1;
T_83.0 ;
    %load/vec4 v0x1319dcb10_0;
    %flag_set/vec4 8;
    %jmp/0xz  T_83.2, 8;
    %load/vec4 v0x1319dd410_0;
    %nor/r;
    %flag_set/vec4 8;
    %jmp/0xz  T_83.4, 8;
    %load/vec4 v0x1319e0fb0_0;
    %assign/vec4 v0x1319e1d70_0, 0;
T_83.4 ;
T_83.2 ;
T_83.1 ;
    %jmp T_83;
    .thread T_83;
    .scope S_0x1319e5020;
T_84 ;
    %pushi/vec4 0, 0, 32;
    %store/vec4 v0x1319e7aa0_0, 0, 32;
T_84.0 ; Top of for-loop
    %load/vec4 v0x1319e7aa0_0;
    %cmpi/s 16, 0, 32;
	  %jmp/0xz T_84.1, 5;
    %pushi/vec4 0, 0, 256;
    %load/vec4 v0x1319e7aa0_0;
    %muli 16, 0, 32;
    %part/s 16;
    %pushi/vec4 0, 0, 32;
    %load/vec4 v0x1319e7aa0_0;
    %add;
    %ix/vec4/s 4;
    %store/vec4a v0x1319e7b50, 4, 0;
    %pushi/vec4 0, 0, 256;
    %load/vec4 v0x1319e7aa0_0;
    %muli 16, 0, 32;
    %part/s 16;
    %pushi/vec4 16, 0, 32;
    %load/vec4 v0x1319e7aa0_0;
    %add;
    %ix/vec4/s 4;
    %store/vec4a v0x1319e7b50, 4, 0;
    %pushi/vec4 0, 0, 256;
    %load/vec4 v0x1319e7aa0_0;
    %muli 16, 0, 32;
    %part/s 16;
    %pushi/vec4 32, 0, 32;
    %load/vec4 v0x1319e7aa0_0;
    %add;
    %ix/vec4/s 4;
    %store/vec4a v0x1319e7b50, 4, 0;
    %pushi/vec4 0, 0, 256;
    %load/vec4 v0x1319e7aa0_0;
    %muli 16, 0, 32;
    %part/s 16;
    %pushi/vec4 48, 0, 32;
    %load/vec4 v0x1319e7aa0_0;
    %add;
    %ix/vec4/s 4;
    %store/vec4a v0x1319e7b50, 4, 0;
    %pushi/vec4 0, 0, 256;
    %load/vec4 v0x1319e7aa0_0;
    %muli 16, 0, 32;
    %part/s 16;
    %pushi/vec4 64, 0, 32;
    %load/vec4 v0x1319e7aa0_0;
    %add;
    %ix/vec4/s 4;
    %store/vec4a v0x1319e7b50, 4, 0;
    %pushi/vec4 0, 0, 256;
    %load/vec4 v0x1319e7aa0_0;
    %muli 16, 0, 32;
    %part/s 16;
    %pushi/vec4 80, 0, 32;
    %load/vec4 v0x1319e7aa0_0;
    %add;
    %ix/vec4/s 4;
    %store/vec4a v0x1319e7b50, 4, 0;
    %pushi/vec4 0, 0, 256;
    %load/vec4 v0x1319e7aa0_0;
    %muli 16, 0, 32;
    %part/s 16;
    %pushi/vec4 96, 0, 32;
    %load/vec4 v0x1319e7aa0_0;
    %add;
    %ix/vec4/s 4;
    %store/vec4a v0x1319e7b50, 4, 0;
    %pushi/vec4 0, 0, 256;
    %load/vec4 v0x1319e7aa0_0;
    %muli 16, 0, 32;
    %part/s 16;
    %pushi/vec4 112, 0, 32;
    %load/vec4 v0x1319e7aa0_0;
    %add;
    %ix/vec4/s 4;
    %store/vec4a v0x1319e7b50, 4, 0;
    %pushi/vec4 0, 0, 256;
    %load/vec4 v0x1319e7aa0_0;
    %muli 16, 0, 32;
    %part/s 16;
    %pushi/vec4 128, 0, 32;
    %load/vec4 v0x1319e7aa0_0;
    %add;
    %ix/vec4/s 4;
    %store/vec4a v0x1319e7b50, 4, 0;
    %pushi/vec4 0, 0, 256;
    %load/vec4 v0x1319e7aa0_0;
    %muli 16, 0, 32;
    %part/s 16;
    %pushi/vec4 144, 0, 32;
    %load/vec4 v0x1319e7aa0_0;
    %add;
    %ix/vec4/s 4;
    %store/vec4a v0x1319e7b50, 4, 0;
    %pushi/vec4 0, 0, 256;
    %load/vec4 v0x1319e7aa0_0;
    %muli 16, 0, 32;
    %part/s 16;
    %pushi/vec4 160, 0, 32;
    %load/vec4 v0x1319e7aa0_0;
    %add;
    %ix/vec4/s 4;
    %store/vec4a v0x1319e7b50, 4, 0;
    %pushi/vec4 0, 0, 256;
    %load/vec4 v0x1319e7aa0_0;
    %muli 16, 0, 32;
    %part/s 16;
    %pushi/vec4 176, 0, 32;
    %load/vec4 v0x1319e7aa0_0;
    %add;
    %ix/vec4/s 4;
    %store/vec4a v0x1319e7b50, 4, 0;
    %pushi/vec4 0, 0, 256;
    %load/vec4 v0x1319e7aa0_0;
    %muli 16, 0, 32;
    %part/s 16;
    %pushi/vec4 192, 0, 32;
    %load/vec4 v0x1319e7aa0_0;
    %add;
    %ix/vec4/s 4;
    %store/vec4a v0x1319e7b50, 4, 0;
    %pushi/vec4 0, 0, 256;
    %load/vec4 v0x1319e7aa0_0;
    %muli 16, 0, 32;
    %part/s 16;
    %pushi/vec4 208, 0, 32;
    %load/vec4 v0x1319e7aa0_0;
    %add;
    %ix/vec4/s 4;
    %store/vec4a v0x1319e7b50, 4, 0;
    %pushi/vec4 0, 0, 256;
    %load/vec4 v0x1319e7aa0_0;
    %muli 16, 0, 32;
    %part/s 16;
    %pushi/vec4 224, 0, 32;
    %load/vec4 v0x1319e7aa0_0;
    %add;
    %ix/vec4/s 4;
    %store/vec4a v0x1319e7b50, 4, 0;
    %pushi/vec4 0, 0, 256;
    %load/vec4 v0x1319e7aa0_0;
    %muli 16, 0, 32;
    %part/s 16;
    %pushi/vec4 240, 0, 32;
    %load/vec4 v0x1319e7aa0_0;
    %add;
    %ix/vec4/s 4;
    %store/vec4a v0x1319e7b50, 4, 0;
T_84.2 ; for-loop step statement
    %load/vec4 v0x1319e7aa0_0;
    %addi 1, 0, 32;
    %store/vec4 v0x1319e7aa0_0, 0, 32;
    %jmp T_84.0;
T_84.1 ; for-loop exit label
    %end;
    .thread T_84;
    .scope S_0x1319e5020;
T_85 ;
    %wait E_0x1319e6900;
    %load/vec4 v0x1319e7950_0;
    %flag_set/vec4 9;
    %flag_get/vec4 9;
    %jmp/0 T_85.2, 9;
    %load/vec4 v0x1319e7750_0;
    %and;
T_85.2;
    %flag_set/vec4 8;
    %jmp/0xz  T_85.0, 8;
    %load/vec4 v0x1319e79f0_0;
    %parti/s 1, 0, 2;
    %nor/r;
    %flag_set/vec4 8;
    %jmp/0xz  T_85.3, 8;
    %load/vec4 v0x1319e78a0_0;
    %parti/s 1, 0, 2;
    %load/vec4 v0x1319e75a0_0;
    %parti/s 8, 0, 2;
    %pad/u 10;
    %ix/vec4 3;
    %ix/load 4, 0, 0; Constant delay
    %assign/vec4/a/d v0x1319e7b50, 0, 4;
T_85.3 ;
    %load/vec4 v0x1319e79f0_0;
    %parti/s 1, 1, 2;
    %nor/r;
    %flag_set/vec4 8;
    %jmp/0xz  T_85.5, 8;
    %load/vec4 v0x1319e78a0_0;
    %parti/s 1, 1, 2;
    %load/vec4 v0x1319e75a0_0;
    %parti/s 8, 0, 2;
    %pad/u 10;
    %ix/vec4 3;
    %ix/load 4, 1, 0; part off
    %ix/load 5, 0, 0; Constant delay
    %assign/vec4/a/d v0x1319e7b50, 4, 5;
T_85.5 ;
    %load/vec4 v0x1319e79f0_0;
    %parti/s 1, 2, 3;
    %nor/r;
    %flag_set/vec4 8;
    %jmp/0xz  T_85.7, 8;
    %load/vec4 v0x1319e78a0_0;
    %parti/s 1, 2, 3;
    %load/vec4 v0x1319e75a0_0;
    %parti/s 8, 0, 2;
    %pad/u 10;
    %ix/vec4 3;
    %ix/load 4, 2, 0; part off
    %ix/load 5, 0, 0; Constant delay
    %assign/vec4/a/d v0x1319e7b50, 4, 5;
T_85.7 ;
    %load/vec4 v0x1319e79f0_0;
    %parti/s 1, 3, 3;
    %nor/r;
    %flag_set/vec4 8;
    %jmp/0xz  T_85.9, 8;
    %load/vec4 v0x1319e78a0_0;
    %parti/s 1, 3, 3;
    %load/vec4 v0x1319e75a0_0;
    %parti/s 8, 0, 2;
    %pad/u 10;
    %ix/vec4 3;
    %ix/load 4, 3, 0; part off
    %ix/load 5, 0, 0; Constant delay
    %assign/vec4/a/d v0x1319e7b50, 4, 5;
T_85.9 ;
    %load/vec4 v0x1319e79f0_0;
    %parti/s 1, 4, 4;
    %nor/r;
    %flag_set/vec4 8;
    %jmp/0xz  T_85.11, 8;
    %load/vec4 v0x1319e78a0_0;
    %parti/s 1, 4, 4;
    %load/vec4 v0x1319e75a0_0;
    %parti/s 8, 0, 2;
    %pad/u 10;
    %ix/vec4 3;
    %ix/load 4, 4, 0; part off
    %ix/load 5, 0, 0; Constant delay
    %assign/vec4/a/d v0x1319e7b50, 4, 5;
T_85.11 ;
    %load/vec4 v0x1319e79f0_0;
    %parti/s 1, 5, 4;
    %nor/r;
    %flag_set/vec4 8;
    %jmp/0xz  T_85.13, 8;
    %load/vec4 v0x1319e78a0_0;
    %parti/s 1, 5, 4;
    %load/vec4 v0x1319e75a0_0;
    %parti/s 8, 0, 2;
    %pad/u 10;
    %ix/vec4 3;
    %ix/load 4, 5, 0; part off
    %ix/load 5, 0, 0; Constant delay
    %assign/vec4/a/d v0x1319e7b50, 4, 5;
T_85.13 ;
    %load/vec4 v0x1319e79f0_0;
    %parti/s 1, 6, 4;
    %nor/r;
    %flag_set/vec4 8;
    %jmp/0xz  T_85.15, 8;
    %load/vec4 v0x1319e78a0_0;
    %parti/s 1, 6, 4;
    %load/vec4 v0x1319e75a0_0;
    %parti/s 8, 0, 2;
    %pad/u 10;
    %ix/vec4 3;
    %ix/load 4, 6, 0; part off
    %ix/load 5, 0, 0; Constant delay
    %assign/vec4/a/d v0x1319e7b50, 4, 5;
T_85.15 ;
    %load/vec4 v0x1319e79f0_0;
    %parti/s 1, 7, 4;
    %nor/r;
    %flag_set/vec4 8;
    %jmp/0xz  T_85.17, 8;
    %load/vec4 v0x1319e78a0_0;
    %parti/s 1, 7, 4;
    %load/vec4 v0x1319e75a0_0;
    %parti/s 8, 0, 2;
    %pad/u 10;
    %ix/vec4 3;
    %ix/load 4, 7, 0; part off
    %ix/load 5, 0, 0; Constant delay
    %assign/vec4/a/d v0x1319e7b50, 4, 5;
T_85.17 ;
    %load/vec4 v0x1319e79f0_0;
    %parti/s 1, 8, 5;
    %nor/r;
    %flag_set/vec4 8;
    %jmp/0xz  T_85.19, 8;
    %load/vec4 v0x1319e78a0_0;
    %parti/s 1, 8, 5;
    %load/vec4 v0x1319e75a0_0;
    %parti/s 8, 0, 2;
    %pad/u 10;
    %ix/vec4 3;
    %ix/load 4, 8, 0; part off
    %ix/load 5, 0, 0; Constant delay
    %assign/vec4/a/d v0x1319e7b50, 4, 5;
T_85.19 ;
    %load/vec4 v0x1319e79f0_0;
    %parti/s 1, 9, 5;
    %nor/r;
    %flag_set/vec4 8;
    %jmp/0xz  T_85.21, 8;
    %load/vec4 v0x1319e78a0_0;
    %parti/s 1, 9, 5;
    %load/vec4 v0x1319e75a0_0;
    %parti/s 8, 0, 2;
    %pad/u 10;
    %ix/vec4 3;
    %ix/load 4, 9, 0; part off
    %ix/load 5, 0, 0; Constant delay
    %assign/vec4/a/d v0x1319e7b50, 4, 5;
T_85.21 ;
    %load/vec4 v0x1319e79f0_0;
    %parti/s 1, 10, 5;
    %nor/r;
    %flag_set/vec4 8;
    %jmp/0xz  T_85.23, 8;
    %load/vec4 v0x1319e78a0_0;
    %parti/s 1, 10, 5;
    %load/vec4 v0x1319e75a0_0;
    %parti/s 8, 0, 2;
    %pad/u 10;
    %ix/vec4 3;
    %ix/load 4, 10, 0; part off
    %ix/load 5, 0, 0; Constant delay
    %assign/vec4/a/d v0x1319e7b50, 4, 5;
T_85.23 ;
    %load/vec4 v0x1319e79f0_0;
    %parti/s 1, 11, 5;
    %nor/r;
    %flag_set/vec4 8;
    %jmp/0xz  T_85.25, 8;
    %load/vec4 v0x1319e78a0_0;
    %parti/s 1, 11, 5;
    %load/vec4 v0x1319e75a0_0;
    %parti/s 8, 0, 2;
    %pad/u 10;
    %ix/vec4 3;
    %ix/load 4, 11, 0; part off
    %ix/load 5, 0, 0; Constant delay
    %assign/vec4/a/d v0x1319e7b50, 4, 5;
T_85.25 ;
    %load/vec4 v0x1319e79f0_0;
    %parti/s 1, 12, 5;
    %nor/r;
    %flag_set/vec4 8;
    %jmp/0xz  T_85.27, 8;
    %load/vec4 v0x1319e78a0_0;
    %parti/s 1, 12, 5;
    %load/vec4 v0x1319e75a0_0;
    %parti/s 8, 0, 2;
    %pad/u 10;
    %ix/vec4 3;
    %ix/load 4, 12, 0; part off
    %ix/load 5, 0, 0; Constant delay
    %assign/vec4/a/d v0x1319e7b50, 4, 5;
T_85.27 ;
    %load/vec4 v0x1319e79f0_0;
    %parti/s 1, 13, 5;
    %nor/r;
    %flag_set/vec4 8;
    %jmp/0xz  T_85.29, 8;
    %load/vec4 v0x1319e78a0_0;
    %parti/s 1, 13, 5;
    %load/vec4 v0x1319e75a0_0;
    %parti/s 8, 0, 2;
    %pad/u 10;
    %ix/vec4 3;
    %ix/load 4, 13, 0; part off
    %ix/load 5, 0, 0; Constant delay
    %assign/vec4/a/d v0x1319e7b50, 4, 5;
T_85.29 ;
    %load/vec4 v0x1319e79f0_0;
    %parti/s 1, 14, 5;
    %nor/r;
    %flag_set/vec4 8;
    %jmp/0xz  T_85.31, 8;
    %load/vec4 v0x1319e78a0_0;
    %parti/s 1, 14, 5;
    %load/vec4 v0x1319e75a0_0;
    %parti/s 8, 0, 2;
    %pad/u 10;
    %ix/vec4 3;
    %ix/load 4, 14, 0; part off
    %ix/load 5, 0, 0; Constant delay
    %assign/vec4/a/d v0x1319e7b50, 4, 5;
T_85.31 ;
    %load/vec4 v0x1319e79f0_0;
    %parti/s 1, 15, 5;
    %nor/r;
    %flag_set/vec4 8;
    %jmp/0xz  T_85.33, 8;
    %load/vec4 v0x1319e78a0_0;
    %parti/s 1, 15, 5;
    %load/vec4 v0x1319e75a0_0;
    %parti/s 8, 0, 2;
    %pad/u 10;
    %ix/vec4 3;
    %ix/load 4, 15, 0; part off
    %ix/load 5, 0, 0; Constant delay
    %assign/vec4/a/d v0x1319e7b50, 4, 5;
T_85.33 ;
T_85.0 ;
    %jmp T_85;
    .thread T_85;
    .scope S_0x1319e5020;
T_86 ;
    %wait E_0x1319e68a0;
    %load/vec4 v0x1319e7450_0;
    %flag_set/vec4 9;
    %flag_get/vec4 9;
    %jmp/0 T_86.2, 9;
    %load/vec4 v0x1319e7210_0;
    %and;
T_86.2;
    %flag_set/vec4 8;
    %jmp/0xz  T_86.0, 8;
    %load/vec4 v0x1319e70b0_0;
    %parti/s 8, 0, 2;
    %pad/u 10;
    %ix/vec4 4;
    %load/vec4a v0x1319e7b50, 4;
    %load/vec4 v0x1319e74f0_0;
    %inv;
    %and;
    %assign/vec4 v0x1319e73a0_0, 0;
T_86.0 ;
    %jmp T_86;
    .thread T_86;
    .scope S_0x1319e85a0;
T_87 ;
    %pushi/vec4 0, 0, 32;
    %store/vec4 v0x1319eb060_0, 0, 32;
T_87.0 ; Top of for-loop
    %load/vec4 v0x1319eb060_0;
    %cmpi/s 16, 0, 32;
	  %jmp/0xz T_87.1, 5;
    %pushi/vec4 0, 0, 256;
    %load/vec4 v0x1319eb060_0;
    %muli 16, 0, 32;
    %part/s 16;
    %pushi/vec4 0, 0, 32;
    %load/vec4 v0x1319eb060_0;
    %add;
    %ix/vec4/s 4;
    %store/vec4a v0x1319eb110, 4, 0;
    %pushi/vec4 0, 0, 256;
    %load/vec4 v0x1319eb060_0;
    %muli 16, 0, 32;
    %part/s 16;
    %pushi/vec4 16, 0, 32;
    %load/vec4 v0x1319eb060_0;
    %add;
    %ix/vec4/s 4;
    %store/vec4a v0x1319eb110, 4, 0;
    %pushi/vec4 0, 0, 256;
    %load/vec4 v0x1319eb060_0;
    %muli 16, 0, 32;
    %part/s 16;
    %pushi/vec4 32, 0, 32;
    %load/vec4 v0x1319eb060_0;
    %add;
    %ix/vec4/s 4;
    %store/vec4a v0x1319eb110, 4, 0;
    %pushi/vec4 0, 0, 256;
    %load/vec4 v0x1319eb060_0;
    %muli 16, 0, 32;
    %part/s 16;
    %pushi/vec4 48, 0, 32;
    %load/vec4 v0x1319eb060_0;
    %add;
    %ix/vec4/s 4;
    %store/vec4a v0x1319eb110, 4, 0;
    %pushi/vec4 0, 0, 256;
    %load/vec4 v0x1319eb060_0;
    %muli 16, 0, 32;
    %part/s 16;
    %pushi/vec4 64, 0, 32;
    %load/vec4 v0x1319eb060_0;
    %add;
    %ix/vec4/s 4;
    %store/vec4a v0x1319eb110, 4, 0;
    %pushi/vec4 0, 0, 256;
    %load/vec4 v0x1319eb060_0;
    %muli 16, 0, 32;
    %part/s 16;
    %pushi/vec4 80, 0, 32;
    %load/vec4 v0x1319eb060_0;
    %add;
    %ix/vec4/s 4;
    %store/vec4a v0x1319eb110, 4, 0;
    %pushi/vec4 0, 0, 256;
    %load/vec4 v0x1319eb060_0;
    %muli 16, 0, 32;
    %part/s 16;
    %pushi/vec4 96, 0, 32;
    %load/vec4 v0x1319eb060_0;
    %add;
    %ix/vec4/s 4;
    %store/vec4a v0x1319eb110, 4, 0;
    %pushi/vec4 0, 0, 256;
    %load/vec4 v0x1319eb060_0;
    %muli 16, 0, 32;
    %part/s 16;
    %pushi/vec4 112, 0, 32;
    %load/vec4 v0x1319eb060_0;
    %add;
    %ix/vec4/s 4;
    %store/vec4a v0x1319eb110, 4, 0;
    %pushi/vec4 0, 0, 256;
    %load/vec4 v0x1319eb060_0;
    %muli 16, 0, 32;
    %part/s 16;
    %pushi/vec4 128, 0, 32;
    %load/vec4 v0x1319eb060_0;
    %add;
    %ix/vec4/s 4;
    %store/vec4a v0x1319eb110, 4, 0;
    %pushi/vec4 0, 0, 256;
    %load/vec4 v0x1319eb060_0;
    %muli 16, 0, 32;
    %part/s 16;
    %pushi/vec4 144, 0, 32;
    %load/vec4 v0x1319eb060_0;
    %add;
    %ix/vec4/s 4;
    %store/vec4a v0x1319eb110, 4, 0;
    %pushi/vec4 0, 0, 256;
    %load/vec4 v0x1319eb060_0;
    %muli 16, 0, 32;
    %part/s 16;
    %pushi/vec4 160, 0, 32;
    %load/vec4 v0x1319eb060_0;
    %add;
    %ix/vec4/s 4;
    %store/vec4a v0x1319eb110, 4, 0;
    %pushi/vec4 0, 0, 256;
    %load/vec4 v0x1319eb060_0;
    %muli 16, 0, 32;
    %part/s 16;
    %pushi/vec4 176, 0, 32;
    %load/vec4 v0x1319eb060_0;
    %add;
    %ix/vec4/s 4;
    %store/vec4a v0x1319eb110, 4, 0;
    %pushi/vec4 0, 0, 256;
    %load/vec4 v0x1319eb060_0;
    %muli 16, 0, 32;
    %part/s 16;
    %pushi/vec4 192, 0, 32;
    %load/vec4 v0x1319eb060_0;
    %add;
    %ix/vec4/s 4;
    %store/vec4a v0x1319eb110, 4, 0;
    %pushi/vec4 0, 0, 256;
    %load/vec4 v0x1319eb060_0;
    %muli 16, 0, 32;
    %part/s 16;
    %pushi/vec4 208, 0, 32;
    %load/vec4 v0x1319eb060_0;
    %add;
    %ix/vec4/s 4;
    %store/vec4a v0x1319eb110, 4, 0;
    %pushi/vec4 0, 0, 256;
    %load/vec4 v0x1319eb060_0;
    %muli 16, 0, 32;
    %part/s 16;
    %pushi/vec4 224, 0, 32;
    %load/vec4 v0x1319eb060_0;
    %add;
    %ix/vec4/s 4;
    %store/vec4a v0x1319eb110, 4, 0;
    %pushi/vec4 0, 0, 256;
    %load/vec4 v0x1319eb060_0;
    %muli 16, 0, 32;
    %part/s 16;
    %pushi/vec4 240, 0, 32;
    %load/vec4 v0x1319eb060_0;
    %add;
    %ix/vec4/s 4;
    %store/vec4a v0x1319eb110, 4, 0;
T_87.2 ; for-loop step statement
    %load/vec4 v0x1319eb060_0;
    %addi 1, 0, 32;
    %store/vec4 v0x1319eb060_0, 0, 32;
    %jmp T_87.0;
T_87.1 ; for-loop exit label
    %end;
    .thread T_87;
    .scope S_0x1319e85a0;
T_88 ;
    %wait E_0x1319e9ec0;
    %load/vec4 v0x1319eaf10_0;
    %flag_set/vec4 9;
    %flag_get/vec4 9;
    %jmp/0 T_88.2, 9;
    %load/vec4 v0x1319ead10_0;
    %and;
T_88.2;
    %flag_set/vec4 8;
    %jmp/0xz  T_88.0, 8;
    %load/vec4 v0x1319eafb0_0;
    %parti/s 1, 0, 2;
    %nor/r;
    %flag_set/vec4 8;
    %jmp/0xz  T_88.3, 8;
    %load/vec4 v0x1319eae60_0;
    %parti/s 1, 0, 2;
    %load/vec4 v0x1319eab60_0;
    %parti/s 8, 0, 2;
    %pad/u 10;
    %ix/vec4 3;
    %ix/load 4, 0, 0; Constant delay
    %assign/vec4/a/d v0x1319eb110, 0, 4;
T_88.3 ;
    %load/vec4 v0x1319eafb0_0;
    %parti/s 1, 1, 2;
    %nor/r;
    %flag_set/vec4 8;
    %jmp/0xz  T_88.5, 8;
    %load/vec4 v0x1319eae60_0;
    %parti/s 1, 1, 2;
    %load/vec4 v0x1319eab60_0;
    %parti/s 8, 0, 2;
    %pad/u 10;
    %ix/vec4 3;
    %ix/load 4, 1, 0; part off
    %ix/load 5, 0, 0; Constant delay
    %assign/vec4/a/d v0x1319eb110, 4, 5;
T_88.5 ;
    %load/vec4 v0x1319eafb0_0;
    %parti/s 1, 2, 3;
    %nor/r;
    %flag_set/vec4 8;
    %jmp/0xz  T_88.7, 8;
    %load/vec4 v0x1319eae60_0;
    %parti/s 1, 2, 3;
    %load/vec4 v0x1319eab60_0;
    %parti/s 8, 0, 2;
    %pad/u 10;
    %ix/vec4 3;
    %ix/load 4, 2, 0; part off
    %ix/load 5, 0, 0; Constant delay
    %assign/vec4/a/d v0x1319eb110, 4, 5;
T_88.7 ;
    %load/vec4 v0x1319eafb0_0;
    %parti/s 1, 3, 3;
    %nor/r;
    %flag_set/vec4 8;
    %jmp/0xz  T_88.9, 8;
    %load/vec4 v0x1319eae60_0;
    %parti/s 1, 3, 3;
    %load/vec4 v0x1319eab60_0;
    %parti/s 8, 0, 2;
    %pad/u 10;
    %ix/vec4 3;
    %ix/load 4, 3, 0; part off
    %ix/load 5, 0, 0; Constant delay
    %assign/vec4/a/d v0x1319eb110, 4, 5;
T_88.9 ;
    %load/vec4 v0x1319eafb0_0;
    %parti/s 1, 4, 4;
    %nor/r;
    %flag_set/vec4 8;
    %jmp/0xz  T_88.11, 8;
    %load/vec4 v0x1319eae60_0;
    %parti/s 1, 4, 4;
    %load/vec4 v0x1319eab60_0;
    %parti/s 8, 0, 2;
    %pad/u 10;
    %ix/vec4 3;
    %ix/load 4, 4, 0; part off
    %ix/load 5, 0, 0; Constant delay
    %assign/vec4/a/d v0x1319eb110, 4, 5;
T_88.11 ;
    %load/vec4 v0x1319eafb0_0;
    %parti/s 1, 5, 4;
    %nor/r;
    %flag_set/vec4 8;
    %jmp/0xz  T_88.13, 8;
    %load/vec4 v0x1319eae60_0;
    %parti/s 1, 5, 4;
    %load/vec4 v0x1319eab60_0;
    %parti/s 8, 0, 2;
    %pad/u 10;
    %ix/vec4 3;
    %ix/load 4, 5, 0; part off
    %ix/load 5, 0, 0; Constant delay
    %assign/vec4/a/d v0x1319eb110, 4, 5;
T_88.13 ;
    %load/vec4 v0x1319eafb0_0;
    %parti/s 1, 6, 4;
    %nor/r;
    %flag_set/vec4 8;
    %jmp/0xz  T_88.15, 8;
    %load/vec4 v0x1319eae60_0;
    %parti/s 1, 6, 4;
    %load/vec4 v0x1319eab60_0;
    %parti/s 8, 0, 2;
    %pad/u 10;
    %ix/vec4 3;
    %ix/load 4, 6, 0; part off
    %ix/load 5, 0, 0; Constant delay
    %assign/vec4/a/d v0x1319eb110, 4, 5;
T_88.15 ;
    %load/vec4 v0x1319eafb0_0;
    %parti/s 1, 7, 4;
    %nor/r;
    %flag_set/vec4 8;
    %jmp/0xz  T_88.17, 8;
    %load/vec4 v0x1319eae60_0;
    %parti/s 1, 7, 4;
    %load/vec4 v0x1319eab60_0;
    %parti/s 8, 0, 2;
    %pad/u 10;
    %ix/vec4 3;
    %ix/load 4, 7, 0; part off
    %ix/load 5, 0, 0; Constant delay
    %assign/vec4/a/d v0x1319eb110, 4, 5;
T_88.17 ;
    %load/vec4 v0x1319eafb0_0;
    %parti/s 1, 8, 5;
    %nor/r;
    %flag_set/vec4 8;
    %jmp/0xz  T_88.19, 8;
    %load/vec4 v0x1319eae60_0;
    %parti/s 1, 8, 5;
    %load/vec4 v0x1319eab60_0;
    %parti/s 8, 0, 2;
    %pad/u 10;
    %ix/vec4 3;
    %ix/load 4, 8, 0; part off
    %ix/load 5, 0, 0; Constant delay
    %assign/vec4/a/d v0x1319eb110, 4, 5;
T_88.19 ;
    %load/vec4 v0x1319eafb0_0;
    %parti/s 1, 9, 5;
    %nor/r;
    %flag_set/vec4 8;
    %jmp/0xz  T_88.21, 8;
    %load/vec4 v0x1319eae60_0;
    %parti/s 1, 9, 5;
    %load/vec4 v0x1319eab60_0;
    %parti/s 8, 0, 2;
    %pad/u 10;
    %ix/vec4 3;
    %ix/load 4, 9, 0; part off
    %ix/load 5, 0, 0; Constant delay
    %assign/vec4/a/d v0x1319eb110, 4, 5;
T_88.21 ;
    %load/vec4 v0x1319eafb0_0;
    %parti/s 1, 10, 5;
    %nor/r;
    %flag_set/vec4 8;
    %jmp/0xz  T_88.23, 8;
    %load/vec4 v0x1319eae60_0;
    %parti/s 1, 10, 5;
    %load/vec4 v0x1319eab60_0;
    %parti/s 8, 0, 2;
    %pad/u 10;
    %ix/vec4 3;
    %ix/load 4, 10, 0; part off
    %ix/load 5, 0, 0; Constant delay
    %assign/vec4/a/d v0x1319eb110, 4, 5;
T_88.23 ;
    %load/vec4 v0x1319eafb0_0;
    %parti/s 1, 11, 5;
    %nor/r;
    %flag_set/vec4 8;
    %jmp/0xz  T_88.25, 8;
    %load/vec4 v0x1319eae60_0;
    %parti/s 1, 11, 5;
    %load/vec4 v0x1319eab60_0;
    %parti/s 8, 0, 2;
    %pad/u 10;
    %ix/vec4 3;
    %ix/load 4, 11, 0; part off
    %ix/load 5, 0, 0; Constant delay
    %assign/vec4/a/d v0x1319eb110, 4, 5;
T_88.25 ;
    %load/vec4 v0x1319eafb0_0;
    %parti/s 1, 12, 5;
    %nor/r;
    %flag_set/vec4 8;
    %jmp/0xz  T_88.27, 8;
    %load/vec4 v0x1319eae60_0;
    %parti/s 1, 12, 5;
    %load/vec4 v0x1319eab60_0;
    %parti/s 8, 0, 2;
    %pad/u 10;
    %ix/vec4 3;
    %ix/load 4, 12, 0; part off
    %ix/load 5, 0, 0; Constant delay
    %assign/vec4/a/d v0x1319eb110, 4, 5;
T_88.27 ;
    %load/vec4 v0x1319eafb0_0;
    %parti/s 1, 13, 5;
    %nor/r;
    %flag_set/vec4 8;
    %jmp/0xz  T_88.29, 8;
    %load/vec4 v0x1319eae60_0;
    %parti/s 1, 13, 5;
    %load/vec4 v0x1319eab60_0;
    %parti/s 8, 0, 2;
    %pad/u 10;
    %ix/vec4 3;
    %ix/load 4, 13, 0; part off
    %ix/load 5, 0, 0; Constant delay
    %assign/vec4/a/d v0x1319eb110, 4, 5;
T_88.29 ;
    %load/vec4 v0x1319eafb0_0;
    %parti/s 1, 14, 5;
    %nor/r;
    %flag_set/vec4 8;
    %jmp/0xz  T_88.31, 8;
    %load/vec4 v0x1319eae60_0;
    %parti/s 1, 14, 5;
    %load/vec4 v0x1319eab60_0;
    %parti/s 8, 0, 2;
    %pad/u 10;
    %ix/vec4 3;
    %ix/load 4, 14, 0; part off
    %ix/load 5, 0, 0; Constant delay
    %assign/vec4/a/d v0x1319eb110, 4, 5;
T_88.31 ;
    %load/vec4 v0x1319eafb0_0;
    %parti/s 1, 15, 5;
    %nor/r;
    %flag_set/vec4 8;
    %jmp/0xz  T_88.33, 8;
    %load/vec4 v0x1319eae60_0;
    %parti/s 1, 15, 5;
    %load/vec4 v0x1319eab60_0;
    %parti/s 8, 0, 2;
    %pad/u 10;
    %ix/vec4 3;
    %ix/load 4, 15, 0; part off
    %ix/load 5, 0, 0; Constant delay
    %assign/vec4/a/d v0x1319eb110, 4, 5;
T_88.33 ;
T_88.0 ;
    %jmp T_88;
    .thread T_88;
    .scope S_0x1319e85a0;
T_89 ;
    %wait E_0x1319e9e60;
    %load/vec4 v0x1319eaa10_0;
    %flag_set/vec4 9;
    %flag_get/vec4 9;
    %jmp/0 T_89.2, 9;
    %load/vec4 v0x1319ea7d0_0;
    %and;
T_89.2;
    %flag_set/vec4 8;
    %jmp/0xz  T_89.0, 8;
    %load/vec4 v0x1319ea670_0;
    %parti/s 8, 0, 2;
    %pad/u 10;
    %ix/vec4 4;
    %load/vec4a v0x1319eb110, 4;
    %load/vec4 v0x1319eaab0_0;
    %inv;
    %and;
    %assign/vec4 v0x1319ea960_0, 0;
T_89.0 ;
    %jmp T_89;
    .thread T_89;
    .scope S_0x1319ebb60;
T_90 ;
    %pushi/vec4 0, 0, 32;
    %store/vec4 v0x1319ee620_0, 0, 32;
T_90.0 ; Top of for-loop
    %load/vec4 v0x1319ee620_0;
    %cmpi/s 16, 0, 32;
	  %jmp/0xz T_90.1, 5;
    %pushi/vec4 0, 0, 256;
    %load/vec4 v0x1319ee620_0;
    %muli 16, 0, 32;
    %part/s 16;
    %pushi/vec4 0, 0, 32;
    %load/vec4 v0x1319ee620_0;
    %add;
    %ix/vec4/s 4;
    %store/vec4a v0x1319ee6d0, 4, 0;
    %pushi/vec4 0, 0, 256;
    %load/vec4 v0x1319ee620_0;
    %muli 16, 0, 32;
    %part/s 16;
    %pushi/vec4 16, 0, 32;
    %load/vec4 v0x1319ee620_0;
    %add;
    %ix/vec4/s 4;
    %store/vec4a v0x1319ee6d0, 4, 0;
    %pushi/vec4 0, 0, 256;
    %load/vec4 v0x1319ee620_0;
    %muli 16, 0, 32;
    %part/s 16;
    %pushi/vec4 32, 0, 32;
    %load/vec4 v0x1319ee620_0;
    %add;
    %ix/vec4/s 4;
    %store/vec4a v0x1319ee6d0, 4, 0;
    %pushi/vec4 0, 0, 256;
    %load/vec4 v0x1319ee620_0;
    %muli 16, 0, 32;
    %part/s 16;
    %pushi/vec4 48, 0, 32;
    %load/vec4 v0x1319ee620_0;
    %add;
    %ix/vec4/s 4;
    %store/vec4a v0x1319ee6d0, 4, 0;
    %pushi/vec4 0, 0, 256;
    %load/vec4 v0x1319ee620_0;
    %muli 16, 0, 32;
    %part/s 16;
    %pushi/vec4 64, 0, 32;
    %load/vec4 v0x1319ee620_0;
    %add;
    %ix/vec4/s 4;
    %store/vec4a v0x1319ee6d0, 4, 0;
    %pushi/vec4 0, 0, 256;
    %load/vec4 v0x1319ee620_0;
    %muli 16, 0, 32;
    %part/s 16;
    %pushi/vec4 80, 0, 32;
    %load/vec4 v0x1319ee620_0;
    %add;
    %ix/vec4/s 4;
    %store/vec4a v0x1319ee6d0, 4, 0;
    %pushi/vec4 0, 0, 256;
    %load/vec4 v0x1319ee620_0;
    %muli 16, 0, 32;
    %part/s 16;
    %pushi/vec4 96, 0, 32;
    %load/vec4 v0x1319ee620_0;
    %add;
    %ix/vec4/s 4;
    %store/vec4a v0x1319ee6d0, 4, 0;
    %pushi/vec4 0, 0, 256;
    %load/vec4 v0x1319ee620_0;
    %muli 16, 0, 32;
    %part/s 16;
    %pushi/vec4 112, 0, 32;
    %load/vec4 v0x1319ee620_0;
    %add;
    %ix/vec4/s 4;
    %store/vec4a v0x1319ee6d0, 4, 0;
    %pushi/vec4 0, 0, 256;
    %load/vec4 v0x1319ee620_0;
    %muli 16, 0, 32;
    %part/s 16;
    %pushi/vec4 128, 0, 32;
    %load/vec4 v0x1319ee620_0;
    %add;
    %ix/vec4/s 4;
    %store/vec4a v0x1319ee6d0, 4, 0;
    %pushi/vec4 0, 0, 256;
    %load/vec4 v0x1319ee620_0;
    %muli 16, 0, 32;
    %part/s 16;
    %pushi/vec4 144, 0, 32;
    %load/vec4 v0x1319ee620_0;
    %add;
    %ix/vec4/s 4;
    %store/vec4a v0x1319ee6d0, 4, 0;
    %pushi/vec4 0, 0, 256;
    %load/vec4 v0x1319ee620_0;
    %muli 16, 0, 32;
    %part/s 16;
    %pushi/vec4 160, 0, 32;
    %load/vec4 v0x1319ee620_0;
    %add;
    %ix/vec4/s 4;
    %store/vec4a v0x1319ee6d0, 4, 0;
    %pushi/vec4 0, 0, 256;
    %load/vec4 v0x1319ee620_0;
    %muli 16, 0, 32;
    %part/s 16;
    %pushi/vec4 176, 0, 32;
    %load/vec4 v0x1319ee620_0;
    %add;
    %ix/vec4/s 4;
    %store/vec4a v0x1319ee6d0, 4, 0;
    %pushi/vec4 0, 0, 256;
    %load/vec4 v0x1319ee620_0;
    %muli 16, 0, 32;
    %part/s 16;
    %pushi/vec4 192, 0, 32;
    %load/vec4 v0x1319ee620_0;
    %add;
    %ix/vec4/s 4;
    %store/vec4a v0x1319ee6d0, 4, 0;
    %pushi/vec4 0, 0, 256;
    %load/vec4 v0x1319ee620_0;
    %muli 16, 0, 32;
    %part/s 16;
    %pushi/vec4 208, 0, 32;
    %load/vec4 v0x1319ee620_0;
    %add;
    %ix/vec4/s 4;
    %store/vec4a v0x1319ee6d0, 4, 0;
    %pushi/vec4 0, 0, 256;
    %load/vec4 v0x1319ee620_0;
    %muli 16, 0, 32;
    %part/s 16;
    %pushi/vec4 224, 0, 32;
    %load/vec4 v0x1319ee620_0;
    %add;
    %ix/vec4/s 4;
    %store/vec4a v0x1319ee6d0, 4, 0;
    %pushi/vec4 0, 0, 256;
    %load/vec4 v0x1319ee620_0;
    %muli 16, 0, 32;
    %part/s 16;
    %pushi/vec4 240, 0, 32;
    %load/vec4 v0x1319ee620_0;
    %add;
    %ix/vec4/s 4;
    %store/vec4a v0x1319ee6d0, 4, 0;
T_90.2 ; for-loop step statement
    %load/vec4 v0x1319ee620_0;
    %addi 1, 0, 32;
    %store/vec4 v0x1319ee620_0, 0, 32;
    %jmp T_90.0;
T_90.1 ; for-loop exit label
    %end;
    .thread T_90;
    .scope S_0x1319ebb60;
T_91 ;
    %wait E_0x1319ed480;
    %load/vec4 v0x1319ee4d0_0;
    %flag_set/vec4 9;
    %flag_get/vec4 9;
    %jmp/0 T_91.2, 9;
    %load/vec4 v0x1319ee2d0_0;
    %and;
T_91.2;
    %flag_set/vec4 8;
    %jmp/0xz  T_91.0, 8;
    %load/vec4 v0x1319ee570_0;
    %parti/s 1, 0, 2;
    %nor/r;
    %flag_set/vec4 8;
    %jmp/0xz  T_91.3, 8;
    %load/vec4 v0x1319ee420_0;
    %parti/s 1, 0, 2;
    %load/vec4 v0x1319ee120_0;
    %parti/s 8, 0, 2;
    %pad/u 10;
    %ix/vec4 3;
    %ix/load 4, 0, 0; Constant delay
    %assign/vec4/a/d v0x1319ee6d0, 0, 4;
T_91.3 ;
    %load/vec4 v0x1319ee570_0;
    %parti/s 1, 1, 2;
    %nor/r;
    %flag_set/vec4 8;
    %jmp/0xz  T_91.5, 8;
    %load/vec4 v0x1319ee420_0;
    %parti/s 1, 1, 2;
    %load/vec4 v0x1319ee120_0;
    %parti/s 8, 0, 2;
    %pad/u 10;
    %ix/vec4 3;
    %ix/load 4, 1, 0; part off
    %ix/load 5, 0, 0; Constant delay
    %assign/vec4/a/d v0x1319ee6d0, 4, 5;
T_91.5 ;
    %load/vec4 v0x1319ee570_0;
    %parti/s 1, 2, 3;
    %nor/r;
    %flag_set/vec4 8;
    %jmp/0xz  T_91.7, 8;
    %load/vec4 v0x1319ee420_0;
    %parti/s 1, 2, 3;
    %load/vec4 v0x1319ee120_0;
    %parti/s 8, 0, 2;
    %pad/u 10;
    %ix/vec4 3;
    %ix/load 4, 2, 0; part off
    %ix/load 5, 0, 0; Constant delay
    %assign/vec4/a/d v0x1319ee6d0, 4, 5;
T_91.7 ;
    %load/vec4 v0x1319ee570_0;
    %parti/s 1, 3, 3;
    %nor/r;
    %flag_set/vec4 8;
    %jmp/0xz  T_91.9, 8;
    %load/vec4 v0x1319ee420_0;
    %parti/s 1, 3, 3;
    %load/vec4 v0x1319ee120_0;
    %parti/s 8, 0, 2;
    %pad/u 10;
    %ix/vec4 3;
    %ix/load 4, 3, 0; part off
    %ix/load 5, 0, 0; Constant delay
    %assign/vec4/a/d v0x1319ee6d0, 4, 5;
T_91.9 ;
    %load/vec4 v0x1319ee570_0;
    %parti/s 1, 4, 4;
    %nor/r;
    %flag_set/vec4 8;
    %jmp/0xz  T_91.11, 8;
    %load/vec4 v0x1319ee420_0;
    %parti/s 1, 4, 4;
    %load/vec4 v0x1319ee120_0;
    %parti/s 8, 0, 2;
    %pad/u 10;
    %ix/vec4 3;
    %ix/load 4, 4, 0; part off
    %ix/load 5, 0, 0; Constant delay
    %assign/vec4/a/d v0x1319ee6d0, 4, 5;
T_91.11 ;
    %load/vec4 v0x1319ee570_0;
    %parti/s 1, 5, 4;
    %nor/r;
    %flag_set/vec4 8;
    %jmp/0xz  T_91.13, 8;
    %load/vec4 v0x1319ee420_0;
    %parti/s 1, 5, 4;
    %load/vec4 v0x1319ee120_0;
    %parti/s 8, 0, 2;
    %pad/u 10;
    %ix/vec4 3;
    %ix/load 4, 5, 0; part off
    %ix/load 5, 0, 0; Constant delay
    %assign/vec4/a/d v0x1319ee6d0, 4, 5;
T_91.13 ;
    %load/vec4 v0x1319ee570_0;
    %parti/s 1, 6, 4;
    %nor/r;
    %flag_set/vec4 8;
    %jmp/0xz  T_91.15, 8;
    %load/vec4 v0x1319ee420_0;
    %parti/s 1, 6, 4;
    %load/vec4 v0x1319ee120_0;
    %parti/s 8, 0, 2;
    %pad/u 10;
    %ix/vec4 3;
    %ix/load 4, 6, 0; part off
    %ix/load 5, 0, 0; Constant delay
    %assign/vec4/a/d v0x1319ee6d0, 4, 5;
T_91.15 ;
    %load/vec4 v0x1319ee570_0;
    %parti/s 1, 7, 4;
    %nor/r;
    %flag_set/vec4 8;
    %jmp/0xz  T_91.17, 8;
    %load/vec4 v0x1319ee420_0;
    %parti/s 1, 7, 4;
    %load/vec4 v0x1319ee120_0;
    %parti/s 8, 0, 2;
    %pad/u 10;
    %ix/vec4 3;
    %ix/load 4, 7, 0; part off
    %ix/load 5, 0, 0; Constant delay
    %assign/vec4/a/d v0x1319ee6d0, 4, 5;
T_91.17 ;
    %load/vec4 v0x1319ee570_0;
    %parti/s 1, 8, 5;
    %nor/r;
    %flag_set/vec4 8;
    %jmp/0xz  T_91.19, 8;
    %load/vec4 v0x1319ee420_0;
    %parti/s 1, 8, 5;
    %load/vec4 v0x1319ee120_0;
    %parti/s 8, 0, 2;
    %pad/u 10;
    %ix/vec4 3;
    %ix/load 4, 8, 0; part off
    %ix/load 5, 0, 0; Constant delay
    %assign/vec4/a/d v0x1319ee6d0, 4, 5;
T_91.19 ;
    %load/vec4 v0x1319ee570_0;
    %parti/s 1, 9, 5;
    %nor/r;
    %flag_set/vec4 8;
    %jmp/0xz  T_91.21, 8;
    %load/vec4 v0x1319ee420_0;
    %parti/s 1, 9, 5;
    %load/vec4 v0x1319ee120_0;
    %parti/s 8, 0, 2;
    %pad/u 10;
    %ix/vec4 3;
    %ix/load 4, 9, 0; part off
    %ix/load 5, 0, 0; Constant delay
    %assign/vec4/a/d v0x1319ee6d0, 4, 5;
T_91.21 ;
    %load/vec4 v0x1319ee570_0;
    %parti/s 1, 10, 5;
    %nor/r;
    %flag_set/vec4 8;
    %jmp/0xz  T_91.23, 8;
    %load/vec4 v0x1319ee420_0;
    %parti/s 1, 10, 5;
    %load/vec4 v0x1319ee120_0;
    %parti/s 8, 0, 2;
    %pad/u 10;
    %ix/vec4 3;
    %ix/load 4, 10, 0; part off
    %ix/load 5, 0, 0; Constant delay
    %assign/vec4/a/d v0x1319ee6d0, 4, 5;
T_91.23 ;
    %load/vec4 v0x1319ee570_0;
    %parti/s 1, 11, 5;
    %nor/r;
    %flag_set/vec4 8;
    %jmp/0xz  T_91.25, 8;
    %load/vec4 v0x1319ee420_0;
    %parti/s 1, 11, 5;
    %load/vec4 v0x1319ee120_0;
    %parti/s 8, 0, 2;
    %pad/u 10;
    %ix/vec4 3;
    %ix/load 4, 11, 0; part off
    %ix/load 5, 0, 0; Constant delay
    %assign/vec4/a/d v0x1319ee6d0, 4, 5;
T_91.25 ;
    %load/vec4 v0x1319ee570_0;
    %parti/s 1, 12, 5;
    %nor/r;
    %flag_set/vec4 8;
    %jmp/0xz  T_91.27, 8;
    %load/vec4 v0x1319ee420_0;
    %parti/s 1, 12, 5;
    %load/vec4 v0x1319ee120_0;
    %parti/s 8, 0, 2;
    %pad/u 10;
    %ix/vec4 3;
    %ix/load 4, 12, 0; part off
    %ix/load 5, 0, 0; Constant delay
    %assign/vec4/a/d v0x1319ee6d0, 4, 5;
T_91.27 ;
    %load/vec4 v0x1319ee570_0;
    %parti/s 1, 13, 5;
    %nor/r;
    %flag_set/vec4 8;
    %jmp/0xz  T_91.29, 8;
    %load/vec4 v0x1319ee420_0;
    %parti/s 1, 13, 5;
    %load/vec4 v0x1319ee120_0;
    %parti/s 8, 0, 2;
    %pad/u 10;
    %ix/vec4 3;
    %ix/load 4, 13, 0; part off
    %ix/load 5, 0, 0; Constant delay
    %assign/vec4/a/d v0x1319ee6d0, 4, 5;
T_91.29 ;
    %load/vec4 v0x1319ee570_0;
    %parti/s 1, 14, 5;
    %nor/r;
    %flag_set/vec4 8;
    %jmp/0xz  T_91.31, 8;
    %load/vec4 v0x1319ee420_0;
    %parti/s 1, 14, 5;
    %load/vec4 v0x1319ee120_0;
    %parti/s 8, 0, 2;
    %pad/u 10;
    %ix/vec4 3;
    %ix/load 4, 14, 0; part off
    %ix/load 5, 0, 0; Constant delay
    %assign/vec4/a/d v0x1319ee6d0, 4, 5;
T_91.31 ;
    %load/vec4 v0x1319ee570_0;
    %parti/s 1, 15, 5;
    %nor/r;
    %flag_set/vec4 8;
    %jmp/0xz  T_91.33, 8;
    %load/vec4 v0x1319ee420_0;
    %parti/s 1, 15, 5;
    %load/vec4 v0x1319ee120_0;
    %parti/s 8, 0, 2;
    %pad/u 10;
    %ix/vec4 3;
    %ix/load 4, 15, 0; part off
    %ix/load 5, 0, 0; Constant delay
    %assign/vec4/a/d v0x1319ee6d0, 4, 5;
T_91.33 ;
T_91.0 ;
    %jmp T_91;
    .thread T_91;
    .scope S_0x1319ebb60;
T_92 ;
    %wait E_0x1319ed420;
    %load/vec4 v0x1319edfd0_0;
    %flag_set/vec4 9;
    %flag_get/vec4 9;
    %jmp/0 T_92.2, 9;
    %load/vec4 v0x1319edd90_0;
    %and;
T_92.2;
    %flag_set/vec4 8;
    %jmp/0xz  T_92.0, 8;
    %load/vec4 v0x1319edc30_0;
    %parti/s 8, 0, 2;
    %pad/u 10;
    %ix/vec4 4;
    %load/vec4a v0x1319ee6d0, 4;
    %load/vec4 v0x1319ee070_0;
    %inv;
    %and;
    %assign/vec4 v0x1319edf20_0, 0;
T_92.0 ;
    %jmp T_92;
    .thread T_92;
    .scope S_0x131899650;
T_93 ;
    %wait E_0x1318a2320;
    %pushi/vec4 0, 0, 32;
    %store/vec4 v0x1319f27d0_0, 0, 32;
T_93.0 ; Top of for-loop
    %load/vec4 v0x1319f27d0_0;
    %cmpi/s 16383, 0, 32;
    %flag_or 5, 4;
	  %jmp/0xz T_93.1, 5;
    %pushi/vec4 65535, 65535, 16;
    %ix/getv/s 4, v0x1319f27d0_0;
    %store/vec4a v0x1319f2880, 4, 0;
T_93.2 ; for-loop step statement
    %load/vec4 v0x1319f27d0_0;
    %addi 1, 0, 32;
    %store/vec4 v0x1319f27d0_0, 0, 32;
    %jmp T_93.0;
T_93.1 ; for-loop exit label
    %jmp T_93;
    .thread T_93;
    .scope S_0x131899650;
T_94 ;
    %wait E_0x1318a22c0;
    %load/vec4 v0x1319f2920_0;
    %flag_set/vec4 8;
    %jmp/0xz  T_94.0, 8;
    %pushi/vec4 0, 0, 16;
    %assign/vec4 v0x1319f22f0_0, 0;
    %jmp T_94.1;
T_94.0 ;
    %load/vec4 v0x1319f2590_0;
    %flag_set/vec4 8;
    %jmp/0xz  T_94.2, 8;
    %pushi/vec4 65535, 65535, 16;
    %assign/vec4 v0x1319f22f0_0, 0;
    %jmp T_94.3;
T_94.2 ;
    %load/vec4 v0x1319f2140_0;
    %flag_set/vec4 8;
    %jmp/0xz  T_94.4, 8;
    %load/vec4 v0x1319f26a0_0;
    %nor/r;
    %flag_set/vec4 8;
    %jmp/0xz  T_94.6, 8;
    %load/vec4 v0x1318a2370_0;
    %pad/u 16;
    %ix/vec4 4;
    %load/vec4a v0x1319f2880, 4;
    %assign/vec4 v0x1319f22f0_0, 0;
    %jmp T_94.7;
T_94.6 ;
    %load/vec4 v0x1319f23a0_0;
    %parti/s 1, 0, 2;
    %flag_set/vec4 8;
    %jmp/0xz  T_94.8, 8;
    %load/vec4 v0x1319f2260_0;
    %parti/s 4, 0, 2;
    %load/vec4 v0x1318a2370_0;
    %pad/u 16;
    %ix/vec4 3;
    %ix/load 4, 0, 0; Constant delay
    %assign/vec4/a/d v0x1319f2880, 0, 4;
T_94.8 ;
    %load/vec4 v0x1319f23a0_0;
    %parti/s 1, 1, 2;
    %flag_set/vec4 8;
    %jmp/0xz  T_94.10, 8;
    %load/vec4 v0x1319f2260_0;
    %parti/s 4, 4, 4;
    %load/vec4 v0x1318a2370_0;
    %pad/u 16;
    %ix/vec4 3;
    %ix/load 4, 4, 0; part off
    %ix/load 5, 0, 0; Constant delay
    %assign/vec4/a/d v0x1319f2880, 4, 5;
T_94.10 ;
    %load/vec4 v0x1319f23a0_0;
    %parti/s 1, 2, 3;
    %flag_set/vec4 8;
    %jmp/0xz  T_94.12, 8;
    %load/vec4 v0x1319f2260_0;
    %parti/s 4, 8, 5;
    %load/vec4 v0x1318a2370_0;
    %pad/u 16;
    %ix/vec4 3;
    %ix/load 4, 8, 0; part off
    %ix/load 5, 0, 0; Constant delay
    %assign/vec4/a/d v0x1319f2880, 4, 5;
T_94.12 ;
    %load/vec4 v0x1319f23a0_0;
    %parti/s 1, 3, 3;
    %flag_set/vec4 8;
    %jmp/0xz  T_94.14, 8;
    %load/vec4 v0x1319f2260_0;
    %parti/s 4, 12, 5;
    %load/vec4 v0x1318a2370_0;
    %pad/u 16;
    %ix/vec4 3;
    %ix/load 4, 12, 0; part off
    %ix/load 5, 0, 0; Constant delay
    %assign/vec4/a/d v0x1319f2880, 4, 5;
T_94.14 ;
    %pushi/vec4 65535, 65535, 16;
    %assign/vec4 v0x1319f22f0_0, 0;
T_94.7 ;
T_94.4 ;
T_94.3 ;
T_94.1 ;
    %jmp T_94;
    .thread T_94;
    .scope S_0x1318904b0;
T_95 ;
    %vpi_call/w 6 15 "$dumpvars", 32'sb00000000000000000000000000000000, S_0x1318904b0 {0 0 0};
    %pushi/vec4 0, 0, 4;
    %store/vec4 v0x1319f36a0_0, 0, 4;
    %delay 5000, 0;
    %pushi/vec4 1, 0, 4;
    %store/vec4 v0x1319f36a0_0, 0, 4;
    %delay 5000, 0;
    %pushi/vec4 2, 0, 4;
    %store/vec4 v0x1319f36a0_0, 0, 4;
    %delay 5000, 0;
    %pushi/vec4 3, 0, 4;
    %store/vec4 v0x1319f36a0_0, 0, 4;
    %delay 5000, 0;
    %pushi/vec4 4, 0, 4;
    %store/vec4 v0x1319f36a0_0, 0, 4;
    %delay 5000, 0;
    %pushi/vec4 5, 0, 4;
    %store/vec4 v0x1319f36a0_0, 0, 4;
    %delay 5000, 0;
    %pushi/vec4 6, 0, 4;
    %store/vec4 v0x1319f36a0_0, 0, 4;
    %delay 5000, 0;
    %pushi/vec4 7, 0, 4;
    %store/vec4 v0x1319f36a0_0, 0, 4;
    %delay 5000, 0;
    %pushi/vec4 8, 0, 4;
    %store/vec4 v0x1319f36a0_0, 0, 4;
    %delay 5000, 0;
    %pushi/vec4 9, 0, 4;
    %store/vec4 v0x1319f36a0_0, 0, 4;
    %delay 5000, 0;
    %pushi/vec4 10, 0, 4;
    %store/vec4 v0x1319f36a0_0, 0, 4;
    %delay 5000, 0;
    %pushi/vec4 11, 0, 4;
    %store/vec4 v0x1319f36a0_0, 0, 4;
    %delay 5000, 0;
    %pushi/vec4 12, 0, 4;
    %store/vec4 v0x1319f36a0_0, 0, 4;
    %delay 5000, 0;
    %pushi/vec4 13, 0, 4;
    %store/vec4 v0x1319f36a0_0, 0, 4;
    %delay 5000, 0;
    %pushi/vec4 14, 0, 4;
    %store/vec4 v0x1319f36a0_0, 0, 4;
    %delay 5000, 0;
    %pushi/vec4 15, 0, 4;
    %store/vec4 v0x1319f36a0_0, 0, 4;
    %delay 5000, 0;
    %end;
    .thread T_95;
# The file index is used to find the file name in the following table.
:file_names 7;
    "N/A";
    "<interactive>";
    "-";
    "/Users/katrinalin/.apio/packages/oss-cad-suite/share/yosys/ice40/cells_sim.v";
    "Lab2.v";
    "MuseumSecurity.v";
    "lab2_tb.v";
